name,seed_disagreement,prob_variance,label_disagreement,ensemble_label_disagreement,road_fraction,pred_road_fraction
generated_image_0000.png,0.35061097145080566,0.03569823503494263,0.5644530653953552,0.536831259727478,0.1377410888671875,0.3011372983455658
generated_image_0001.png,0.20920157432556152,0.014162939041852951,0.22863349318504333,0.19287502765655518,0.205047607421875,0.19390869140625
generated_image_0002.png,0.09898750483989716,0.006072754506021738,0.1528945416212082,0.14426499605178833,0.194122314453125,0.1996205747127533
generated_image_0003.png,0.11037822812795639,0.00759391114115715,0.1510048359632492,0.14584851264953613,0.177459716796875,0.18212890625
generated_image_0004.png,0.09074656665325165,0.0051706042140722275,0.1272679567337036,0.11708539724349976,0.1837005615234375,0.2072855681180954
generated_image_0005.png,0.1465076059103012,0.012137237936258316,0.20591966807842255,0.18405133485794067,0.287689208984375,0.287872314453125
generated_image_0006.png,0.1267264187335968,0.008531531319022179,0.1958116739988327,0.17775458097457886,0.2320556640625,0.2178599089384079
generated_image_0007.png,0.20265287160873413,0.020650304853916168,0.4092637002468109,0.3880404233932495,0.175811767578125,0.3170674741268158
generated_image_0008.png,0.14516833424568176,0.007232325151562691,0.2205752581357956,0.1881934404373169,0.1402435302734375,0.1604410856962204
generated_image_0009.png,0.5204315781593323,0.013215554878115654,0.9223000407218933,0.9772124886512756,0.005340576171875,0.0659993514418602
generated_image_0010.png,0.14562100172042847,0.006986396387219429,0.1366976946592331,0.09627997875213623,0.1452484130859375,0.1569671630859375
generated_image_0011.png,0.2012472152709961,0.012658613733947277,0.2673918604850769,0.23981505632400513,0.22088623046875,0.1637369841337204
generated_image_0012.png,0.17114871740341187,0.00968460738658905,0.28502434492111206,0.27365946769714355,0.2553253173828125,0.1844940185546875
generated_image_0013.png,0.31657230854034424,0.02228027768433094,0.31725364923477173,0.29041701555252075,0.1394500732421875,0.1833241879940033
generated_image_0014.png,0.2641538977622986,0.00817185826599598,0.2547709047794342,0.18438857793807983,0.0882720947265625,0.0976765975356102
generated_image_0015.png,0.07044194638729095,0.0046849437057971954,0.148979052901268,0.14435642957687378,0.2313690185546875,0.2214406430721283
generated_image_0016.png,0.23251216113567352,0.012491889297962189,0.2827117145061493,0.2598620057106018,0.2175445556640625,0.192138671875
generated_image_0017.png,0.0658918023109436,0.004772084765136242,0.07345527410507202,0.061482787132263184,0.257415771484375,0.2622579038143158
generated_image_0018.png,0.19226133823394775,0.013694226741790771,0.24766407907009125,0.2493099570274353,0.283721923828125,0.2529398798942566
generated_image_0019.png,0.24583326280117035,0.015106412582099438,0.32215753197669983,0.31512898206710815,0.2305908203125,0.1959788054227829
generated_image_0020.png,0.07951470464468002,0.005437066778540611,0.1263362467288971,0.12268954515457153,0.19989013671875,0.218536376953125
generated_image_0021.png,0.1514388769865036,0.010214880108833313,0.18107068538665771,0.15853726863861084,0.28802490234375,0.2358347624540329
generated_image_0022.png,0.0618123821914196,0.004270720295608044,0.1043631061911583,0.0953143835067749,0.2659149169921875,0.2663320004940033
generated_image_0023.png,0.1125144362449646,0.005939434748142958,0.21640239655971527,0.21962124109268188,0.177154541015625,0.1604054868221283
generated_image_0024.png,0.4149188995361328,0.021743319928646088,0.5821400880813599,0.5705128312110901,0.117706298828125,0.1657308042049408
generated_image_0025.png,0.12044040858745575,0.008154122158885002,0.19334346055984497,0.17335444688796997,0.1938323974609375,0.2155354917049408
generated_image_0026.png,0.15856139361858368,0.011481048539280891,0.23186790943145752,0.22187888622283936,0.215484619140625,0.2081095427274704
generated_image_0027.png,0.14304032921791077,0.0029759379103779793,0.18181733787059784,0.13294368982315063,0.06500244140625,0.0559590682387352
generated_image_0028.png,0.590177059173584,0.025307008996605873,0.9697949290275574,0.9749250411987305,0.009765625,0.1300862729549408
generated_image_0029.png,0.14079752564430237,0.010047079995274544,0.2033829689025879,0.1983407735824585,0.228485107421875,0.1955464780330658
generated_image_0030.png,0.09571822732686996,0.005814339965581894,0.13092094659805298,0.11584007740020752,0.21728515625,0.2063649594783783
generated_image_0031.png,0.2864939570426941,0.014674859121441841,0.7459583282470703,0.7275302410125732,0.0850982666015625,0.1880594938993454
generated_image_0032.png,0.10000304877758026,0.0084755290299654,0.16052691638469696,0.1484861969947815,0.2891693115234375,0.270355224609375
generated_image_0033.png,0.08282427489757538,0.005742737557739019,0.13338856399059296,0.12500756978988647,0.2711944580078125,0.2324066162109375
generated_image_0034.png,0.10510589927434921,0.008600627072155476,0.179764062166214,0.16974782943725586,0.260498046875,0.259185791015625
generated_image_0035.png,0.20869413018226624,0.014439534395933151,0.22331023216247559,0.1896842122077942,0.2594757080078125,0.2236124724149704
generated_image_0036.png,0.159046933054924,0.009947867132723331,0.28545910120010376,0.2776627540588379,0.177490234375,0.1536661833524704
generated_image_0037.png,0.056239884346723557,0.004245926160365343,0.09587687253952026,0.09158134460449219,0.255767822265625,0.2654927670955658
generated_image_0038.png,0.13971877098083496,0.013179355300962925,0.1789577454328537,0.1543588638305664,0.3126678466796875,0.2671712338924408
generated_image_0039.png,0.10453039407730103,0.006103770807385445,0.14897233247756958,0.13637757301330566,0.1946258544921875,0.2061259001493454
generated_image_0040.png,0.07440271228551865,0.004156886599957943,0.10348986089229584,0.09106206893920898,0.174041748046875,0.1883646696805954
generated_image_0041.png,0.08047761768102646,0.004100995138287544,0.14074712991714478,0.12778151035308838,0.1724090576171875,0.19305419921875
generated_image_0042.png,0.23000752925872803,0.009906279854476452,0.24326872825622559,0.18632620573043823,0.0838165283203125,0.115966796875
generated_image_0043.png,0.10658904165029526,0.004198797978460789,0.19626984000205994,0.18111270666122437,0.12774658203125,0.1319071501493454
generated_image_0044.png,0.10670803487300873,0.006338484585285187,0.2080821841955185,0.20547568798065186,0.2369384765625,0.205474853515625
generated_image_0045.png,0.09121114015579224,0.007248361594974995,0.11102714389562607,0.10089379549026489,0.25439453125,0.2676747739315033
generated_image_0046.png,0.10770724713802338,0.014275866560637951,0.10266523063182831,0.06708204746246338,0.437225341796875,0.4141082763671875
generated_image_0047.png,0.12439030408859253,0.007017040159553289,0.18465852737426758,0.17564839124679565,0.1850738525390625,0.1945393979549408
generated_image_0048.png,0.12013773620128632,0.008205534890294075,0.22152477502822876,0.21925336122512817,0.24853515625,0.2380218505859375
generated_image_0049.png,0.10628323256969452,0.00550124840810895,0.14313751459121704,0.12960892915725708,0.1998138427734375,0.1860097348690033
generated_image_0050.png,0.08402170985937119,0.007319039665162563,0.14768946170806885,0.13957661390304565,0.2882080078125,0.2816874384880066
generated_image_0051.png,0.16925659775733948,0.011059727519750595,0.20799356698989868,0.17809748649597168,0.243377685546875,0.2297719419002533
generated_image_0052.png,0.10389184951782227,0.0084383524954319,0.16946594417095184,0.1535826325416565,0.260986328125,0.2602335810661316
generated_image_0053.png,0.12622249126434326,0.009204613044857979,0.1773104965686798,0.15047895908355713,0.15948486328125,0.2058054655790329
generated_image_0054.png,0.11457669734954834,0.004117762669920921,0.13747690618038177,0.11902755498886108,0.1128387451171875,0.1072489470243454
generated_image_0055.png,0.18950682878494263,0.0075381360948085785,0.2688152492046356,0.22412997484207153,0.083648681640625,0.1240590438246727
generated_image_0056.png,0.12874898314476013,0.007859633304178715,0.14298737049102783,0.11001956462860107,0.168914794921875,0.1859130859375
generated_image_0057.png,0.06707163900136948,0.00491102272644639,0.07796671241521835,0.0716753602027893,0.254241943359375,0.2626292109489441
generated_image_0058.png,0.09981513023376465,0.006964362226426601,0.1446380913257599,0.13401097059249878,0.235565185546875,0.2242635190486908
generated_image_0059.png,0.1775531768798828,0.012239784933626652,0.23802316188812256,0.21616750955581665,0.1822509765625,0.1852925717830658
generated_image_0060.png,0.34135836362838745,0.03148466348648071,0.3830494284629822,0.3582383394241333,0.348876953125,0.3077952265739441
generated_image_0061.png,0.25277140736579895,0.011370533145964146,0.23553049564361572,0.1801019310951233,0.106719970703125,0.1198933944106102
generated_image_0062.png,0.1750737875699997,0.009680569171905518,0.2845624089241028,0.2709949016571045,0.2001495361328125,0.1756184995174408
generated_image_0063.png,0.14019159972667694,0.005558433011174202,0.13164949417114258,0.10708034038543701,0.13238525390625,0.1330363005399704
generated_image_0064.png,0.11092206090688705,0.008913102559745312,0.1868714541196823,0.18090438842773438,0.2757110595703125,0.2522939145565033
generated_image_0065.png,0.05510681867599487,0.003654283471405506,0.09980811923742294,0.09447544813156128,0.2270050048828125,0.2370656430721283
generated_image_0066.png,0.09018584340810776,0.006990003399550915,0.11340254545211792,0.09655952453613281,0.2382659912109375,0.2518259882926941
generated_image_0067.png,0.11310356855392456,0.009425751864910126,0.1494053304195404,0.13082557916641235,0.238250732421875,0.2451375424861908
generated_image_0068.png,0.10559561103582382,0.006568899843841791,0.11575531959533691,0.09480822086334229,0.1968231201171875,0.2037913054227829
generated_image_0069.png,0.22690054774284363,0.01940091699361801,0.3319410979747772,0.29716306924819946,0.238433837890625,0.297088623046875
generated_image_0070.png,0.10317149013280869,0.003342095296829939,0.2101442515850067,0.19801151752471924,0.128326416015625,0.1097361296415329
generated_image_0071.png,0.10081957280635834,0.007753367535769939,0.1258760541677475,0.10978478193283081,0.2662811279296875,0.2587483823299408
generated_image_0072.png,0.10140611976385117,0.0055222720839083195,0.16500213742256165,0.1537771224975586,0.176239013671875,0.1645456999540329
generated_image_0073.png,0.05314014479517937,0.003700176253914833,0.0922243595123291,0.08739346265792847,0.2371978759765625,0.2642974853515625
generated_image_0074.png,0.0817369669675827,0.005025457590818405,0.1250225007534027,0.11282855272293091,0.20233154296875,0.209686279296875
generated_image_0075.png,0.10770724713802338,0.014275866560637951,0.10266523063182831,0.06708204746246338,0.437225341796875,0.4141082763671875
generated_image_0076.png,0.12439030408859253,0.007017040159553289,0.18465852737426758,0.17564839124679565,0.1850738525390625,0.1945393979549408
generated_image_0077.png,0.09571822732686996,0.005814339965581894,0.13092094659805298,0.11584007740020752,0.21728515625,0.2063649594783783
generated_image_0078.png,0.09981513023376465,0.006964362226426601,0.1446380913257599,0.13401097059249878,0.235565185546875,0.2242635190486908
generated_image_0079.png,0.1750737875699997,0.009680569171905518,0.2845624089241028,0.2709949016571045,0.2001495361328125,0.1756184995174408
generated_image_0080.png,0.10000304877758026,0.0084755290299654,0.16052691638469696,0.1484861969947815,0.2891693115234375,0.270355224609375
generated_image_0081.png,0.08173410594463348,0.0050274888053536415,0.124994657933712,0.11279541254043579,0.20233154296875,0.2096964567899704
generated_image_0082.png,0.17114871740341187,0.00968460738658905,0.28502434492111206,0.27365946769714355,0.2553253173828125,0.1844940185546875
generated_image_0083.png,0.12622249126434326,0.009204613044857979,0.1773104965686798,0.15047895908355713,0.15948486328125,0.2058054655790329
generated_image_0084.png,0.12013773620128632,0.008205534890294075,0.22152477502822876,0.21925336122512817,0.24853515625,0.2380218505859375
generated_image_0085.png,0.10081957280635834,0.007753367535769939,0.1258760541677475,0.10978478193283081,0.2662811279296875,0.2587483823299408
generated_image_0086.png,0.1125144362449646,0.005939434748142958,0.21640239655971527,0.21962124109268188,0.177154541015625,0.1604054868221283
generated_image_0087.png,0.24583326280117035,0.015106412582099438,0.32215753197669983,0.31512898206710815,0.2305908203125,0.1959788054227829
generated_image_0088.png,0.35061097145080566,0.03569823503494263,0.5644530653953552,0.536831259727478,0.1377410888671875,0.3011372983455658
generated_image_0089.png,0.15856139361858368,0.011481048539280891,0.23186790943145752,0.22187888622283936,0.215484619140625,0.2081095427274704
generated_image_0090.png,0.19226133823394775,0.013694226741790771,0.24766407907009125,0.2493099570274353,0.283721923828125,0.2529398798942566
generated_image_0091.png,0.13971877098083496,0.013179355300962925,0.1789577454328537,0.1543588638305664,0.3126678466796875,0.2671712338924408
generated_image_0092.png,0.10389184951782227,0.0084383524954319,0.16946594417095184,0.1535826325416565,0.260986328125,0.2602335810661316
generated_image_0093.png,0.10317149013280869,0.003342095296829939,0.2101442515850067,0.19801151752471924,0.128326416015625,0.1097361296415329
generated_image_0094.png,0.10628323256969452,0.00550124840810895,0.14313751459121704,0.12960892915725708,0.1998138427734375,0.1860097348690033
generated_image_0095.png,0.14562100172042847,0.006986396387219429,0.1366976946592331,0.09627997875213623,0.1452484130859375,0.1569671630859375
generated_image_0096.png,0.22690054774284363,0.01940091699361801,0.3319410979747772,0.29716306924819946,0.238433837890625,0.297088623046875
generated_image_0097.png,0.10453039407730103,0.006103770807385445,0.14897233247756958,0.13637757301330566,0.1946258544921875,0.2061259001493454
generated_image_0098.png,0.1267264187335968,0.008531531319022179,0.1958116739988327,0.17775458097457886,0.2320556640625,0.2178599089384079
generated_image_0099.png,0.05510681867599487,0.003654283471405506,0.09980811923742294,0.09447544813156128,0.2270050048828125,0.2370656430721283
generated_image_0100.png,0.09018584340810776,0.006990003399550915,0.11340254545211792,0.09655952453613281,0.2382659912109375,0.2518259882926941
generated_image_0101.png,0.16925659775733948,0.011059727519750595,0.20799356698989868,0.17809748649597168,0.243377685546875,0.2297719419002533
generated_image_0102.png,0.14079752564430237,0.010047079995274544,0.2033829689025879,0.1983407735824585,0.228485107421875,0.1955464780330658
generated_image_0103.png,0.18950682878494263,0.0075381360948085785,0.2688152492046356,0.22412997484207153,0.083648681640625,0.1240590438246727
generated_image_0104.png,0.056239884346723557,0.004245926160365343,0.09587687253952026,0.09158134460449219,0.255767822265625,0.2654927670955658
generated_image_0105.png,0.10559561103582382,0.006568899843841791,0.11575531959533691,0.09480822086334229,0.1968231201171875,0.2037913054227829
generated_image_0106.png,0.590177059173584,0.025307008996605873,0.9697949290275574,0.9749250411987305,0.009765625,0.1300862729549408
generated_image_0107.png,0.14304032921791077,0.0029759379103779793,0.18181733787059784,0.13294368982315063,0.06500244140625,0.0559590682387352
generated_image_0108.png,0.0658918023109436,0.004772084765136242,0.07345527410507202,0.061482787132263184,0.257415771484375,0.2622579038143158
generated_image_0109.png,0.14019159972667694,0.005558433011174202,0.13164949417114258,0.10708034038543701,0.13238525390625,0.1330363005399704
generated_image_0110.png,0.10142689943313599,0.005522366147488356,0.16503851115703583,0.15355974435806274,0.176239013671875,0.1645609587430954
generated_image_0111.png,0.2012472152709961,0.012658613733947277,0.2673918604850769,0.23981505632400513,0.22088623046875,0.1637369841337204
generated_image_0112.png,0.11092206090688705,0.008913102559745312,0.1868714541196823,0.18090438842773438,0.2757110595703125,0.2522939145565033
generated_image_0113.png,0.20265287160873413,0.020650304853916168,0.4092637002468109,0.3880404233932495,0.175811767578125,0.3170674741268158
generated_image_0114.png,0.11457669734954834,0.004117762669920921,0.13747690618038177,0.11902755498886108,0.1128387451171875,0.1072489470243454
generated_image_0115.png,0.11037822812795639,0.00759391114115715,0.1510048359632492,0.14584851264953613,0.177459716796875,0.18212890625
generated_image_0116.png,0.34135836362838745,0.03148466348648071,0.3830494284629822,0.3582383394241333,0.348876953125,0.3077952265739441
generated_image_0117.png,0.12874898314476013,0.007859633304178715,0.14298737049102783,0.11001956462860107,0.168914794921875,0.1859130859375
generated_image_0118.png,0.07951470464468002,0.005437066778540611,0.1263362467288971,0.12268954515457153,0.19989013671875,0.218536376953125
generated_image_0119.png,0.10670803487300873,0.006338484585285187,0.2080821841955185,0.20547568798065186,0.2369384765625,0.205474853515625
generated_image_0120.png,0.07440271228551865,0.004156886599957943,0.10348986089229584,0.09106206893920898,0.174041748046875,0.1883646696805954
generated_image_0121.png,0.23251216113567352,0.012491889297962189,0.2827117145061493,0.2598620057106018,0.2175445556640625,0.192138671875
generated_image_0122.png,0.09074656665325165,0.0051706042140722275,0.1272679567337036,0.11708539724349976,0.1837005615234375,0.2072855681180954
generated_image_0123.png,0.1465076059103012,0.012137237936258316,0.20591966807842255,0.18405133485794067,0.287689208984375,0.287872314453125
generated_image_0124.png,0.2864939570426941,0.014674859121441841,0.7459583282470703,0.7275302410125732,0.0850982666015625,0.1880594938993454
generated_image_0125.png,0.14516833424568176,0.007232325151562691,0.2205752581357956,0.1881934404373169,0.1402435302734375,0.1604410856962204
generated_image_0126.png,0.4149188995361328,0.021743319928646088,0.5821400880813599,0.5705128312110901,0.117706298828125,0.1657308042049408
generated_image_0127.png,0.11310356855392456,0.009425751864910126,0.1494053304195404,0.13082557916641235,0.238250732421875,0.2451375424861908
generated_image_0128.png,0.10510589927434921,0.008600627072155476,0.179764062166214,0.16974782943725586,0.260498046875,0.259185791015625
generated_image_0129.png,0.31657230854034424,0.02228027768433094,0.31725364923477173,0.29041701555252075,0.1394500732421875,0.1833241879940033
generated_image_0130.png,0.0618123821914196,0.004270720295608044,0.1043631061911583,0.0953143835067749,0.2659149169921875,0.2663320004940033
generated_image_0131.png,0.10658904165029526,0.004198797978460789,0.19626984000205994,0.18111270666122437,0.12774658203125,0.1319071501493454
generated_image_0132.png,0.06707163900136948,0.00491102272644639,0.07796671241521835,0.0716753602027893,0.254241943359375,0.2626292109489441
generated_image_0133.png,0.08282427489757538,0.005742737557739019,0.13338856399059296,0.12500756978988647,0.2711944580078125,0.2324066162109375
generated_image_0134.png,0.23000752925872803,0.009906279854476452,0.24326872825622559,0.18632620573043823,0.0838165283203125,0.115966796875
generated_image_0135.png,0.20869413018226624,0.014439534395933151,0.22331023216247559,0.1896842122077942,0.2594757080078125,0.2236124724149704
generated_image_0136.png,0.159046933054924,0.009947867132723331,0.28545910120010376,0.2776627540588379,0.177490234375,0.1536661833524704
generated_image_0137.png,0.07044194638729095,0.0046849437057971954,0.148979052901268,0.14435642957687378,0.2313690185546875,0.2214406430721283
generated_image_0138.png,0.5204315781593323,0.013215554878115654,0.9223000407218933,0.9772124886512756,0.005340576171875,0.0659993514418602
generated_image_0139.png,0.08047761768102646,0.004100995138287544,0.14074712991714478,0.12778151035308838,0.1724090576171875,0.19305419921875
generated_image_0140.png,0.12044040858745575,0.008154122158885002,0.19334346055984497,0.17335444688796997,0.1938323974609375,0.2155354917049408
generated_image_0141.png,0.25277140736579895,0.011370533145964146,0.23553049564361572,0.1801019310951233,0.106719970703125,0.1198933944106102
generated_image_0142.png,0.2641538977622986,0.00817185826599598,0.2547709047794342,0.18438857793807983,0.0882720947265625,0.0976765975356102
generated_image_0143.png,0.09121114015579224,0.007248361594974995,0.11102714389562607,0.10089379549026489,0.25439453125,0.2676747739315033
generated_image_0144.png,0.05309905856847763,0.003699563443660736,0.09225257486104965,0.08741599321365356,0.2371978759765625,0.264312744140625
generated_image_0145.png,0.1514388769865036,0.010214880108833313,0.18107068538665771,0.15853726863861084,0.28802490234375,0.2358347624540329
generated_image_0146.png,0.1775531768798828,0.012239784933626652,0.23802316188812256,0.21616750955581665,0.1822509765625,0.1852925717830658
generated_image_0147.png,0.09894037246704102,0.006071466486901045,0.1528821885585785,0.14430975914001465,0.194122314453125,0.199615478515625
generated_image_0148.png,0.08399655669927597,0.007321900688111782,0.14768123626708984,0.13957661390304565,0.2882080078125,0.2817179560661316
generated_image_0149.png,0.20937977731227875,0.014170139096677303,0.22875326871871948,0.1929699182510376,0.205047607421875,0.1938934326171875
generated_image_0150.png,0.09018584340810776,0.006990003399550915,0.11340254545211792,0.09655952453613281,0.2382659912109375,0.2518259882926941
generated_image_0151.png,0.2641538977622986,0.00817185826599598,0.2547709047794342,0.18438857793807983,0.0882720947265625,0.0976765975356102
generated_image_0152.png,0.17114871740341187,0.00968460738658905,0.28502434492111206,0.27365946769714355,0.2553253173828125,0.1844940185546875
generated_image_0153.png,0.12622249126434326,0.009204613044857979,0.1773104965686798,0.15047895908355713,0.15948486328125,0.2058054655790329
generated_image_0154.png,0.25277140736579895,0.011370533145964146,0.23553049564361572,0.1801019310951233,0.106719970703125,0.1198933944106102
generated_image_0155.png,0.34135836362838745,0.03148466348648071,0.3830494284629822,0.3582383394241333,0.348876953125,0.3077952265739441
generated_image_0156.png,0.1465076059103012,0.012137237936258316,0.20591966807842255,0.18405133485794067,0.287689208984375,0.287872314453125
generated_image_0157.png,0.4149188995361328,0.021743319928646088,0.5821400880813599,0.5705128312110901,0.117706298828125,0.1657308042049408
generated_image_0158.png,0.20920157432556152,0.014162939041852951,0.22863349318504333,0.19287502765655518,0.205047607421875,0.19390869140625
generated_image_0159.png,0.0658918023109436,0.004772084765136242,0.07345527410507202,0.061482787132263184,0.257415771484375,0.2622579038143158
generated_image_0160.png,0.16925659775733948,0.011059727519750595,0.20799356698989868,0.17809748649597168,0.243377685546875,0.2297719419002533
generated_image_0161.png,0.09571822732686996,0.005814339965581894,0.13092094659805298,0.11584007740020752,0.21728515625,0.2063649594783783
generated_image_0162.png,0.14079752564430237,0.010047079995274544,0.2033829689025879,0.1983407735824585,0.228485107421875,0.1955464780330658
generated_image_0163.png,0.12044040858745575,0.008154122158885002,0.19334346055984497,0.17335444688796997,0.1938323974609375,0.2155354917049408
generated_image_0164.png,0.10670803487300873,0.006338484585285187,0.2080821841955185,0.20547568798065186,0.2369384765625,0.205474853515625
generated_image_0165.png,0.09074656665325165,0.0051706042140722275,0.1272679567337036,0.11708539724349976,0.1837005615234375,0.2072855681180954
generated_image_0166.png,0.20869413018226624,0.014439534395933151,0.22331023216247559,0.1896842122077942,0.2594757080078125,0.2236124724149704
generated_image_0167.png,0.08173410594463348,0.0050274888053536415,0.124994657933712,0.11279541254043579,0.20233154296875,0.2096964567899704
generated_image_0168.png,0.10317149013280869,0.003342095296829939,0.2101442515850067,0.19801151752471924,0.128326416015625,0.1097361296415329
generated_image_0169.png,0.09981513023376465,0.006964362226426601,0.1446380913257599,0.13401097059249878,0.235565185546875,0.2242635190486908
generated_image_0170.png,0.2012472152709961,0.012658613733947277,0.2673918604850769,0.23981505632400513,0.22088623046875,0.1637369841337204
generated_image_0171.png,0.08402170985937119,0.007319039665162563,0.14768946170806885,0.13957661390304565,0.2882080078125,0.2816874384880066
generated_image_0172.png,0.05309905856847763,0.003699563443660736,0.09225257486104965,0.08741599321365356,0.2371978759765625,0.264312744140625
generated_image_0173.png,0.159046933054924,0.009947867132723331,0.28545910120010376,0.2776627540588379,0.177490234375,0.1536661833524704
generated_image_0174.png,0.24583326280117035,0.015106412582099438,0.32215753197669983,0.31512898206710815,0.2305908203125,0.1959788054227829
generated_image_0175.png,0.10510589927434921,0.008600627072155476,0.179764062166214,0.16974782943725586,0.260498046875,0.259185791015625
generated_image_0176.png,0.09121114015579224,0.007248361594974995,0.11102714389562607,0.10089379549026489,0.25439453125,0.2676747739315033
generated_image_0177.png,0.22690054774284363,0.01940091699361801,0.3319410979747772,0.29716306924819946,0.238433837890625,0.297088623046875
generated_image_0178.png,0.05510681867599487,0.003654283471405506,0.09980811923742294,0.09447544813156128,0.2270050048828125,0.2370656430721283
generated_image_0179.png,0.10770724713802338,0.014275866560637951,0.10266523063182831,0.06708204746246338,0.437225341796875,0.4141082763671875
generated_image_0180.png,0.07951470464468002,0.005437066778540611,0.1263362467288971,0.12268954515457153,0.19989013671875,0.218536376953125
generated_image_0181.png,0.14562100172042847,0.006986396387219429,0.1366976946592331,0.09627997875213623,0.1452484130859375,0.1569671630859375
generated_image_0182.png,0.11310356855392456,0.009425751864910126,0.1494053304195404,0.13082557916641235,0.238250732421875,0.2451375424861908
generated_image_0183.png,0.10000304877758026,0.0084755290299654,0.16052691638469696,0.1484861969947815,0.2891693115234375,0.270355224609375
generated_image_0184.png,0.12874898314476013,0.007859633304178715,0.14298737049102783,0.11001956462860107,0.168914794921875,0.1859130859375
generated_image_0185.png,0.20265287160873413,0.020650304853916168,0.4092637002468109,0.3880404233932495,0.175811767578125,0.3170674741268158
generated_image_0186.png,0.31657230854034424,0.02228027768433094,0.31725364923477173,0.29041701555252075,0.1394500732421875,0.1833241879940033
generated_image_0187.png,0.2864939570426941,0.014674859121441841,0.7459583282470703,0.7275302410125732,0.0850982666015625,0.1880594938993454
generated_image_0188.png,0.13971877098083496,0.013179355300962925,0.1789577454328537,0.1543588638305664,0.3126678466796875,0.2671712338924408
generated_image_0189.png,0.07044194638729095,0.0046849437057971954,0.148979052901268,0.14435642957687378,0.2313690185546875,0.2214406430721283
generated_image_0190.png,0.10559561103582382,0.006568899843841791,0.11575531959533691,0.09480822086334229,0.1968231201171875,0.2037913054227829
generated_image_0191.png,0.08282427489757538,0.005742737557739019,0.13338856399059296,0.12500756978988647,0.2711944580078125,0.2324066162109375
generated_image_0192.png,0.19226133823394775,0.013694226741790771,0.24766407907009125,0.2493099570274353,0.283721923828125,0.2529398798942566
generated_image_0193.png,0.10658904165029526,0.004198797978460789,0.19626984000205994,0.18111270666122437,0.12774658203125,0.1319071501493454
generated_image_0194.png,0.10081957280635834,0.007753367535769939,0.1258760541677475,0.10978478193283081,0.2662811279296875,0.2587483823299408
generated_image_0195.png,0.1514388769865036,0.010214880108833313,0.18107068538665771,0.15853726863861084,0.28802490234375,0.2358347624540329
generated_image_0196.png,0.14516833424568176,0.007232325151562691,0.2205752581357956,0.1881934404373169,0.1402435302734375,0.1604410856962204
generated_image_0197.png,0.35061097145080566,0.03569823503494263,0.5644530653953552,0.536831259727478,0.1377410888671875,0.3011372983455658
generated_image_0198.png,0.11092206090688705,0.008913102559745312,0.1868714541196823,0.18090438842773438,0.2757110595703125,0.2522939145565033
generated_image_0199.png,0.5204315781593323,0.013215554878115654,0.9223000407218933,0.9772124886512756,0.005340576171875,0.0659993514418602
generated_image_0200.png,0.15856139361858368,0.011481048539280891,0.23186790943145752,0.22187888622283936,0.215484619140625,0.2081095427274704
generated_image_0201.png,0.18950682878494263,0.0075381360948085785,0.2688152492046356,0.22412997484207153,0.083648681640625,0.1240590438246727
generated_image_0202.png,0.09898750483989716,0.006072754506021738,0.1528945416212082,0.14426499605178833,0.194122314453125,0.1996205747127533
generated_image_0203.png,0.12013773620128632,0.008205534890294075,0.22152477502822876,0.21925336122512817,0.24853515625,0.2380218505859375
generated_image_0204.png,0.14304032921791077,0.0029759379103779793,0.18181733787059784,0.13294368982315063,0.06500244140625,0.0559590682387352
generated_image_0205.png,0.0618123821914196,0.004270720295608044,0.1043631061911583,0.0953143835067749,0.2659149169921875,0.2663320004940033
generated_image_0206.png,0.12439030408859253,0.007017040159553289,0.18465852737426758,0.17564839124679565,0.1850738525390625,0.1945393979549408
generated_image_0207.png,0.14019159972667694,0.005558433011174202,0.13164949417114258,0.10708034038543701,0.13238525390625,0.1330363005399704
generated_image_0208.png,0.07440271228551865,0.004156886599957943,0.10348986089229584,0.09106206893920898,0.174041748046875,0.1883646696805954
generated_image_0209.png,0.10389184951782227,0.0084383524954319,0.16946594417095184,0.1535826325416565,0.260986328125,0.2602335810661316
generated_image_0210.png,0.1750737875699997,0.009680569171905518,0.2845624089241028,0.2709949016571045,0.2001495361328125,0.1756184995174408
generated_image_0211.png,0.23000752925872803,0.009906279854476452,0.24326872825622559,0.18632620573043823,0.0838165283203125,0.115966796875
generated_image_0212.png,0.10142689943313599,0.005522366147488356,0.16503851115703583,0.15355974435806274,0.176239013671875,0.1645609587430954
generated_image_0213.png,0.10453039407730103,0.006103770807385445,0.14897233247756958,0.13637757301330566,0.1946258544921875,0.2061259001493454
generated_image_0214.png,0.1775531768798828,0.012239784933626652,0.23802316188812256,0.21616750955581665,0.1822509765625,0.1852925717830658
generated_image_0215.png,0.23251216113567352,0.012491889297962189,0.2827117145061493,0.2598620057106018,0.2175445556640625,0.192138671875
generated_image_0216.png,0.11457669734954834,0.004117762669920921,0.13747690618038177,0.11902755498886108,0.1128387451171875,0.1072489470243454
generated_image_0217.png,0.08047761768102646,0.004100995138287544,0.14074712991714478,0.12778151035308838,0.1724090576171875,0.19305419921875
generated_image_0218.png,0.11037822812795639,0.00759391114115715,0.1510048359632492,0.14584851264953613,0.177459716796875,0.18212890625
generated_image_0219.png,0.10628323256969452,0.00550124840810895,0.14313751459121704,0.12960892915725708,0.1998138427734375,0.1860097348690033
generated_image_0220.png,0.056239884346723557,0.004245926160365343,0.09587687253952026,0.09158134460449219,0.255767822265625,0.2654927670955658
generated_image_0221.png,0.1125144362449646,0.005939434748142958,0.21640239655971527,0.21962124109268188,0.177154541015625,0.1604054868221283
generated_image_0222.png,0.06704970449209213,0.0049119675531983376,0.07796560227870941,0.07176607847213745,0.254241943359375,0.2626393735408783
generated_image_0223.png,0.5903018712997437,0.02531176432967186,0.9698976874351501,0.9749216437339783,0.009765625,0.1300608366727829
generated_image_0224.png,0.12669432163238525,0.008531713858246803,0.19584935903549194,0.17771369218826294,0.2320556640625,0.2178700864315033
generated_image_0225.png,0.10000304877758026,0.0084755290299654,0.16052691638469696,0.1484861969947815,0.2891693115234375,0.270355224609375
generated_image_0226.png,0.05510681867599487,0.003654283471405506,0.09980811923742294,0.09447544813156128,0.2270050048828125,0.2370656430721283
generated_image_0227.png,0.11457669734954834,0.004117762669920921,0.13747690618038177,0.11902755498886108,0.1128387451171875,0.1072489470243454
generated_image_0228.png,0.10142689943313599,0.005522366147488356,0.16503851115703583,0.15355974435806274,0.176239013671875,0.1645609587430954
generated_image_0229.png,0.08282427489757538,0.005742737557739019,0.13338856399059296,0.12500756978988647,0.2711944580078125,0.2324066162109375
generated_image_0230.png,0.11037822812795639,0.00759391114115715,0.1510048359632492,0.14584851264953613,0.177459716796875,0.18212890625
generated_image_0231.png,0.10081957280635834,0.007753367535769939,0.1258760541677475,0.10978478193283081,0.2662811279296875,0.2587483823299408
generated_image_0232.png,0.17114871740341187,0.00968460738658905,0.28502434492111206,0.27365946769714355,0.2553253173828125,0.1844940185546875
generated_image_0233.png,0.11092206090688705,0.008913102559745312,0.1868714541196823,0.18090438842773438,0.2757110595703125,0.2522939145565033
generated_image_0234.png,0.07044194638729095,0.0046849437057971954,0.148979052901268,0.14435642957687378,0.2313690185546875,0.2214406430721283
generated_image_0235.png,0.0658918023109436,0.004772084765136242,0.07345527410507202,0.061482787132263184,0.257415771484375,0.2622579038143158
generated_image_0236.png,0.14516833424568176,0.007232325151562691,0.2205752581357956,0.1881934404373169,0.1402435302734375,0.1604410856962204
generated_image_0237.png,0.056239884346723557,0.004245926160365343,0.09587687253952026,0.09158134460449219,0.255767822265625,0.2654927670955658
generated_image_0238.png,0.10770724713802338,0.014275866560637951,0.10266523063182831,0.06708204746246338,0.437225341796875,0.4141082763671875
generated_image_0239.png,0.12044040858745575,0.008154122158885002,0.19334346055984497,0.17335444688796997,0.1938323974609375,0.2155354917049408
generated_image_0240.png,0.1750737875699997,0.009680569171905518,0.2845624089241028,0.2709949016571045,0.2001495361328125,0.1756184995174408
generated_image_0241.png,0.09121114015579224,0.007248361594974995,0.11102714389562607,0.10089379549026489,0.25439453125,0.2676747739315033
generated_image_0242.png,0.10510589927434921,0.008600627072155476,0.179764062166214,0.16974782943725586,0.260498046875,0.259185791015625
generated_image_0243.png,0.16925659775733948,0.011059727519750595,0.20799356698989868,0.17809748649597168,0.243377685546875,0.2297719419002533
generated_image_0244.png,0.08173410594463348,0.0050274888053536415,0.124994657933712,0.11279541254043579,0.20233154296875,0.2096964567899704
generated_image_0245.png,0.2641538977622986,0.00817185826599598,0.2547709047794342,0.18438857793807983,0.0882720947265625,0.0976765975356102
generated_image_0246.png,0.14304032921791077,0.0029759379103779793,0.18181733787059784,0.13294368982315063,0.06500244140625,0.0559590682387352
generated_image_0247.png,0.1465076059103012,0.012137237936258316,0.20591966807842255,0.18405133485794067,0.287689208984375,0.287872314453125
generated_image_0248.png,0.10317149013280869,0.003342095296829939,0.2101442515850067,0.19801151752471924,0.128326416015625,0.1097361296415329
generated_image_0249.png,0.12622249126434326,0.009204613044857979,0.1773104965686798,0.15047895908355713,0.15948486328125,0.2058054655790329
generated_image_0250.png,0.09571822732686996,0.005814339965581894,0.13092094659805298,0.11584007740020752,0.21728515625,0.2063649594783783
generated_image_0251.png,0.07440271228551865,0.004156886599957943,0.10348986089229584,0.09106206893920898,0.174041748046875,0.1883646696805954
generated_image_0252.png,0.09898750483989716,0.006072754506021738,0.1528945416212082,0.14426499605178833,0.194122314453125,0.1996205747127533
generated_image_0253.png,0.24583326280117035,0.015106412582099438,0.32215753197669983,0.31512898206710815,0.2305908203125,0.1959788054227829
generated_image_0254.png,0.19226133823394775,0.013694226741790771,0.24766407907009125,0.2493099570274353,0.283721923828125,0.2529398798942566
generated_image_0255.png,0.159046933054924,0.009947867132723331,0.28545910120010376,0.2776627540588379,0.177490234375,0.1536661833524704
generated_image_0256.png,0.06707163900136948,0.00491102272644639,0.07796671241521835,0.0716753602027893,0.254241943359375,0.2626292109489441
generated_image_0257.png,0.34135836362838745,0.03148466348648071,0.3830494284629822,0.3582383394241333,0.348876953125,0.3077952265739441
generated_image_0258.png,0.25277140736579895,0.011370533145964146,0.23553049564361572,0.1801019310951233,0.106719970703125,0.1198933944106102
generated_image_0259.png,0.0618123821914196,0.004270720295608044,0.1043631061911583,0.0953143835067749,0.2659149169921875,0.2663320004940033
generated_image_0260.png,0.08402170985937119,0.007319039665162563,0.14768946170806885,0.13957661390304565,0.2882080078125,0.2816874384880066
generated_image_0261.png,0.10658904165029526,0.004198797978460789,0.19626984000205994,0.18111270666122437,0.12774658203125,0.1319071501493454
generated_image_0262.png,0.5204315781593323,0.013215554878115654,0.9223000407218933,0.9772124886512756,0.005340576171875,0.0659993514418602
generated_image_0263.png,0.14562100172042847,0.006986396387219429,0.1366976946592331,0.09627997875213623,0.1452484130859375,0.1569671630859375
generated_image_0264.png,0.05309905856847763,0.003699563443660736,0.09225257486104965,0.08741599321365356,0.2371978759765625,0.264312744140625
generated_image_0265.png,0.2864939570426941,0.014674859121441841,0.7459583282470703,0.7275302410125732,0.0850982666015625,0.1880594938993454
generated_image_0266.png,0.1514388769865036,0.010214880108833313,0.18107068538665771,0.15853726863861084,0.28802490234375,0.2358347624540329
generated_image_0267.png,0.08047761768102646,0.004100995138287544,0.14074712991714478,0.12778151035308838,0.1724090576171875,0.19305419921875
generated_image_0268.png,0.09074656665325165,0.0051706042140722275,0.1272679567337036,0.11708539724349976,0.1837005615234375,0.2072855681180954
generated_image_0269.png,0.10389184951782227,0.0084383524954319,0.16946594417095184,0.1535826325416565,0.260986328125,0.2602335810661316
generated_image_0270.png,0.31657230854034424,0.02228027768433094,0.31725364923477173,0.29041701555252075,0.1394500732421875,0.1833241879940033
generated_image_0271.png,0.22690054774284363,0.01940091699361801,0.3319410979747772,0.29716306924819946,0.238433837890625,0.297088623046875
generated_image_0272.png,0.12439030408859253,0.007017040159553289,0.18465852737426758,0.17564839124679565,0.1850738525390625,0.1945393979549408
generated_image_0273.png,0.18950682878494263,0.0075381360948085785,0.2688152492046356,0.22412997484207153,0.083648681640625,0.1240590438246727
generated_image_0274.png,0.15856139361858368,0.011481048539280891,0.23186790943145752,0.22187888622283936,0.215484619140625,0.2081095427274704
generated_image_0275.png,0.35061097145080566,0.03569823503494263,0.5644530653953552,0.536831259727478,0.1377410888671875,0.3011372983455658
generated_image_0276.png,0.4149188995361328,0.021743319928646088,0.5821400880813599,0.5705128312110901,0.117706298828125,0.1657308042049408
generated_image_0277.png,0.12874898314476013,0.007859633304178715,0.14298737049102783,0.11001956462860107,0.168914794921875,0.1859130859375
generated_image_0278.png,0.20920157432556152,0.014162939041852951,0.22863349318504333,0.19287502765655518,0.205047607421875,0.19390869140625
generated_image_0279.png,0.1125144362449646,0.005939434748142958,0.21640239655971527,0.21962124109268188,0.177154541015625,0.1604054868221283
generated_image_0280.png,0.1775531768798828,0.012239784933626652,0.23802316188812256,0.21616750955581665,0.1822509765625,0.1852925717830658
generated_image_0281.png,0.10453039407730103,0.006103770807385445,0.14897233247756958,0.13637757301330566,0.1946258544921875,0.2061259001493454
generated_image_0282.png,0.13971877098083496,0.013179355300962925,0.1789577454328537,0.1543588638305664,0.3126678466796875,0.2671712338924408
generated_image_0283.png,0.1267264187335968,0.008531531319022179,0.1958116739988327,0.17775458097457886,0.2320556640625,0.2178599089384079
generated_image_0284.png,0.23251216113567352,0.012491889297962189,0.2827117145061493,0.2598620057106018,0.2175445556640625,0.192138671875
generated_image_0285.png,0.20265287160873413,0.020650304853916168,0.4092637002468109,0.3880404233932495,0.175811767578125,0.3170674741268158
generated_image_0286.png,0.590177059173584,0.025307008996605873,0.9697949290275574,0.9749250411987305,0.009765625,0.1300862729549408
generated_image_0287.png,0.09981513023376465,0.006964362226426601,0.1446380913257599,0.13401097059249878,0.235565185546875,0.2242635190486908
generated_image_0288.png,0.10559561103582382,0.006568899843841791,0.11575531959533691,0.09480822086334229,0.1968231201171875,0.2037913054227829
generated_image_0289.png,0.07951470464468002,0.005437066778540611,0.1263362467288971,0.12268954515457153,0.19989013671875,0.218536376953125
generated_image_0290.png,0.11310356855392456,0.009425751864910126,0.1494053304195404,0.13082557916641235,0.238250732421875,0.2451375424861908
generated_image_0291.png,0.09018584340810776,0.006990003399550915,0.11340254545211792,0.09655952453613281,0.2382659912109375,0.2518259882926941
generated_image_0292.png,0.12013773620128632,0.008205534890294075,0.22152477502822876,0.21925336122512817,0.24853515625,0.2380218505859375
generated_image_0293.png,0.23000752925872803,0.009906279854476452,0.24326872825622559,0.18632620573043823,0.0838165283203125,0.115966796875
generated_image_0294.png,0.2012472152709961,0.012658613733947277,0.2673918604850769,0.23981505632400513,0.22088623046875,0.1637369841337204
generated_image_0295.png,0.14079752564430237,0.010047079995274544,0.2033829689025879,0.1983407735824585,0.228485107421875,0.1955464780330658
generated_image_0296.png,0.14019159972667694,0.005558433011174202,0.13164949417114258,0.10708034038543701,0.13238525390625,0.1330363005399704
generated_image_0297.png,0.10630359500646591,0.005500566214323044,0.14313331246376038,0.12965399026870728,0.1998138427734375,0.1860198974609375
generated_image_0298.png,0.20885060727596283,0.014441333711147308,0.22335165739059448,0.18976116180419922,0.2594757080078125,0.2236379086971283
generated_image_0299.png,0.10678856074810028,0.0063392422161996365,0.2081352174282074,0.20547568798065186,0.2369384765625,0.2054646909236908
generated_image_0300.png,0.20920157432556152,0.014162939041852951,0.22863349318504333,0.19287502765655518,0.205047607421875,0.19390869140625
generated_image_0301.png,0.11310356855392456,0.009425751864910126,0.1494053304195404,0.13082557916641235,0.238250732421875,0.2451375424861908
generated_image_0302.png,0.07951470464468002,0.005437066778540611,0.1263362467288971,0.12268954515457153,0.19989013671875,0.218536376953125
generated_image_0303.png,0.1267264187335968,0.008531531319022179,0.1958116739988327,0.17775458097457886,0.2320556640625,0.2178599089384079
generated_image_0304.png,0.0618123821914196,0.004270720295608044,0.1043631061911583,0.0953143835067749,0.2659149169921875,0.2663320004940033
generated_image_0305.png,0.14019159972667694,0.005558433011174202,0.13164949417114258,0.10708034038543701,0.13238525390625,0.1330363005399704
generated_image_0306.png,0.14304032921791077,0.0029759379103779793,0.18181733787059784,0.13294368982315063,0.06500244140625,0.0559590682387352
generated_image_0307.png,0.12874898314476013,0.007859633304178715,0.14298737049102783,0.11001956462860107,0.168914794921875,0.1859130859375
generated_image_0308.png,0.10081957280635834,0.007753367535769939,0.1258760541677475,0.10978478193283081,0.2662811279296875,0.2587483823299408
generated_image_0309.png,0.1514388769865036,0.010214880108833313,0.18107068538665771,0.15853726863861084,0.28802490234375,0.2358347624540329
generated_image_0310.png,0.10453039407730103,0.006103770807385445,0.14897233247756958,0.13637757301330566,0.1946258544921875,0.2061259001493454
generated_image_0311.png,0.13971877098083496,0.013179355300962925,0.1789577454328537,0.1543588638305664,0.3126678466796875,0.2671712338924408
generated_image_0312.png,0.08402170985937119,0.007319039665162563,0.14768946170806885,0.13957661390304565,0.2882080078125,0.2816874384880066
generated_image_0313.png,0.19226133823394775,0.013694226741790771,0.24766407907009125,0.2493099570274353,0.283721923828125,0.2529398798942566
generated_image_0314.png,0.11092206090688705,0.008913102559745312,0.1868714541196823,0.18090438842773438,0.2757110595703125,0.2522939145565033
generated_image_0315.png,0.10658904165029526,0.004198797978460789,0.19626984000205994,0.18111270666122437,0.12774658203125,0.1319071501493454
generated_image_0316.png,0.09571822732686996,0.005814339965581894,0.13092094659805298,0.11584007740020752,0.21728515625,0.2063649594783783
generated_image_0317.png,0.1750737875699997,0.009680569171905518,0.2845624089241028,0.2709949016571045,0.2001495361328125,0.1756184995174408
generated_image_0318.png,0.4149188995361328,0.021743319928646088,0.5821400880813599,0.5705128312110901,0.117706298828125,0.1657308042049408
generated_image_0319.png,0.06707163900136948,0.00491102272644639,0.07796671241521835,0.0716753602027893,0.254241943359375,0.2626292109489441
generated_image_0320.png,0.2012472152709961,0.012658613733947277,0.2673918604850769,0.23981505632400513,0.22088623046875,0.1637369841337204
generated_image_0321.png,0.12622249126434326,0.009204613044857979,0.1773104965686798,0.15047895908355713,0.15948486328125,0.2058054655790329
generated_image_0322.png,0.14562100172042847,0.006986396387219429,0.1366976946592331,0.09627997875213623,0.1452484130859375,0.1569671630859375
generated_image_0323.png,0.12439030408859253,0.007017040159553289,0.18465852737426758,0.17564839124679565,0.1850738525390625,0.1945393979549408
generated_image_0324.png,0.056239884346723557,0.004245926160365343,0.09587687253952026,0.09158134460449219,0.255767822265625,0.2654927670955658
generated_image_0325.png,0.10559561103582382,0.006568899843841791,0.11575531959533691,0.09480822086334229,0.1968231201171875,0.2037913054227829
generated_image_0326.png,0.25277140736579895,0.011370533145964146,0.23553049564361572,0.1801019310951233,0.106719970703125,0.1198933944106102
generated_image_0327.png,0.14079752564430237,0.010047079995274544,0.2033829689025879,0.1983407735824585,0.228485107421875,0.1955464780330658
generated_image_0328.png,0.11037822812795639,0.00759391114115715,0.1510048359632492,0.14584851264953613,0.177459716796875,0.18212890625
generated_image_0329.png,0.11457669734954834,0.004117762669920921,0.13747690618038177,0.11902755498886108,0.1128387451171875,0.1072489470243454
generated_image_0330.png,0.20265287160873413,0.020650304853916168,0.4092637002468109,0.3880404233932495,0.175811767578125,0.3170674741268158
generated_image_0331.png,0.0658918023109436,0.004772084765136242,0.07345527410507202,0.061482787132263184,0.257415771484375,0.2622579038143158
generated_image_0332.png,0.1775531768798828,0.012239784933626652,0.23802316188812256,0.21616750955581665,0.1822509765625,0.1852925717830658
generated_image_0333.png,0.31657230854034424,0.02228027768433094,0.31725364923477173,0.29041701555252075,0.1394500732421875,0.1833241879940033
generated_image_0334.png,0.09121114015579224,0.007248361594974995,0.11102714389562607,0.10089379549026489,0.25439453125,0.2676747739315033
generated_image_0335.png,0.10670803487300873,0.006338484585285187,0.2080821841955185,0.20547568798065186,0.2369384765625,0.205474853515625
generated_image_0336.png,0.10142689943313599,0.005522366147488356,0.16503851115703583,0.15355974435806274,0.176239013671875,0.1645609587430954
generated_image_0337.png,0.5204315781593323,0.013215554878115654,0.9223000407218933,0.9772124886512756,0.005340576171875,0.0659993514418602
generated_image_0338.png,0.10510589927434921,0.008600627072155476,0.179764062166214,0.16974782943725586,0.260498046875,0.259185791015625
generated_image_0339.png,0.24583326280117035,0.015106412582099438,0.32215753197669983,0.31512898206710815,0.2305908203125,0.1959788054227829
generated_image_0340.png,0.12013773620128632,0.008205534890294075,0.22152477502822876,0.21925336122512817,0.24853515625,0.2380218505859375
generated_image_0341.png,0.159046933054924,0.009947867132723331,0.28545910120010376,0.2776627540588379,0.177490234375,0.1536661833524704
generated_image_0342.png,0.20869413018226624,0.014439534395933151,0.22331023216247559,0.1896842122077942,0.2594757080078125,0.2236124724149704
generated_image_0343.png,0.12044040858745575,0.008154122158885002,0.19334346055984497,0.17335444688796997,0.1938323974609375,0.2155354917049408
generated_image_0344.png,0.14516833424568176,0.007232325151562691,0.2205752581357956,0.1881934404373169,0.1402435302734375,0.1604410856962204
generated_image_0345.png,0.05510681867599487,0.003654283471405506,0.09980811923742294,0.09447544813156128,0.2270050048828125,0.2370656430721283
generated_image_0346.png,0.17114871740341187,0.00968460738658905,0.28502434492111206,0.27365946769714355,0.2553253173828125,0.1844940185546875
generated_image_0347.png,0.10000304877758026,0.0084755290299654,0.16052691638469696,0.1484861969947815,0.2891693115234375,0.270355224609375
generated_image_0348.png,0.1465076059103012,0.012137237936258316,0.20591966807842255,0.18405133485794067,0.287689208984375,0.287872314453125
generated_image_0349.png,0.09074656665325165,0.0051706042140722275,0.1272679567337036,0.11708539724349976,0.1837005615234375,0.2072855681180954
generated_image_0350.png,0.08173410594463348,0.0050274888053536415,0.124994657933712,0.11279541254043579,0.20233154296875,0.2096964567899704
generated_image_0351.png,0.35061097145080566,0.03569823503494263,0.5644530653953552,0.536831259727478,0.1377410888671875,0.3011372983455658
generated_image_0352.png,0.09981513023376465,0.006964362226426601,0.1446380913257599,0.13401097059249878,0.235565185546875,0.2242635190486908
generated_image_0353.png,0.08047761768102646,0.004100995138287544,0.14074712991714478,0.12778151035308838,0.1724090576171875,0.19305419921875
generated_image_0354.png,0.22690054774284363,0.01940091699361801,0.3319410979747772,0.29716306924819946,0.238433837890625,0.297088623046875
generated_image_0355.png,0.10389184951782227,0.0084383524954319,0.16946594417095184,0.1535826325416565,0.260986328125,0.2602335810661316
generated_image_0356.png,0.1125144362449646,0.005939434748142958,0.21640239655971527,0.21962124109268188,0.177154541015625,0.1604054868221283
generated_image_0357.png,0.05309905856847763,0.003699563443660736,0.09225257486104965,0.08741599321365356,0.2371978759765625,0.264312744140625
generated_image_0358.png,0.10317149013280869,0.003342095296829939,0.2101442515850067,0.19801151752471924,0.128326416015625,0.1097361296415329
generated_image_0359.png,0.2864939570426941,0.014674859121441841,0.7459583282470703,0.7275302410125732,0.0850982666015625,0.1880594938993454
generated_image_0360.png,0.23251216113567352,0.012491889297962189,0.2827117145061493,0.2598620057106018,0.2175445556640625,0.192138671875
generated_image_0361.png,0.08282427489757538,0.005742737557739019,0.13338856399059296,0.12500756978988647,0.2711944580078125,0.2324066162109375
generated_image_0362.png,0.34135836362838745,0.03148466348648071,0.3830494284629822,0.3582383394241333,0.348876953125,0.3077952265739441
generated_image_0363.png,0.10770724713802338,0.014275866560637951,0.10266523063182831,0.06708204746246338,0.437225341796875,0.4141082763671875
generated_image_0364.png,0.10628323256969452,0.00550124840810895,0.14313751459121704,0.12960892915725708,0.1998138427734375,0.1860097348690033
generated_image_0365.png,0.07044194638729095,0.0046849437057971954,0.148979052901268,0.14435642957687378,0.2313690185546875,0.2214406430721283
generated_image_0366.png,0.590177059173584,0.025307008996605873,0.9697949290275574,0.9749250411987305,0.009765625,0.1300862729549408
generated_image_0367.png,0.07440271228551865,0.004156886599957943,0.10348986089229584,0.09106206893920898,0.174041748046875,0.1883646696805954
generated_image_0368.png,0.2641538977622986,0.00817185826599598,0.2547709047794342,0.18438857793807983,0.0882720947265625,0.0976765975356102
generated_image_0369.png,0.09898750483989716,0.006072754506021738,0.1528945416212082,0.14426499605178833,0.194122314453125,0.1996205747127533
generated_image_0370.png,0.18950682878494263,0.0075381360948085785,0.2688152492046356,0.22412997484207153,0.083648681640625,0.1240590438246727
generated_image_0371.png,0.23000752925872803,0.009906279854476452,0.24326872825622559,0.18632620573043823,0.0838165283203125,0.115966796875
generated_image_0372.png,0.1690993756055832,0.011062251403927803,0.20798903703689575,0.17815148830413818,0.243377685546875,0.2297719419002533
generated_image_0373.png,0.1585252583026886,0.01147993840277195,0.2318914383649826,0.221923828125,0.215484619140625,0.20806884765625
generated_image_0374.png,0.09022407233715057,0.006991695612668991,0.11343221366405487,0.09661620855331421,0.2382659912109375,0.2518310546875
generated_image_0375.png,0.10510589927434921,0.008600627072155476,0.179764062166214,0.16974782943725586,0.260498046875,0.259185791015625
generated_image_0376.png,0.17114871740341187,0.00968460738658905,0.28502434492111206,0.27365946769714355,0.2553253173828125,0.1844940185546875
generated_image_0377.png,0.06707163900136948,0.00491102272644639,0.07796671241521835,0.0716753602027893,0.254241943359375,0.2626292109489441
generated_image_0378.png,0.14304032921791077,0.0029759379103779793,0.18181733787059784,0.13294368982315063,0.06500244140625,0.0559590682387352
generated_image_0379.png,0.20265287160873413,0.020650304853916168,0.4092637002468109,0.3880404233932495,0.175811767578125,0.3170674741268158
generated_image_0380.png,0.24583326280117035,0.015106412582099438,0.32215753197669983,0.31512898206710815,0.2305908203125,0.1959788054227829
generated_image_0381.png,0.08282427489757538,0.005742737557739019,0.13338856399059296,0.12500756978988647,0.2711944580078125,0.2324066162109375
generated_image_0382.png,0.11310356855392456,0.009425751864910126,0.1494053304195404,0.13082557916641235,0.238250732421875,0.2451375424861908
generated_image_0383.png,0.25277140736579895,0.011370533145964146,0.23553049564361572,0.1801019310951233,0.106719970703125,0.1198933944106102
generated_image_0384.png,0.08047761768102646,0.004100995138287544,0.14074712991714478,0.12778151035308838,0.1724090576171875,0.19305419921875
generated_image_0385.png,0.10317149013280869,0.003342095296829939,0.2101442515850067,0.19801151752471924,0.128326416015625,0.1097361296415329
generated_image_0386.png,0.590177059173584,0.025307008996605873,0.9697949290275574,0.9749250411987305,0.009765625,0.1300862729549408
generated_image_0387.png,0.10389184951782227,0.0084383524954319,0.16946594417095184,0.1535826325416565,0.260986328125,0.2602335810661316
generated_image_0388.png,0.0658918023109436,0.004772084765136242,0.07345527410507202,0.061482787132263184,0.257415771484375,0.2622579038143158
generated_image_0389.png,0.07044194638729095,0.0046849437057971954,0.148979052901268,0.14435642957687378,0.2313690185546875,0.2214406430721283
generated_image_0390.png,0.056239884346723557,0.004245926160365343,0.09587687253952026,0.09158134460449219,0.255767822265625,0.2654927670955658
generated_image_0391.png,0.19226133823394775,0.013694226741790771,0.24766407907009125,0.2493099570274353,0.283721923828125,0.2529398798942566
generated_image_0392.png,0.14079752564430237,0.010047079995274544,0.2033829689025879,0.1983407735824585,0.228485107421875,0.1955464780330658
generated_image_0393.png,0.11092206090688705,0.008913102559745312,0.1868714541196823,0.18090438842773438,0.2757110595703125,0.2522939145565033
generated_image_0394.png,0.1465076059103012,0.012137237936258316,0.20591966807842255,0.18405133485794067,0.287689208984375,0.287872314453125
generated_image_0395.png,0.2641538977622986,0.00817185826599598,0.2547709047794342,0.18438857793807983,0.0882720947265625,0.0976765975356102
generated_image_0396.png,0.23251216113567352,0.012491889297962189,0.2827117145061493,0.2598620057106018,0.2175445556640625,0.192138671875
generated_image_0397.png,0.1514388769865036,0.010214880108833313,0.18107068538665771,0.15853726863861084,0.28802490234375,0.2358347624540329
generated_image_0398.png,0.1775531768798828,0.012239784933626652,0.23802316188812256,0.21616750955581665,0.1822509765625,0.1852925717830658
generated_image_0399.png,0.22690054774284363,0.01940091699361801,0.3319410979747772,0.29716306924819946,0.238433837890625,0.297088623046875
generated_image_0400.png,0.14562100172042847,0.006986396387219429,0.1366976946592331,0.09627997875213623,0.1452484130859375,0.1569671630859375
generated_image_0401.png,0.09074656665325165,0.0051706042140722275,0.1272679567337036,0.11708539724349976,0.1837005615234375,0.2072855681180954
generated_image_0402.png,0.11457669734954834,0.004117762669920921,0.13747690618038177,0.11902755498886108,0.1128387451171875,0.1072489470243454
generated_image_0403.png,0.10559561103582382,0.006568899843841791,0.11575531959533691,0.09480822086334229,0.1968231201171875,0.2037913054227829
generated_image_0404.png,0.07951470464468002,0.005437066778540611,0.1263362467288971,0.12268954515457153,0.19989013671875,0.218536376953125
generated_image_0405.png,0.15856139361858368,0.011481048539280891,0.23186790943145752,0.22187888622283936,0.215484619140625,0.2081095427274704
generated_image_0406.png,0.12013773620128632,0.008205534890294075,0.22152477502822876,0.21925336122512817,0.24853515625,0.2380218505859375
generated_image_0407.png,0.12622249126434326,0.009204613044857979,0.1773104965686798,0.15047895908355713,0.15948486328125,0.2058054655790329
generated_image_0408.png,0.10081957280635834,0.007753367535769939,0.1258760541677475,0.10978478193283081,0.2662811279296875,0.2587483823299408
generated_image_0409.png,0.14516833424568176,0.007232325151562691,0.2205752581357956,0.1881934404373169,0.1402435302734375,0.1604410856962204
generated_image_0410.png,0.35061097145080566,0.03569823503494263,0.5644530653953552,0.536831259727478,0.1377410888671875,0.3011372983455658
generated_image_0411.png,0.10453039407730103,0.006103770807385445,0.14897233247756958,0.13637757301330566,0.1946258544921875,0.2061259001493454
generated_image_0412.png,0.12439030408859253,0.007017040159553289,0.18465852737426758,0.17564839124679565,0.1850738525390625,0.1945393979549408
generated_image_0413.png,0.05309905856847763,0.003699563443660736,0.09225257486104965,0.08741599321365356,0.2371978759765625,0.264312744140625
generated_image_0414.png,0.05510681867599487,0.003654283471405506,0.09980811923742294,0.09447544813156128,0.2270050048828125,0.2370656430721283
generated_image_0415.png,0.34135836362838745,0.03148466348648071,0.3830494284629822,0.3582383394241333,0.348876953125,0.3077952265739441
generated_image_0416.png,0.10628323256969452,0.00550124840810895,0.14313751459121704,0.12960892915725708,0.1998138427734375,0.1860097348690033
generated_image_0417.png,0.11037822812795639,0.00759391114115715,0.1510048359632492,0.14584851264953613,0.177459716796875,0.18212890625
generated_image_0418.png,0.31657230854034424,0.02228027768433094,0.31725364923477173,0.29041701555252075,0.1394500732421875,0.1833241879940033
generated_image_0419.png,0.09018584340810776,0.006990003399550915,0.11340254545211792,0.09655952453613281,0.2382659912109375,0.2518259882926941
generated_image_0420.png,0.09981513023376465,0.006964362226426601,0.1446380913257599,0.13401097059249878,0.235565185546875,0.2242635190486908
generated_image_0421.png,0.10670803487300873,0.006338484585285187,0.2080821841955185,0.20547568798065186,0.2369384765625,0.205474853515625
generated_image_0422.png,0.12874898314476013,0.007859633304178715,0.14298737049102783,0.11001956462860107,0.168914794921875,0.1859130859375
generated_image_0423.png,0.0618123821914196,0.004270720295608044,0.1043631061911583,0.0953143835067749,0.2659149169921875,0.2663320004940033
generated_image_0424.png,0.10658904165029526,0.004198797978460789,0.19626984000205994,0.18111270666122437,0.12774658203125,0.1319071501493454
generated_image_0425.png,0.4149188995361328,0.021743319928646088,0.5821400880813599,0.5705128312110901,0.117706298828125,0.1657308042049408
generated_image_0426.png,0.09898750483989716,0.006072754506021738,0.1528945416212082,0.14426499605178833,0.194122314453125,0.1996205747127533
generated_image_0427.png,0.10770724713802338,0.014275866560637951,0.10266523063182831,0.06708204746246338,0.437225341796875,0.4141082763671875
generated_image_0428.png,0.07440271228551865,0.004156886599957943,0.10348986089229584,0.09106206893920898,0.174041748046875,0.1883646696805954
generated_image_0429.png,0.09121114015579224,0.007248361594974995,0.11102714389562607,0.10089379549026489,0.25439453125,0.2676747739315033
generated_image_0430.png,0.09571822732686996,0.005814339965581894,0.13092094659805298,0.11584007740020752,0.21728515625,0.2063649594783783
generated_image_0431.png,0.2012472152709961,0.012658613733947277,0.2673918604850769,0.23981505632400513,0.22088623046875,0.1637369841337204
generated_image_0432.png,0.14019159972667694,0.005558433011174202,0.13164949417114258,0.10708034038543701,0.13238525390625,0.1330363005399704
generated_image_0433.png,0.10142689943313599,0.005522366147488356,0.16503851115703583,0.15355974435806274,0.176239013671875,0.1645609587430954
generated_image_0434.png,0.16925659775733948,0.011059727519750595,0.20799356698989868,0.17809748649597168,0.243377685546875,0.2297719419002533
generated_image_0435.png,0.20920157432556152,0.014162939041852951,0.22863349318504333,0.19287502765655518,0.205047607421875,0.19390869140625
generated_image_0436.png,0.1267264187335968,0.008531531319022179,0.1958116739988327,0.17775458097457886,0.2320556640625,0.2178599089384079
generated_image_0437.png,0.5204315781593323,0.013215554878115654,0.9223000407218933,0.9772124886512756,0.005340576171875,0.0659993514418602
generated_image_0438.png,0.20869413018226624,0.014439534395933151,0.22331023216247559,0.1896842122077942,0.2594757080078125,0.2236124724149704
generated_image_0439.png,0.10000304877758026,0.0084755290299654,0.16052691638469696,0.1484861969947815,0.2891693115234375,0.270355224609375
generated_image_0440.png,0.1125144362449646,0.005939434748142958,0.21640239655971527,0.21962124109268188,0.177154541015625,0.1604054868221283
generated_image_0441.png,0.08173410594463348,0.0050274888053536415,0.124994657933712,0.11279541254043579,0.20233154296875,0.2096964567899704
generated_image_0442.png,0.13971877098083496,0.013179355300962925,0.1789577454328537,0.1543588638305664,0.3126678466796875,0.2671712338924408
generated_image_0443.png,0.23000752925872803,0.009906279854476452,0.24326872825622559,0.18632620573043823,0.0838165283203125,0.115966796875
generated_image_0444.png,0.1750737875699997,0.009680569171905518,0.2845624089241028,0.2709949016571045,0.2001495361328125,0.1756184995174408
generated_image_0445.png,0.159046933054924,0.009947867132723331,0.28545910120010376,0.2776627540588379,0.177490234375,0.1536661833524704
generated_image_0446.png,0.12044040858745575,0.008154122158885002,0.19334346055984497,0.17335444688796997,0.1938323974609375,0.2155354917049408
generated_image_0447.png,0.18933001160621643,0.007536687888205051,0.26898929476737976,0.2242489457130432,0.083648681640625,0.1240946501493454
generated_image_0448.png,0.28652116656303406,0.014673817902803421,0.7460252642631531,0.7275617122650146,0.0850982666015625,0.1880950927734375
generated_image_0449.png,0.08399655669927597,0.007321900688111782,0.14768123626708984,0.13957661390304565,0.2882080078125,0.2817179560661316
generated_image_0450.png,0.10081957280635834,0.007753367535769939,0.1258760541677475,0.10978478193283081,0.2662811279296875,0.2587483823299408
generated_image_0451.png,0.20265287160873413,0.020650304853916168,0.4092637002468109,0.3880404233932495,0.175811767578125,0.3170674741268158
generated_image_0452.png,0.10628323256969452,0.00550124840810895,0.14313751459121704,0.12960892915725708,0.1998138427734375,0.1860097348690033
generated_image_0453.png,0.17114871740341187,0.00968460738658905,0.28502434492111206,0.27365946769714355,0.2553253173828125,0.1844940185546875
generated_image_0454.png,0.20869413018226624,0.014439534395933151,0.22331023216247559,0.1896842122077942,0.2594757080078125,0.2236124724149704
generated_image_0455.png,0.10142689943313599,0.005522366147488356,0.16503851115703583,0.15355974435806274,0.176239013671875,0.1645609587430954
generated_image_0456.png,0.15856139361858368,0.011481048539280891,0.23186790943145752,0.22187888622283936,0.215484619140625,0.2081095427274704
generated_image_0457.png,0.05309905856847763,0.003699563443660736,0.09225257486104965,0.08741599321365356,0.2371978759765625,0.264312744140625
generated_image_0458.png,0.159046933054924,0.009947867132723331,0.28545910120010376,0.2776627540588379,0.177490234375,0.1536661833524704
generated_image_0459.png,0.10658904165029526,0.004198797978460789,0.19626984000205994,0.18111270666122437,0.12774658203125,0.1319071501493454
generated_image_0460.png,0.10559561103582382,0.006568899843841791,0.11575531959533691,0.09480822086334229,0.1968231201171875,0.2037913054227829
generated_image_0461.png,0.09018584340810776,0.006990003399550915,0.11340254545211792,0.09655952453613281,0.2382659912109375,0.2518259882926941
generated_image_0462.png,0.14562100172042847,0.006986396387219429,0.1366976946592331,0.09627997875213623,0.1452484130859375,0.1569671630859375
generated_image_0463.png,0.10317149013280869,0.003342095296829939,0.2101442515850067,0.19801151752471924,0.128326416015625,0.1097361296415329
generated_image_0464.png,0.12622249126434326,0.009204613044857979,0.1773104965686798,0.15047895908355713,0.15948486328125,0.2058054655790329
generated_image_0465.png,0.08173410594463348,0.0050274888053536415,0.124994657933712,0.11279541254043579,0.20233154296875,0.2096964567899704
generated_image_0466.png,0.08402170985937119,0.007319039665162563,0.14768946170806885,0.13957661390304565,0.2882080078125,0.2816874384880066
generated_image_0467.png,0.14019159972667694,0.005558433011174202,0.13164949417114258,0.10708034038543701,0.13238525390625,0.1330363005399704
generated_image_0468.png,0.1465076059103012,0.012137237936258316,0.20591966807842255,0.18405133485794067,0.287689208984375,0.287872314453125
generated_image_0469.png,0.09981513023376465,0.006964362226426601,0.1446380913257599,0.13401097059249878,0.235565185546875,0.2242635190486908
generated_image_0470.png,0.09121114015579224,0.007248361594974995,0.11102714389562607,0.10089379549026489,0.25439453125,0.2676747739315033
generated_image_0471.png,0.35061097145080566,0.03569823503494263,0.5644530653953552,0.536831259727478,0.1377410888671875,0.3011372983455658
generated_image_0472.png,0.22690054774284363,0.01940091699361801,0.3319410979747772,0.29716306924819946,0.238433837890625,0.297088623046875
generated_image_0473.png,0.31657230854034424,0.02228027768433094,0.31725364923477173,0.29041701555252075,0.1394500732421875,0.1833241879940033
generated_image_0474.png,0.1775531768798828,0.012239784933626652,0.23802316188812256,0.21616750955581665,0.1822509765625,0.1852925717830658
generated_image_0475.png,0.09074656665325165,0.0051706042140722275,0.1272679567337036,0.11708539724349976,0.1837005615234375,0.2072855681180954
generated_image_0476.png,0.1750737875699997,0.009680569171905518,0.2845624089241028,0.2709949016571045,0.2001495361328125,0.1756184995174408
generated_image_0477.png,0.34135836362838745,0.03148466348648071,0.3830494284629822,0.3582383394241333,0.348876953125,0.3077952265739441
generated_image_0478.png,0.06707163900136948,0.00491102272644639,0.07796671241521835,0.0716753602027893,0.254241943359375,0.2626292109489441
generated_image_0479.png,0.12044040858745575,0.008154122158885002,0.19334346055984497,0.17335444688796997,0.1938323974609375,0.2155354917049408
generated_image_0480.png,0.05510681867599487,0.003654283471405506,0.09980811923742294,0.09447544813156128,0.2270050048828125,0.2370656430721283
generated_image_0481.png,0.2864939570426941,0.014674859121441841,0.7459583282470703,0.7275302410125732,0.0850982666015625,0.1880594938993454
generated_image_0482.png,0.09571822732686996,0.005814339965581894,0.13092094659805298,0.11584007740020752,0.21728515625,0.2063649594783783
generated_image_0483.png,0.2641538977622986,0.00817185826599598,0.2547709047794342,0.18438857793807983,0.0882720947265625,0.0976765975356102
generated_image_0484.png,0.2012472152709961,0.012658613733947277,0.2673918604850769,0.23981505632400513,0.22088623046875,0.1637369841337204
generated_image_0485.png,0.09898750483989716,0.006072754506021738,0.1528945416212082,0.14426499605178833,0.194122314453125,0.1996205747127533
generated_image_0486.png,0.12874898314476013,0.007859633304178715,0.14298737049102783,0.11001956462860107,0.168914794921875,0.1859130859375
generated_image_0487.png,0.10510589927434921,0.008600627072155476,0.179764062166214,0.16974782943725586,0.260498046875,0.259185791015625
generated_image_0488.png,0.07951470464468002,0.005437066778540611,0.1263362467288971,0.12268954515457153,0.19989013671875,0.218536376953125
generated_image_0489.png,0.16925659775733948,0.011059727519750595,0.20799356698989868,0.17809748649597168,0.243377685546875,0.2297719419002533
generated_image_0490.png,0.19226133823394775,0.013694226741790771,0.24766407907009125,0.2493099570274353,0.283721923828125,0.2529398798942566
generated_image_0491.png,0.23000752925872803,0.009906279854476452,0.24326872825622559,0.18632620573043823,0.0838165283203125,0.115966796875
generated_image_0492.png,0.25277140736579895,0.011370533145964146,0.23553049564361572,0.1801019310951233,0.106719970703125,0.1198933944106102
generated_image_0493.png,0.1267264187335968,0.008531531319022179,0.1958116739988327,0.17775458097457886,0.2320556640625,0.2178599089384079
generated_image_0494.png,0.23251216113567352,0.012491889297962189,0.2827117145061493,0.2598620057106018,0.2175445556640625,0.192138671875
generated_image_0495.png,0.0658918023109436,0.004772084765136242,0.07345527410507202,0.061482787132263184,0.257415771484375,0.2622579038143158
generated_image_0496.png,0.14079752564430237,0.010047079995274544,0.2033829689025879,0.1983407735824585,0.228485107421875,0.1955464780330658
generated_image_0497.png,0.11310356855392456,0.009425751864910126,0.1494053304195404,0.13082557916641235,0.238250732421875,0.2451375424861908
generated_image_0498.png,0.08047761768102646,0.004100995138287544,0.14074712991714478,0.12778151035308838,0.1724090576171875,0.19305419921875
generated_image_0499.png,0.590177059173584,0.025307008996605873,0.9697949290275574,0.9749250411987305,0.009765625,0.1300862729549408
generated_image_0500.png,0.5204315781593323,0.013215554878115654,0.9223000407218933,0.9772124886512756,0.005340576171875,0.0659993514418602
generated_image_0501.png,0.07044194638729095,0.0046849437057971954,0.148979052901268,0.14435642957687378,0.2313690185546875,0.2214406430721283
generated_image_0502.png,0.13971877098083496,0.013179355300962925,0.1789577454328537,0.1543588638305664,0.3126678466796875,0.2671712338924408
generated_image_0503.png,0.08282427489757538,0.005742737557739019,0.13338856399059296,0.12500756978988647,0.2711944580078125,0.2324066162109375
generated_image_0504.png,0.11037822812795639,0.00759391114115715,0.1510048359632492,0.14584851264953613,0.177459716796875,0.18212890625
generated_image_0505.png,0.10000304877758026,0.0084755290299654,0.16052691638469696,0.1484861969947815,0.2891693115234375,0.270355224609375
generated_image_0506.png,0.20920157432556152,0.014162939041852951,0.22863349318504333,0.19287502765655518,0.205047607421875,0.19390869140625
generated_image_0507.png,0.24583326280117035,0.015106412582099438,0.32215753197669983,0.31512898206710815,0.2305908203125,0.1959788054227829
generated_image_0508.png,0.12439030408859253,0.007017040159553289,0.18465852737426758,0.17564839124679565,0.1850738525390625,0.1945393979549408
generated_image_0509.png,0.07440271228551865,0.004156886599957943,0.10348986089229584,0.09106206893920898,0.174041748046875,0.1883646696805954
generated_image_0510.png,0.12013773620128632,0.008205534890294075,0.22152477502822876,0.21925336122512817,0.24853515625,0.2380218505859375
generated_image_0511.png,0.0618123821914196,0.004270720295608044,0.1043631061911583,0.0953143835067749,0.2659149169921875,0.2663320004940033
generated_image_0512.png,0.10670803487300873,0.006338484585285187,0.2080821841955185,0.20547568798065186,0.2369384765625,0.205474853515625
generated_image_0513.png,0.18950682878494263,0.0075381360948085785,0.2688152492046356,0.22412997484207153,0.083648681640625,0.1240590438246727
generated_image_0514.png,0.4149188995361328,0.021743319928646088,0.5821400880813599,0.5705128312110901,0.117706298828125,0.1657308042049408
generated_image_0515.png,0.11092206090688705,0.008913102559745312,0.1868714541196823,0.18090438842773438,0.2757110595703125,0.2522939145565033
generated_image_0516.png,0.1514388769865036,0.010214880108833313,0.18107068538665771,0.15853726863861084,0.28802490234375,0.2358347624540329
generated_image_0517.png,0.1125144362449646,0.005939434748142958,0.21640239655971527,0.21962124109268188,0.177154541015625,0.1604054868221283
generated_image_0518.png,0.10453039407730103,0.006103770807385445,0.14897233247756958,0.13637757301330566,0.1946258544921875,0.2061259001493454
generated_image_0519.png,0.10770724713802338,0.014275866560637951,0.10266523063182831,0.06708204746246338,0.437225341796875,0.4141082763671875
generated_image_0520.png,0.056239884346723557,0.004245926160365343,0.09587687253952026,0.09158134460449219,0.255767822265625,0.2654927670955658
generated_image_0521.png,0.11457669734954834,0.004117762669920921,0.13747690618038177,0.11902755498886108,0.1128387451171875,0.1072489470243454
generated_image_0522.png,0.14511770009994507,0.007230284158140421,0.22060289978981018,0.18829810619354248,0.1402435302734375,0.1604258269071579
generated_image_0523.png,0.14304473996162415,0.0029755018185824156,0.1818644404411316,0.13294368982315063,0.06500244140625,0.0559539794921875
generated_image_0524.png,0.10386975854635239,0.008437171578407288,0.16949301958084106,0.1535826325416565,0.260986328125,0.2602386474609375
generated_image_0525.png,0.08282427489757538,0.005742737557739019,0.13338856399059296,0.12500756978988647,0.2711944580078125,0.2324066162109375
generated_image_0526.png,0.06707163900136948,0.00491102272644639,0.07796671241521835,0.0716753602027893,0.254241943359375,0.2626292109489441
generated_image_0527.png,0.10081957280635834,0.007753367535769939,0.1258760541677475,0.10978478193283081,0.2662811279296875,0.2587483823299408
generated_image_0528.png,0.05309905856847763,0.003699563443660736,0.09225257486104965,0.08741599321365356,0.2371978759765625,0.264312744140625
generated_image_0529.png,0.5204315781593323,0.013215554878115654,0.9223000407218933,0.9772124886512756,0.005340576171875,0.0659993514418602
generated_image_0530.png,0.35061097145080566,0.03569823503494263,0.5644530653953552,0.536831259727478,0.1377410888671875,0.3011372983455658
generated_image_0531.png,0.12439030408859253,0.007017040159553289,0.18465852737426758,0.17564839124679565,0.1850738525390625,0.1945393979549408
generated_image_0532.png,0.08173410594463348,0.0050274888053536415,0.124994657933712,0.11279541254043579,0.20233154296875,0.2096964567899704
generated_image_0533.png,0.14079752564430237,0.010047079995274544,0.2033829689025879,0.1983407735824585,0.228485107421875,0.1955464780330658
generated_image_0534.png,0.18950682878494263,0.0075381360948085785,0.2688152492046356,0.22412997484207153,0.083648681640625,0.1240590438246727
generated_image_0535.png,0.09121114015579224,0.007248361594974995,0.11102714389562607,0.10089379549026489,0.25439453125,0.2676747739315033
generated_image_0536.png,0.09898750483989716,0.006072754506021738,0.1528945416212082,0.14426499605178833,0.194122314453125,0.1996205747127533
generated_image_0537.png,0.22690054774284363,0.01940091699361801,0.3319410979747772,0.29716306924819946,0.238433837890625,0.297088623046875
generated_image_0538.png,0.23000752925872803,0.009906279854476452,0.24326872825622559,0.18632620573043823,0.0838165283203125,0.115966796875
generated_image_0539.png,0.0618123821914196,0.004270720295608044,0.1043631061911583,0.0953143835067749,0.2659149169921875,0.2663320004940033
generated_image_0540.png,0.20920157432556152,0.014162939041852951,0.22863349318504333,0.19287502765655518,0.205047607421875,0.19390869140625
generated_image_0541.png,0.11092206090688705,0.008913102559745312,0.1868714541196823,0.18090438842773438,0.2757110595703125,0.2522939145565033
generated_image_0542.png,0.12874898314476013,0.007859633304178715,0.14298737049102783,0.11001956462860107,0.168914794921875,0.1859130859375
generated_image_0543.png,0.09981513023376465,0.006964362226426601,0.1446380913257599,0.13401097059249878,0.235565185546875,0.2242635190486908
generated_image_0544.png,0.16925659775733948,0.011059727519750595,0.20799356698989868,0.17809748649597168,0.243377685546875,0.2297719419002533
generated_image_0545.png,0.590177059173584,0.025307008996605873,0.9697949290275574,0.9749250411987305,0.009765625,0.1300862729549408
generated_image_0546.png,0.23251216113567352,0.012491889297962189,0.2827117145061493,0.2598620057106018,0.2175445556640625,0.192138671875
generated_image_0547.png,0.20869413018226624,0.014439534395933151,0.22331023216247559,0.1896842122077942,0.2594757080078125,0.2236124724149704
generated_image_0548.png,0.20265287160873413,0.020650304853916168,0.4092637002468109,0.3880404233932495,0.175811767578125,0.3170674741268158
generated_image_0549.png,0.14304032921791077,0.0029759379103779793,0.18181733787059784,0.13294368982315063,0.06500244140625,0.0559590682387352
generated_image_0550.png,0.10628323256969452,0.00550124840810895,0.14313751459121704,0.12960892915725708,0.1998138427734375,0.1860097348690033
generated_image_0551.png,0.07440271228551865,0.004156886599957943,0.10348986089229584,0.09106206893920898,0.174041748046875,0.1883646696805954
generated_image_0552.png,0.08402170985937119,0.007319039665162563,0.14768946170806885,0.13957661390304565,0.2882080078125,0.2816874384880066
generated_image_0553.png,0.10000304877758026,0.0084755290299654,0.16052691638469696,0.1484861969947815,0.2891693115234375,0.270355224609375
generated_image_0554.png,0.24583326280117035,0.015106412582099438,0.32215753197669983,0.31512898206710815,0.2305908203125,0.1959788054227829
generated_image_0555.png,0.10510589927434921,0.008600627072155476,0.179764062166214,0.16974782943725586,0.260498046875,0.259185791015625
generated_image_0556.png,0.34135836362838745,0.03148466348648071,0.3830494284629822,0.3582383394241333,0.348876953125,0.3077952265739441
generated_image_0557.png,0.4149188995361328,0.021743319928646088,0.5821400880813599,0.5705128312110901,0.117706298828125,0.1657308042049408
generated_image_0558.png,0.2012472152709961,0.012658613733947277,0.2673918604850769,0.23981505632400513,0.22088623046875,0.1637369841337204
generated_image_0559.png,0.12622249126434326,0.009204613044857979,0.1773104965686798,0.15047895908355713,0.15948486328125,0.2058054655790329
generated_image_0560.png,0.14562100172042847,0.006986396387219429,0.1366976946592331,0.09627997875213623,0.1452484130859375,0.1569671630859375
generated_image_0561.png,0.14019159972667694,0.005558433011174202,0.13164949417114258,0.10708034038543701,0.13238525390625,0.1330363005399704
generated_image_0562.png,0.056239884346723557,0.004245926160365343,0.09587687253952026,0.09158134460449219,0.255767822265625,0.2654927670955658
generated_image_0563.png,0.10559561103582382,0.006568899843841791,0.11575531959533691,0.09480822086334229,0.1968231201171875,0.2037913054227829
generated_image_0564.png,0.11310356855392456,0.009425751864910126,0.1494053304195404,0.13082557916641235,0.238250732421875,0.2451375424861908
generated_image_0565.png,0.11457669734954834,0.004117762669920921,0.13747690618038177,0.11902755498886108,0.1128387451171875,0.1072489470243454
generated_image_0566.png,0.09074656665325165,0.0051706042140722275,0.1272679567337036,0.11708539724349976,0.1837005615234375,0.2072855681180954
generated_image_0567.png,0.10453039407730103,0.006103770807385445,0.14897233247756958,0.13637757301330566,0.1946258544921875,0.2061259001493454
generated_image_0568.png,0.11037822812795639,0.00759391114115715,0.1510048359632492,0.14584851264953613,0.177459716796875,0.18212890625
generated_image_0569.png,0.07951470464468002,0.005437066778540611,0.1263362467288971,0.12268954515457153,0.19989013671875,0.218536376953125
generated_image_0570.png,0.1514388769865036,0.010214880108833313,0.18107068538665771,0.15853726863861084,0.28802490234375,0.2358347624540329
generated_image_0571.png,0.17114871740341187,0.00968460738658905,0.28502434492111206,0.27365946769714355,0.2553253173828125,0.1844940185546875
generated_image_0572.png,0.08047761768102646,0.004100995138287544,0.14074712991714478,0.12778151035308838,0.1724090576171875,0.19305419921875
generated_image_0573.png,0.09571822732686996,0.005814339965581894,0.13092094659805298,0.11584007740020752,0.21728515625,0.2063649594783783
generated_image_0574.png,0.10658904165029526,0.004198797978460789,0.19626984000205994,0.18111270666122437,0.12774658203125,0.1319071501493454
generated_image_0575.png,0.09018584340810776,0.006990003399550915,0.11340254545211792,0.09655952453613281,0.2382659912109375,0.2518259882926941
generated_image_0576.png,0.1775531768798828,0.012239784933626652,0.23802316188812256,0.21616750955581665,0.1822509765625,0.1852925717830658
generated_image_0577.png,0.14516833424568176,0.007232325151562691,0.2205752581357956,0.1881934404373169,0.1402435302734375,0.1604410856962204
generated_image_0578.png,0.10317149013280869,0.003342095296829939,0.2101442515850067,0.19801151752471924,0.128326416015625,0.1097361296415329
generated_image_0579.png,0.1465076059103012,0.012137237936258316,0.20591966807842255,0.18405133485794067,0.287689208984375,0.287872314453125
generated_image_0580.png,0.10770724713802338,0.014275866560637951,0.10266523063182831,0.06708204746246338,0.437225341796875,0.4141082763671875
generated_image_0581.png,0.1267264187335968,0.008531531319022179,0.1958116739988327,0.17775458097457886,0.2320556640625,0.2178599089384079
generated_image_0582.png,0.19226133823394775,0.013694226741790771,0.24766407907009125,0.2493099570274353,0.283721923828125,0.2529398798942566
generated_image_0583.png,0.15856139361858368,0.011481048539280891,0.23186790943145752,0.22187888622283936,0.215484619140625,0.2081095427274704
generated_image_0584.png,0.07044194638729095,0.0046849437057971954,0.148979052901268,0.14435642957687378,0.2313690185546875,0.2214406430721283
generated_image_0585.png,0.2641538977622986,0.00817185826599598,0.2547709047794342,0.18438857793807983,0.0882720947265625,0.0976765975356102
generated_image_0586.png,0.05510681867599487,0.003654283471405506,0.09980811923742294,0.09447544813156128,0.2270050048828125,0.2370656430721283
generated_image_0587.png,0.2864939570426941,0.014674859121441841,0.7459583282470703,0.7275302410125732,0.0850982666015625,0.1880594938993454
generated_image_0588.png,0.10670803487300873,0.006338484585285187,0.2080821841955185,0.20547568798065186,0.2369384765625,0.205474853515625
generated_image_0589.png,0.25277140736579895,0.011370533145964146,0.23553049564361572,0.1801019310951233,0.106719970703125,0.1198933944106102
generated_image_0590.png,0.0658918023109436,0.004772084765136242,0.07345527410507202,0.061482787132263184,0.257415771484375,0.2622579038143158
generated_image_0591.png,0.13971877098083496,0.013179355300962925,0.1789577454328537,0.1543588638305664,0.3126678466796875,0.2671712338924408
generated_image_0592.png,0.10142689943313599,0.005522366147488356,0.16503851115703583,0.15355974435806274,0.176239013671875,0.1645609587430954
generated_image_0593.png,0.12013773620128632,0.008205534890294075,0.22152477502822876,0.21925336122512817,0.24853515625,0.2380218505859375
generated_image_0594.png,0.31657230854034424,0.02228027768433094,0.31725364923477173,0.29041701555252075,0.1394500732421875,0.1833241879940033
generated_image_0595.png,0.12044040858745575,0.008154122158885002,0.19334346055984497,0.17335444688796997,0.1938323974609375,0.2155354917049408
generated_image_0596.png,0.10389184951782227,0.0084383524954319,0.16946594417095184,0.1535826325416565,0.260986328125,0.2602335810661316
generated_image_0597.png,0.11252444982528687,0.005939287133514881,0.21645943820476532,0.21962124109268188,0.177154541015625,0.1603902280330658
generated_image_0598.png,0.1751219481229782,0.009677847847342491,0.28449779748916626,0.2709949016571045,0.2001495361328125,0.17559814453125
generated_image_0599.png,0.1591176986694336,0.009948167949914932,0.285508394241333,0.2776627540588379,0.177490234375,0.1536611020565033
generated_image_0600.png,0.10317149013280869,0.003342095296829939,0.2101442515850067,0.19801151752471924,0.128326416015625,0.1097361296415329
generated_image_0601.png,0.12044040858745575,0.008154122158885002,0.19334346055984497,0.17335444688796997,0.1938323974609375,0.2155354917049408
generated_image_0602.png,0.10081957280635834,0.007753367535769939,0.1258760541677475,0.10978478193283081,0.2662811279296875,0.2587483823299408
generated_image_0603.png,0.17114871740341187,0.00968460738658905,0.28502434492111206,0.27365946769714355,0.2553253173828125,0.1844940185546875
generated_image_0604.png,0.23251216113567352,0.012491889297962189,0.2827117145061493,0.2598620057106018,0.2175445556640625,0.192138671875
generated_image_0605.png,0.590177059173584,0.025307008996605873,0.9697949290275574,0.9749250411987305,0.009765625,0.1300862729549408
generated_image_0606.png,0.10559561103582382,0.006568899843841791,0.11575531959533691,0.09480822086334229,0.1968231201171875,0.2037913054227829
generated_image_0607.png,0.14079752564430237,0.010047079995274544,0.2033829689025879,0.1983407735824585,0.228485107421875,0.1955464780330658
generated_image_0608.png,0.10389184951782227,0.0084383524954319,0.16946594417095184,0.1535826325416565,0.260986328125,0.2602335810661316
generated_image_0609.png,0.10658904165029526,0.004198797978460789,0.19626984000205994,0.18111270666122437,0.12774658203125,0.1319071501493454
generated_image_0610.png,0.08402170985937119,0.007319039665162563,0.14768946170806885,0.13957661390304565,0.2882080078125,0.2816874384880066
generated_image_0611.png,0.34135836362838745,0.03148466348648071,0.3830494284629822,0.3582383394241333,0.348876953125,0.3077952265739441
generated_image_0612.png,0.20265287160873413,0.020650304853916168,0.4092637002468109,0.3880404233932495,0.175811767578125,0.3170674741268158
generated_image_0613.png,0.16925659775733948,0.011059727519750595,0.20799356698989868,0.17809748649597168,0.243377685546875,0.2297719419002533
generated_image_0614.png,0.14516833424568176,0.007232325151562691,0.2205752581357956,0.1881934404373169,0.1402435302734375,0.1604410856962204
generated_image_0615.png,0.06707163900136948,0.00491102272644639,0.07796671241521835,0.0716753602027893,0.254241943359375,0.2626292109489441
generated_image_0616.png,0.18950682878494263,0.0075381360948085785,0.2688152492046356,0.22412997484207153,0.083648681640625,0.1240590438246727
generated_image_0617.png,0.23000752925872803,0.009906279854476452,0.24326872825622559,0.18632620573043823,0.0838165283203125,0.115966796875
generated_image_0618.png,0.12622249126434326,0.009204613044857979,0.1773104965686798,0.15047895908355713,0.15948486328125,0.2058054655790329
generated_image_0619.png,0.0658918023109436,0.004772084765136242,0.07345527410507202,0.061482787132263184,0.257415771484375,0.2622579038143158
generated_image_0620.png,0.31657230854034424,0.02228027768433094,0.31725364923477173,0.29041701555252075,0.1394500732421875,0.1833241879940033
generated_image_0621.png,0.07044194638729095,0.0046849437057971954,0.148979052901268,0.14435642957687378,0.2313690185546875,0.2214406430721283
generated_image_0622.png,0.14304032921791077,0.0029759379103779793,0.18181733787059784,0.13294368982315063,0.06500244140625,0.0559590682387352
generated_image_0623.png,0.09018584340810776,0.006990003399550915,0.11340254545211792,0.09655952453613281,0.2382659912109375,0.2518259882926941
generated_image_0624.png,0.20869413018226624,0.014439534395933151,0.22331023216247559,0.1896842122077942,0.2594757080078125,0.2236124724149704
generated_image_0625.png,0.056239884346723557,0.004245926160365343,0.09587687253952026,0.09158134460449219,0.255767822265625,0.2654927670955658
generated_image_0626.png,0.22690054774284363,0.01940091699361801,0.3319410979747772,0.29716306924819946,0.238433837890625,0.297088623046875
generated_image_0627.png,0.10770724713802338,0.014275866560637951,0.10266523063182831,0.06708204746246338,0.437225341796875,0.4141082763671875
generated_image_0628.png,0.19226133823394775,0.013694226741790771,0.24766407907009125,0.2493099570274353,0.283721923828125,0.2529398798942566
generated_image_0629.png,0.08282427489757538,0.005742737557739019,0.13338856399059296,0.12500756978988647,0.2711944580078125,0.2324066162109375
generated_image_0630.png,0.1775531768798828,0.012239784933626652,0.23802316188812256,0.21616750955581665,0.1822509765625,0.1852925717830658
generated_image_0631.png,0.0618123821914196,0.004270720295608044,0.1043631061911583,0.0953143835067749,0.2659149169921875,0.2663320004940033
generated_image_0632.png,0.07951470464468002,0.005437066778540611,0.1263362467288971,0.12268954515457153,0.19989013671875,0.218536376953125
generated_image_0633.png,0.1267264187335968,0.008531531319022179,0.1958116739988327,0.17775458097457886,0.2320556640625,0.2178599089384079
generated_image_0634.png,0.10142689943313599,0.005522366147488356,0.16503851115703583,0.15355974435806274,0.176239013671875,0.1645609587430954
generated_image_0635.png,0.20920157432556152,0.014162939041852951,0.22863349318504333,0.19287502765655518,0.205047607421875,0.19390869140625
generated_image_0636.png,0.05510681867599487,0.003654283471405506,0.09980811923742294,0.09447544813156128,0.2270050048828125,0.2370656430721283
generated_image_0637.png,0.14562100172042847,0.006986396387219429,0.1366976946592331,0.09627997875213623,0.1452484130859375,0.1569671630859375
generated_image_0638.png,0.13971877098083496,0.013179355300962925,0.1789577454328537,0.1543588638305664,0.3126678466796875,0.2671712338924408
generated_image_0639.png,0.10670803487300873,0.006338484585285187,0.2080821841955185,0.20547568798065186,0.2369384765625,0.205474853515625
generated_image_0640.png,0.05309905856847763,0.003699563443660736,0.09225257486104965,0.08741599321365356,0.2371978759765625,0.264312744140625
generated_image_0641.png,0.07440271228551865,0.004156886599957943,0.10348986089229584,0.09106206893920898,0.174041748046875,0.1883646696805954
generated_image_0642.png,0.10000304877758026,0.0084755290299654,0.16052691638469696,0.1484861969947815,0.2891693115234375,0.270355224609375
generated_image_0643.png,0.15856139361858368,0.011481048539280891,0.23186790943145752,0.22187888622283936,0.215484619140625,0.2081095427274704
generated_image_0644.png,0.25277140736579895,0.011370533145964146,0.23553049564361572,0.1801019310951233,0.106719970703125,0.1198933944106102
generated_image_0645.png,0.11092206090688705,0.008913102559745312,0.1868714541196823,0.18090438842773438,0.2757110595703125,0.2522939145565033
generated_image_0646.png,0.24583326280117035,0.015106412582099438,0.32215753197669983,0.31512898206710815,0.2305908203125,0.1959788054227829
generated_image_0647.png,0.35061097145080566,0.03569823503494263,0.5644530653953552,0.536831259727478,0.1377410888671875,0.3011372983455658
generated_image_0648.png,0.10628323256969452,0.00550124840810895,0.14313751459121704,0.12960892915725708,0.1998138427734375,0.1860097348690033
generated_image_0649.png,0.1465076059103012,0.012137237936258316,0.20591966807842255,0.18405133485794067,0.287689208984375,0.287872314453125
generated_image_0650.png,0.2012472152709961,0.012658613733947277,0.2673918604850769,0.23981505632400513,0.22088623046875,0.1637369841337204
generated_image_0651.png,0.10453039407730103,0.006103770807385445,0.14897233247756958,0.13637757301330566,0.1946258544921875,0.2061259001493454
generated_image_0652.png,0.08173410594463348,0.0050274888053536415,0.124994657933712,0.11279541254043579,0.20233154296875,0.2096964567899704
generated_image_0653.png,0.08047761768102646,0.004100995138287544,0.14074712991714478,0.12778151035308838,0.1724090576171875,0.19305419921875
generated_image_0654.png,0.11457669734954834,0.004117762669920921,0.13747690618038177,0.11902755498886108,0.1128387451171875,0.1072489470243454
generated_image_0655.png,0.09898750483989716,0.006072754506021738,0.1528945416212082,0.14426499605178833,0.194122314453125,0.1996205747127533
generated_image_0656.png,0.1514388769865036,0.010214880108833313,0.18107068538665771,0.15853726863861084,0.28802490234375,0.2358347624540329
generated_image_0657.png,0.4149188995361328,0.021743319928646088,0.5821400880813599,0.5705128312110901,0.117706298828125,0.1657308042049408
generated_image_0658.png,0.10510589927434921,0.008600627072155476,0.179764062166214,0.16974782943725586,0.260498046875,0.259185791015625
generated_image_0659.png,0.09981513023376465,0.006964362226426601,0.1446380913257599,0.13401097059249878,0.235565185546875,0.2242635190486908
generated_image_0660.png,0.2641538977622986,0.00817185826599598,0.2547709047794342,0.18438857793807983,0.0882720947265625,0.0976765975356102
generated_image_0661.png,0.09074656665325165,0.0051706042140722275,0.1272679567337036,0.11708539724349976,0.1837005615234375,0.2072855681180954
generated_image_0662.png,0.14019159972667694,0.005558433011174202,0.13164949417114258,0.10708034038543701,0.13238525390625,0.1330363005399704
generated_image_0663.png,0.12013773620128632,0.008205534890294075,0.22152477502822876,0.21925336122512817,0.24853515625,0.2380218505859375
generated_image_0664.png,0.09121114015579224,0.007248361594974995,0.11102714389562607,0.10089379549026489,0.25439453125,0.2676747739315033
generated_image_0665.png,0.12874898314476013,0.007859633304178715,0.14298737049102783,0.11001956462860107,0.168914794921875,0.1859130859375
generated_image_0666.png,0.09571822732686996,0.005814339965581894,0.13092094659805298,0.11584007740020752,0.21728515625,0.2063649594783783
generated_image_0667.png,0.12439030408859253,0.007017040159553289,0.18465852737426758,0.17564839124679565,0.1850738525390625,0.1945393979549408
generated_image_0668.png,0.11310356855392456,0.009425751864910126,0.1494053304195404,0.13082557916641235,0.238250732421875,0.2451375424861908
generated_image_0669.png,0.5204315781593323,0.013215554878115654,0.9223000407218933,0.9772124886512756,0.005340576171875,0.0659993514418602
generated_image_0670.png,0.2864939570426941,0.014674859121441841,0.7459583282470703,0.7275302410125732,0.0850982666015625,0.1880594938993454
generated_image_0671.png,0.11037822812795639,0.00759391114115715,0.1510048359632492,0.14584851264953613,0.177459716796875,0.18212890625
generated_image_0672.png,0.1751219481229782,0.009677847847342491,0.28449779748916626,0.2709949016571045,0.2001495361328125,0.17559814453125
generated_image_0673.png,0.1591176986694336,0.009948167949914932,0.285508394241333,0.2776627540588379,0.177490234375,0.1536611020565033
generated_image_0674.png,0.11252444982528687,0.005939287133514881,0.21645943820476532,0.21962124109268188,0.177154541015625,0.1603902280330658
generated_image_0675.png,0.1125144362449646,0.005939434748142958,0.21640239655971527,0.21962124109268188,0.177154541015625,0.1604054868221283
generated_image_0676.png,0.1750737875699997,0.009680569171905518,0.2845624089241028,0.2709949016571045,0.2001495361328125,0.1756184995174408
generated_image_0677.png,0.0658918023109436,0.004772084765136242,0.07345527410507202,0.061482787132263184,0.257415771484375,0.2622579038143158
generated_image_0678.png,0.20920157432556152,0.014162939041852951,0.22863349318504333,0.19287502765655518,0.205047607421875,0.19390869140625
generated_image_0679.png,0.10000304877758026,0.0084755290299654,0.16052691638469696,0.1484861969947815,0.2891693115234375,0.270355224609375
generated_image_0680.png,0.20265287160873413,0.020650304853916168,0.4092637002468109,0.3880404233932495,0.175811767578125,0.3170674741268158
generated_image_0681.png,0.11457669734954834,0.004117762669920921,0.13747690618038177,0.11902755498886108,0.1128387451171875,0.1072489470243454
generated_image_0682.png,0.11092206090688705,0.008913102559745312,0.1868714541196823,0.18090438842773438,0.2757110595703125,0.2522939145565033
generated_image_0683.png,0.11310356855392456,0.009425751864910126,0.1494053304195404,0.13082557916641235,0.238250732421875,0.2451375424861908
generated_image_0684.png,0.159046933054924,0.009947867132723331,0.28545910120010376,0.2776627540588379,0.177490234375,0.1536661833524704
generated_image_0685.png,0.14562100172042847,0.006986396387219429,0.1366976946592331,0.09627997875213623,0.1452484130859375,0.1569671630859375
generated_image_0686.png,0.12439030408859253,0.007017040159553289,0.18465852737426758,0.17564839124679565,0.1850738525390625,0.1945393979549408
generated_image_0687.png,0.08282427489757538,0.005742737557739019,0.13338856399059296,0.12500756978988647,0.2711944580078125,0.2324066162109375
generated_image_0688.png,0.09981513023376465,0.006964362226426601,0.1446380913257599,0.13401097059249878,0.235565185546875,0.2242635190486908
generated_image_0689.png,0.23251216113567352,0.012491889297962189,0.2827117145061493,0.2598620057106018,0.2175445556640625,0.192138671875
generated_image_0690.png,0.34135836362838745,0.03148466348648071,0.3830494284629822,0.3582383394241333,0.348876953125,0.3077952265739441
generated_image_0691.png,0.1465076059103012,0.012137237936258316,0.20591966807842255,0.18405133485794067,0.287689208984375,0.287872314453125
generated_image_0692.png,0.11037822812795639,0.00759391114115715,0.1510048359632492,0.14584851264953613,0.177459716796875,0.18212890625
generated_image_0693.png,0.4149188995361328,0.021743319928646088,0.5821400880813599,0.5705128312110901,0.117706298828125,0.1657308042049408
generated_image_0694.png,0.22690054774284363,0.01940091699361801,0.3319410979747772,0.29716306924819946,0.238433837890625,0.297088623046875
generated_image_0695.png,0.12874898314476013,0.007859633304178715,0.14298737049102783,0.11001956462860107,0.168914794921875,0.1859130859375
generated_image_0696.png,0.08047761768102646,0.004100995138287544,0.14074712991714478,0.12778151035308838,0.1724090576171875,0.19305419921875
generated_image_0697.png,0.15856139361858368,0.011481048539280891,0.23186790943145752,0.22187888622283936,0.215484619140625,0.2081095427274704
generated_image_0698.png,0.1775531768798828,0.012239784933626652,0.23802316188812256,0.21616750955581665,0.1822509765625,0.1852925717830658
generated_image_0699.png,0.12044040858745575,0.008154122158885002,0.19334346055984497,0.17335444688796997,0.1938323974609375,0.2155354917049408
generated_image_0700.png,0.31657230854034424,0.02228027768433094,0.31725364923477173,0.29041701555252075,0.1394500732421875,0.1833241879940033
generated_image_0701.png,0.23000752925872803,0.009906279854476452,0.24326872825622559,0.18632620573043823,0.0838165283203125,0.115966796875
generated_image_0702.png,0.056239884346723557,0.004245926160365343,0.09587687253952026,0.09158134460449219,0.255767822265625,0.2654927670955658
generated_image_0703.png,0.10770724713802338,0.014275866560637951,0.10266523063182831,0.06708204746246338,0.437225341796875,0.4141082763671875
generated_image_0704.png,0.5204315781593323,0.013215554878115654,0.9223000407218933,0.9772124886512756,0.005340576171875,0.0659993514418602
generated_image_0705.png,0.2641538977622986,0.00817185826599598,0.2547709047794342,0.18438857793807983,0.0882720947265625,0.0976765975356102
generated_image_0706.png,0.10670803487300873,0.006338484585285187,0.2080821841955185,0.20547568798065186,0.2369384765625,0.205474853515625
generated_image_0707.png,0.08402170985937119,0.007319039665162563,0.14768946170806885,0.13957661390304565,0.2882080078125,0.2816874384880066
generated_image_0708.png,0.17114871740341187,0.00968460738658905,0.28502434492111206,0.27365946769714355,0.2553253173828125,0.1844940185546875
generated_image_0709.png,0.09018584340810776,0.006990003399550915,0.11340254545211792,0.09655952453613281,0.2382659912109375,0.2518259882926941
generated_image_0710.png,0.05309905856847763,0.003699563443660736,0.09225257486104965,0.08741599321365356,0.2371978759765625,0.264312744140625
generated_image_0711.png,0.07951470464468002,0.005437066778540611,0.1263362467288971,0.12268954515457153,0.19989013671875,0.218536376953125
generated_image_0712.png,0.10658904165029526,0.004198797978460789,0.19626984000205994,0.18111270666122437,0.12774658203125,0.1319071501493454
generated_image_0713.png,0.590177059173584,0.025307008996605873,0.9697949290275574,0.9749250411987305,0.009765625,0.1300862729549408
generated_image_0714.png,0.2864939570426941,0.014674859121441841,0.7459583282470703,0.7275302410125732,0.0850982666015625,0.1880594938993454
generated_image_0715.png,0.08173410594463348,0.0050274888053536415,0.124994657933712,0.11279541254043579,0.20233154296875,0.2096964567899704
generated_image_0716.png,0.10628323256969452,0.00550124840810895,0.14313751459121704,0.12960892915725708,0.1998138427734375,0.1860097348690033
generated_image_0717.png,0.10389184951782227,0.0084383524954319,0.16946594417095184,0.1535826325416565,0.260986328125,0.2602335810661316
generated_image_0718.png,0.0618123821914196,0.004270720295608044,0.1043631061911583,0.0953143835067749,0.2659149169921875,0.2663320004940033
generated_image_0719.png,0.19226133823394775,0.013694226741790771,0.24766407907009125,0.2493099570274353,0.283721923828125,0.2529398798942566
generated_image_0720.png,0.07440271228551865,0.004156886599957943,0.10348986089229584,0.09106206893920898,0.174041748046875,0.1883646696805954
generated_image_0721.png,0.09898750483989716,0.006072754506021738,0.1528945416212082,0.14426499605178833,0.194122314453125,0.1996205747127533
generated_image_0722.png,0.24583326280117035,0.015106412582099438,0.32215753197669983,0.31512898206710815,0.2305908203125,0.1959788054227829
generated_image_0723.png,0.09571822732686996,0.005814339965581894,0.13092094659805298,0.11584007740020752,0.21728515625,0.2063649594783783
generated_image_0724.png,0.12622249126434326,0.009204613044857979,0.1773104965686798,0.15047895908355713,0.15948486328125,0.2058054655790329
generated_image_0725.png,0.18950682878494263,0.0075381360948085785,0.2688152492046356,0.22412997484207153,0.083648681640625,0.1240590438246727
generated_image_0726.png,0.14079752564430237,0.010047079995274544,0.2033829689025879,0.1983407735824585,0.228485107421875,0.1955464780330658
generated_image_0727.png,0.06707163900136948,0.00491102272644639,0.07796671241521835,0.0716753602027893,0.254241943359375,0.2626292109489441
generated_image_0728.png,0.13971877098083496,0.013179355300962925,0.1789577454328537,0.1543588638305664,0.3126678466796875,0.2671712338924408
generated_image_0729.png,0.09074656665325165,0.0051706042140722275,0.1272679567337036,0.11708539724349976,0.1837005615234375,0.2072855681180954
generated_image_0730.png,0.10081957280635834,0.007753367535769939,0.1258760541677475,0.10978478193283081,0.2662811279296875,0.2587483823299408
generated_image_0731.png,0.10510589927434921,0.008600627072155476,0.179764062166214,0.16974782943725586,0.260498046875,0.259185791015625
generated_image_0732.png,0.35061097145080566,0.03569823503494263,0.5644530653953552,0.536831259727478,0.1377410888671875,0.3011372983455658
generated_image_0733.png,0.1514388769865036,0.010214880108833313,0.18107068538665771,0.15853726863861084,0.28802490234375,0.2358347624540329
generated_image_0734.png,0.14019159972667694,0.005558433011174202,0.13164949417114258,0.10708034038543701,0.13238525390625,0.1330363005399704
generated_image_0735.png,0.10142689943313599,0.005522366147488356,0.16503851115703583,0.15355974435806274,0.176239013671875,0.1645609587430954
generated_image_0736.png,0.10317149013280869,0.003342095296829939,0.2101442515850067,0.19801151752471924,0.128326416015625,0.1097361296415329
generated_image_0737.png,0.2012472152709961,0.012658613733947277,0.2673918604850769,0.23981505632400513,0.22088623046875,0.1637369841337204
generated_image_0738.png,0.10559561103582382,0.006568899843841791,0.11575531959533691,0.09480822086334229,0.1968231201171875,0.2037913054227829
generated_image_0739.png,0.07044194638729095,0.0046849437057971954,0.148979052901268,0.14435642957687378,0.2313690185546875,0.2214406430721283
generated_image_0740.png,0.09121114015579224,0.007248361594974995,0.11102714389562607,0.10089379549026489,0.25439453125,0.2676747739315033
generated_image_0741.png,0.20869413018226624,0.014439534395933151,0.22331023216247559,0.1896842122077942,0.2594757080078125,0.2236124724149704
generated_image_0742.png,0.1267264187335968,0.008531531319022179,0.1958116739988327,0.17775458097457886,0.2320556640625,0.2178599089384079
generated_image_0743.png,0.14516833424568176,0.007232325151562691,0.2205752581357956,0.1881934404373169,0.1402435302734375,0.1604410856962204
generated_image_0744.png,0.25277140736579895,0.011370533145964146,0.23553049564361572,0.1801019310951233,0.106719970703125,0.1198933944106102
generated_image_0745.png,0.12013773620128632,0.008205534890294075,0.22152477502822876,0.21925336122512817,0.24853515625,0.2380218505859375
generated_image_0746.png,0.05510681867599487,0.003654283471405506,0.09980811923742294,0.09447544813156128,0.2270050048828125,0.2370656430721283
generated_image_0747.png,0.104561448097229,0.006105924025177956,0.14897172152996063,0.13641071319580078,0.1946258544921875,0.2061614990234375
generated_image_0748.png,0.1690993756055832,0.01106213964521885,0.20798903703689575,0.17815148830413818,0.243377685546875,0.2297719419002533
generated_image_0749.png,0.14304473996162415,0.0029755018185824156,0.1818644404411316,0.13294368982315063,0.06500244140625,0.0559539794921875
generated_image_0750.png,0.10000304877758026,0.0084755290299654,0.16052691638469696,0.1484861969947815,0.2891693115234375,0.270355224609375
generated_image_0751.png,0.11037822812795639,0.00759391114115715,0.1510048359632492,0.14584851264953613,0.177459716796875,0.18212890625
generated_image_0752.png,0.23251216113567352,0.012491889297962189,0.2827117145061493,0.2598620057106018,0.2175445556640625,0.192138671875
generated_image_0753.png,0.2012472152709961,0.012658613733947277,0.2673918604850769,0.23981505632400513,0.22088623046875,0.1637369841337204
generated_image_0754.png,0.35061097145080566,0.03569823503494263,0.5644530653953552,0.536831259727478,0.1377410888671875,0.3011372983455658
generated_image_0755.png,0.09571822732686996,0.005814339965581894,0.13092094659805298,0.11584007740020752,0.21728515625,0.2063649594783783
generated_image_0756.png,0.07951470464468002,0.005437066778540611,0.1263362467288971,0.12268954515457153,0.19989013671875,0.218536376953125
generated_image_0757.png,0.08282427489757538,0.005742737557739019,0.13338856399059296,0.12500756978988647,0.2711944580078125,0.2324066162109375
generated_image_0758.png,0.1750737875699997,0.009680569171905518,0.2845624089241028,0.2709949016571045,0.2001495361328125,0.1756184995174408
generated_image_0759.png,0.14019159972667694,0.005558433011174202,0.13164949417114258,0.10708034038543701,0.13238525390625,0.1330363005399704
generated_image_0760.png,0.13971877098083496,0.013179355300962925,0.1789577454328537,0.1543588638305664,0.3126678466796875,0.2671712338924408
generated_image_0761.png,0.159046933054924,0.009947867132723331,0.28545910120010376,0.2776627540588379,0.177490234375,0.1536661833524704
generated_image_0762.png,0.06707163900136948,0.00491102272644639,0.07796671241521835,0.0716753602027893,0.254241943359375,0.2626292109489441
generated_image_0763.png,0.1465076059103012,0.012137237936258316,0.20591966807842255,0.18405133485794067,0.287689208984375,0.287872314453125
generated_image_0764.png,0.1775531768798828,0.012239784933626652,0.23802316188812256,0.21616750955581665,0.1822509765625,0.1852925717830658
generated_image_0765.png,0.11092206090688705,0.008913102559745312,0.1868714541196823,0.18090438842773438,0.2757110595703125,0.2522939145565033
generated_image_0766.png,0.18950682878494263,0.0075381360948085785,0.2688152492046356,0.22412997484207153,0.083648681640625,0.1240590438246727
generated_image_0767.png,0.08047761768102646,0.004100995138287544,0.14074712991714478,0.12778151035308838,0.1724090576171875,0.19305419921875
generated_image_0768.png,0.10453039407730103,0.006103770807385445,0.14897233247756958,0.13637757301330566,0.1946258544921875,0.2061259001493454
generated_image_0769.png,0.20265287160873413,0.020650304853916168,0.4092637002468109,0.3880404233932495,0.175811767578125,0.3170674741268158
generated_image_0770.png,0.0618123821914196,0.004270720295608044,0.1043631061911583,0.0953143835067749,0.2659149169921875,0.2663320004940033
generated_image_0771.png,0.22690054774284363,0.01940091699361801,0.3319410979747772,0.29716306924819946,0.238433837890625,0.297088623046875
generated_image_0772.png,0.590177059173584,0.025307008996605873,0.9697949290275574,0.9749250411987305,0.009765625,0.1300862729549408
generated_image_0773.png,0.10317149013280869,0.003342095296829939,0.2101442515850067,0.19801151752471924,0.128326416015625,0.1097361296415329
generated_image_0774.png,0.20920157432556152,0.014162939041852951,0.22863349318504333,0.19287502765655518,0.205047607421875,0.19390869140625
generated_image_0775.png,0.31657230854034424,0.02228027768433094,0.31725364923477173,0.29041701555252075,0.1394500732421875,0.1833241879940033
generated_image_0776.png,0.20869413018226624,0.014439534395933151,0.22331023216247559,0.1896842122077942,0.2594757080078125,0.2236124724149704
generated_image_0777.png,0.2641538977622986,0.00817185826599598,0.2547709047794342,0.18438857793807983,0.0882720947265625,0.0976765975356102
generated_image_0778.png,0.07440271228551865,0.004156886599957943,0.10348986089229584,0.09106206893920898,0.174041748046875,0.1883646696805954
generated_image_0779.png,0.07044194638729095,0.0046849437057971954,0.148979052901268,0.14435642957687378,0.2313690185546875,0.2214406430721283
generated_image_0780.png,0.14079752564430237,0.010047079995274544,0.2033829689025879,0.1983407735824585,0.228485107421875,0.1955464780330658
generated_image_0781.png,0.1267264187335968,0.008531531319022179,0.1958116739988327,0.17775458097457886,0.2320556640625,0.2178599089384079
generated_image_0782.png,0.10081957280635834,0.007753367535769939,0.1258760541677475,0.10978478193283081,0.2662811279296875,0.2587483823299408
generated_image_0783.png,0.5204315781593323,0.013215554878115654,0.9223000407218933,0.9772124886512756,0.005340576171875,0.0659993514418602
generated_image_0784.png,0.10142689943313599,0.005522366147488356,0.16503851115703583,0.15355974435806274,0.176239013671875,0.1645609587430954
generated_image_0785.png,0.14562100172042847,0.006986396387219429,0.1366976946592331,0.09627997875213623,0.1452484130859375,0.1569671630859375
generated_image_0786.png,0.09898750483989716,0.006072754506021738,0.1528945416212082,0.14426499605178833,0.194122314453125,0.1996205747127533
generated_image_0787.png,0.09981513023376465,0.006964362226426601,0.1446380913257599,0.13401097059249878,0.235565185546875,0.2242635190486908
generated_image_0788.png,0.08402170985937119,0.007319039665162563,0.14768946170806885,0.13957661390304565,0.2882080078125,0.2816874384880066
generated_image_0789.png,0.2864939570426941,0.014674859121441841,0.7459583282470703,0.7275302410125732,0.0850982666015625,0.1880594938993454
generated_image_0790.png,0.08173410594463348,0.0050274888053536415,0.124994657933712,0.11279541254043579,0.20233154296875,0.2096964567899704
generated_image_0791.png,0.24583326280117035,0.015106412582099438,0.32215753197669983,0.31512898206710815,0.2305908203125,0.1959788054227829
generated_image_0792.png,0.09018584340810776,0.006990003399550915,0.11340254545211792,0.09655952453613281,0.2382659912109375,0.2518259882926941
generated_image_0793.png,0.1514388769865036,0.010214880108833313,0.18107068538665771,0.15853726863861084,0.28802490234375,0.2358347624540329
generated_image_0794.png,0.05309905856847763,0.003699563443660736,0.09225257486104965,0.08741599321365356,0.2371978759765625,0.264312744140625
generated_image_0795.png,0.12439030408859253,0.007017040159553289,0.18465852737426758,0.17564839124679565,0.1850738525390625,0.1945393979549408
generated_image_0796.png,0.25277140736579895,0.011370533145964146,0.23553049564361572,0.1801019310951233,0.106719970703125,0.1198933944106102
generated_image_0797.png,0.11310356855392456,0.009425751864910126,0.1494053304195404,0.13082557916641235,0.238250732421875,0.2451375424861908
generated_image_0798.png,0.0658918023109436,0.004772084765136242,0.07345527410507202,0.061482787132263184,0.257415771484375,0.2622579038143158
generated_image_0799.png,0.15856139361858368,0.011481048539280891,0.23186790943145752,0.22187888622283936,0.215484619140625,0.2081095427274704
generated_image_0800.png,0.34135836362838745,0.03148466348648071,0.3830494284629822,0.3582383394241333,0.348876953125,0.3077952265739441
generated_image_0801.png,0.12013773620128632,0.008205534890294075,0.22152477502822876,0.21925336122512817,0.24853515625,0.2380218505859375
generated_image_0802.png,0.12874898314476013,0.007859633304178715,0.14298737049102783,0.11001956462860107,0.168914794921875,0.1859130859375
generated_image_0803.png,0.10770724713802338,0.014275866560637951,0.10266523063182831,0.06708204746246338,0.437225341796875,0.4141082763671875
generated_image_0804.png,0.11457669734954834,0.004117762669920921,0.13747690618038177,0.11902755498886108,0.1128387451171875,0.1072489470243454
generated_image_0805.png,0.14516833424568176,0.007232325151562691,0.2205752581357956,0.1881934404373169,0.1402435302734375,0.1604410856962204
generated_image_0806.png,0.10559561103582382,0.006568899843841791,0.11575531959533691,0.09480822086334229,0.1968231201171875,0.2037913054227829
generated_image_0807.png,0.09121114015579224,0.007248361594974995,0.11102714389562607,0.10089379549026489,0.25439453125,0.2676747739315033
generated_image_0808.png,0.14304032921791077,0.0029759379103779793,0.18181733787059784,0.13294368982315063,0.06500244140625,0.0559590682387352
generated_image_0809.png,0.10389184951782227,0.0084383524954319,0.16946594417095184,0.1535826325416565,0.260986328125,0.2602335810661316
generated_image_0810.png,0.16925659775733948,0.011059727519750595,0.20799356698989868,0.17809748649597168,0.243377685546875,0.2297719419002533
generated_image_0811.png,0.05510681867599487,0.003654283471405506,0.09980811923742294,0.09447544813156128,0.2270050048828125,0.2370656430721283
generated_image_0812.png,0.09074656665325165,0.0051706042140722275,0.1272679567337036,0.11708539724349976,0.1837005615234375,0.2072855681180954
generated_image_0813.png,0.10670803487300873,0.006338484585285187,0.2080821841955185,0.20547568798065186,0.2369384765625,0.205474853515625
generated_image_0814.png,0.23000752925872803,0.009906279854476452,0.24326872825622559,0.18632620573043823,0.0838165283203125,0.115966796875
generated_image_0815.png,0.19226133823394775,0.013694226741790771,0.24766407907009125,0.2493099570274353,0.283721923828125,0.2529398798942566
generated_image_0816.png,0.10510589927434921,0.008600627072155476,0.179764062166214,0.16974782943725586,0.260498046875,0.259185791015625
generated_image_0817.png,0.12622249126434326,0.009204613044857979,0.1773104965686798,0.15047895908355713,0.15948486328125,0.2058054655790329
generated_image_0818.png,0.056239884346723557,0.004245926160365343,0.09587687253952026,0.09158134460449219,0.255767822265625,0.2654927670955658
generated_image_0819.png,0.12044040858745575,0.008154122158885002,0.19334346055984497,0.17335444688796997,0.1938323974609375,0.2155354917049408
generated_image_0820.png,0.1125144362449646,0.005939434748142958,0.21640239655971527,0.21962124109268188,0.177154541015625,0.1604054868221283
generated_image_0821.png,0.10628323256969452,0.00550124840810895,0.14313751459121704,0.12960892915725708,0.1998138427734375,0.1860097348690033
generated_image_0822.png,0.10669742524623871,0.004199469927698374,0.19628605246543884,0.18113434314727783,0.12774658203125,0.1319122314453125
generated_image_0823.png,0.4151395261287689,0.021743694320321083,0.5820478796958923,0.5706077814102173,0.117706298828125,0.1657765805721283
generated_image_0824.png,0.17107707262039185,0.009681522846221924,0.28506600856781006,0.2737743854522705,0.2553253173828125,0.1844991147518158
generated_image_0825.png,0.22690054774284363,0.01940091699361801,0.3319410979747772,0.29716306924819946,0.238433837890625,0.297088623046875
generated_image_0826.png,0.34135836362838745,0.03148466348648071,0.3830494284629822,0.3582383394241333,0.348876953125,0.3077952265739441
generated_image_0827.png,0.09074656665325165,0.0051706042140722275,0.1272679567337036,0.11708539724349976,0.1837005615234375,0.2072855681180954
generated_image_0828.png,0.10453039407730103,0.006103770807385445,0.14897233247756958,0.13637757301330566,0.1946258544921875,0.2061259001493454
generated_image_0829.png,0.07440271228551865,0.004156886599957943,0.10348986089229584,0.09106206893920898,0.174041748046875,0.1883646696805954
generated_image_0830.png,0.11037822812795639,0.00759391114115715,0.1510048359632492,0.14584851264953613,0.177459716796875,0.18212890625
generated_image_0831.png,0.19226133823394775,0.013694226741790771,0.24766407907009125,0.2493099570274353,0.283721923828125,0.2529398798942566
generated_image_0832.png,0.11310356855392456,0.009425751864910126,0.1494053304195404,0.13082557916641235,0.238250732421875,0.2451375424861908
generated_image_0833.png,0.4149188995361328,0.021743319928646088,0.5821400880813599,0.5705128312110901,0.117706298828125,0.1657308042049408
generated_image_0834.png,0.11457669734954834,0.004117762669920921,0.13747690618038177,0.11902755498886108,0.1128387451171875,0.1072489470243454
generated_image_0835.png,0.15856139361858368,0.011481048539280891,0.23186790943145752,0.22187888622283936,0.215484619140625,0.2081095427274704
generated_image_0836.png,0.159046933054924,0.009947867132723331,0.28545910120010376,0.2776627540588379,0.177490234375,0.1536661833524704
generated_image_0837.png,0.2864939570426941,0.014674859121441841,0.7459583282470703,0.7275302410125732,0.0850982666015625,0.1880594938993454
generated_image_0838.png,0.14079752564430237,0.010047079995274544,0.2033829689025879,0.1983407735824585,0.228485107421875,0.1955464780330658
generated_image_0839.png,0.07951470464468002,0.005437066778540611,0.1263362467288971,0.12268954515457153,0.19989013671875,0.218536376953125
generated_image_0840.png,0.10317149013280869,0.003342095296829939,0.2101442515850067,0.19801151752471924,0.128326416015625,0.1097361296415329
generated_image_0841.png,0.10081957280635834,0.007753367535769939,0.1258760541677475,0.10978478193283081,0.2662811279296875,0.2587483823299408
generated_image_0842.png,0.12439030408859253,0.007017040159553289,0.18465852737426758,0.17564839124679565,0.1850738525390625,0.1945393979549408
generated_image_0843.png,0.10658904165029526,0.004198797978460789,0.19626984000205994,0.18111270666122437,0.12774658203125,0.1319071501493454
generated_image_0844.png,0.25277140736579895,0.011370533145964146,0.23553049564361572,0.1801019310951233,0.106719970703125,0.1198933944106102
generated_image_0845.png,0.12622249126434326,0.009204613044857979,0.1773104965686798,0.15047895908355713,0.15948486328125,0.2058054655790329
generated_image_0846.png,0.14019159972667694,0.005558433011174202,0.13164949417114258,0.10708034038543701,0.13238525390625,0.1330363005399704
generated_image_0847.png,0.056239884346723557,0.004245926160365343,0.09587687253952026,0.09158134460449219,0.255767822265625,0.2654927670955658
generated_image_0848.png,0.2641538977622986,0.00817185826599598,0.2547709047794342,0.18438857793807983,0.0882720947265625,0.0976765975356102
generated_image_0849.png,0.09121114015579224,0.007248361594974995,0.11102714389562607,0.10089379549026489,0.25439453125,0.2676747739315033
generated_image_0850.png,0.09898750483989716,0.006072754506021738,0.1528945416212082,0.14426499605178833,0.194122314453125,0.1996205747127533
generated_image_0851.png,0.07044194638729095,0.0046849437057971954,0.148979052901268,0.14435642957687378,0.2313690185546875,0.2214406430721283
generated_image_0852.png,0.09571822732686996,0.005814339965581894,0.13092094659805298,0.11584007740020752,0.21728515625,0.2063649594783783
generated_image_0853.png,0.20920157432556152,0.014162939041852951,0.22863349318504333,0.19287502765655518,0.205047607421875,0.19390869140625
generated_image_0854.png,0.16925659775733948,0.011059727519750595,0.20799356698989868,0.17809748649597168,0.243377685546875,0.2297719419002533
generated_image_0855.png,0.09981513023376465,0.006964362226426601,0.1446380913257599,0.13401097059249878,0.235565185546875,0.2242635190486908
generated_image_0856.png,0.1125144362449646,0.005939434748142958,0.21640239655971527,0.21962124109268188,0.177154541015625,0.1604054868221283
generated_image_0857.png,0.08173410594463348,0.0050274888053536415,0.124994657933712,0.11279541254043579,0.20233154296875,0.2096964567899704
generated_image_0858.png,0.590177059173584,0.025307008996605873,0.9697949290275574,0.9749250411987305,0.009765625,0.1300862729549408
generated_image_0859.png,0.12044040858745575,0.008154122158885002,0.19334346055984497,0.17335444688796997,0.1938323974609375,0.2155354917049408
generated_image_0860.png,0.5204315781593323,0.013215554878115654,0.9223000407218933,0.9772124886512756,0.005340576171875,0.0659993514418602
generated_image_0861.png,0.13971877098083496,0.013179355300962925,0.1789577454328537,0.1543588638305664,0.3126678466796875,0.2671712338924408
generated_image_0862.png,0.12874898314476013,0.007859633304178715,0.14298737049102783,0.11001956462860107,0.168914794921875,0.1859130859375
generated_image_0863.png,0.08402170985937119,0.007319039665162563,0.14768946170806885,0.13957661390304565,0.2882080078125,0.2816874384880066
generated_image_0864.png,0.14562100172042847,0.006986396387219429,0.1366976946592331,0.09627997875213623,0.1452484130859375,0.1569671630859375
generated_image_0865.png,0.20869413018226624,0.014439534395933151,0.22331023216247559,0.1896842122077942,0.2594757080078125,0.2236124724149704
generated_image_0866.png,0.1750737875699997,0.009680569171905518,0.2845624089241028,0.2709949016571045,0.2001495361328125,0.1756184995174408
generated_image_0867.png,0.05309905856847763,0.003699563443660736,0.09225257486104965,0.08741599321365356,0.2371978759765625,0.264312744140625
generated_image_0868.png,0.23251216113567352,0.012491889297962189,0.2827117145061493,0.2598620057106018,0.2175445556640625,0.192138671875
generated_image_0869.png,0.10389184951782227,0.0084383524954319,0.16946594417095184,0.1535826325416565,0.260986328125,0.2602335810661316
generated_image_0870.png,0.1267264187335968,0.008531531319022179,0.1958116739988327,0.17775458097457886,0.2320556640625,0.2178599089384079
generated_image_0871.png,0.08047761768102646,0.004100995138287544,0.14074712991714478,0.12778151035308838,0.1724090576171875,0.19305419921875
generated_image_0872.png,0.10000304877758026,0.0084755290299654,0.16052691638469696,0.1484861969947815,0.2891693115234375,0.270355224609375
generated_image_0873.png,0.10770724713802338,0.014275866560637951,0.10266523063182831,0.06708204746246338,0.437225341796875,0.4141082763671875
generated_image_0874.png,0.14516833424568176,0.007232325151562691,0.2205752581357956,0.1881934404373169,0.1402435302734375,0.1604410856962204
generated_image_0875.png,0.14304032921791077,0.0029759379103779793,0.18181733787059784,0.13294368982315063,0.06500244140625,0.0559590682387352
generated_image_0876.png,0.10670803487300873,0.006338484585285187,0.2080821841955185,0.20547568798065186,0.2369384765625,0.205474853515625
generated_image_0877.png,0.09018584340810776,0.006990003399550915,0.11340254545211792,0.09655952453613281,0.2382659912109375,0.2518259882926941
generated_image_0878.png,0.08282427489757538,0.005742737557739019,0.13338856399059296,0.12500756978988647,0.2711944580078125,0.2324066162109375
generated_image_0879.png,0.18950682878494263,0.0075381360948085785,0.2688152492046356,0.22412997484207153,0.083648681640625,0.1240590438246727
generated_image_0880.png,0.06707163900136948,0.00491102272644639,0.07796671241521835,0.0716753602027893,0.254241943359375,0.2626292109489441
generated_image_0881.png,0.24583326280117035,0.015106412582099438,0.32215753197669983,0.31512898206710815,0.2305908203125,0.1959788054227829
generated_image_0882.png,0.1514388769865036,0.010214880108833313,0.18107068538665771,0.15853726863861084,0.28802490234375,0.2358347624540329
generated_image_0883.png,0.35061097145080566,0.03569823503494263,0.5644530653953552,0.536831259727478,0.1377410888671875,0.3011372983455658
generated_image_0884.png,0.11092206090688705,0.008913102559745312,0.1868714541196823,0.18090438842773438,0.2757110595703125,0.2522939145565033
generated_image_0885.png,0.05510681867599487,0.003654283471405506,0.09980811923742294,0.09447544813156128,0.2270050048828125,0.2370656430721283
generated_image_0886.png,0.2012472152709961,0.012658613733947277,0.2673918604850769,0.23981505632400513,0.22088623046875,0.1637369841337204
generated_image_0887.png,0.0618123821914196,0.004270720295608044,0.1043631061911583,0.0953143835067749,0.2659149169921875,0.2663320004940033
generated_image_0888.png,0.10142689943313599,0.005522366147488356,0.16503851115703583,0.15355974435806274,0.176239013671875,0.1645609587430954
generated_image_0889.png,0.10510589927434921,0.008600627072155476,0.179764062166214,0.16974782943725586,0.260498046875,0.259185791015625
generated_image_0890.png,0.10559561103582382,0.006568899843841791,0.11575531959533691,0.09480822086334229,0.1968231201171875,0.2037913054227829
generated_image_0891.png,0.20265287160873413,0.020650304853916168,0.4092637002468109,0.3880404233932495,0.175811767578125,0.3170674741268158
generated_image_0892.png,0.31657230854034424,0.02228027768433094,0.31725364923477173,0.29041701555252075,0.1394500732421875,0.1833241879940033
generated_image_0893.png,0.0658918023109436,0.004772084765136242,0.07345527410507202,0.061482787132263184,0.257415771484375,0.2622579038143158
generated_image_0894.png,0.1775531768798828,0.012239784933626652,0.23802316188812256,0.21616750955581665,0.1822509765625,0.1852925717830658
generated_image_0895.png,0.23000752925872803,0.009906279854476452,0.24326872825622559,0.18632620573043823,0.0838165283203125,0.115966796875
generated_image_0896.png,0.1465076059103012,0.012137237936258316,0.20591966807842255,0.18405133485794067,0.287689208984375,0.287872314453125
generated_image_0897.png,0.10630359500646591,0.005500566214323044,0.14313331246376038,0.12965399026870728,0.1998138427734375,0.1860198974609375
generated_image_0898.png,0.12015031278133392,0.008200075477361679,0.22156915068626404,0.21927815675735474,0.24853515625,0.238037109375
generated_image_0899.png,0.17107707262039185,0.009681522846221924,0.28506600856781006,0.2737743854522705,0.2553253173828125,0.1844991147518158
generated_image_0900.png,0.2641538977622986,0.00817185826599598,0.2547709047794342,0.18438857793807983,0.0882720947265625,0.0976765975356102
generated_image_0901.png,0.14304032921791077,0.0029759379103779793,0.18181733787059784,0.13294368982315063,0.06500244140625,0.0559590682387352
generated_image_0902.png,0.10453039407730103,0.006103770807385445,0.14897233247756958,0.13637757301330566,0.1946258544921875,0.2061259001493454
generated_image_0903.png,0.1125144362449646,0.005939434748142958,0.21640239655971527,0.21962124109268188,0.177154541015625,0.1604054868221283
generated_image_0904.png,0.05510681867599487,0.003654283471405506,0.09980811923742294,0.09447544813156128,0.2270050048828125,0.2370656430721283
generated_image_0905.png,0.14079752564430237,0.010047079995274544,0.2033829689025879,0.1983407735824585,0.228485107421875,0.1955464780330658
generated_image_0906.png,0.10389184951782227,0.0084383524954319,0.16946594417095184,0.1535826325416565,0.260986328125,0.2602335810661316
generated_image_0907.png,0.0618123821914196,0.004270720295608044,0.1043631061911583,0.0953143835067749,0.2659149169921875,0.2663320004940033
generated_image_0908.png,0.10317149013280869,0.003342095296829939,0.2101442515850067,0.19801151752471924,0.128326416015625,0.1097361296415329
generated_image_0909.png,0.2012472152709961,0.012658613733947277,0.2673918604850769,0.23981505632400513,0.22088623046875,0.1637369841337204
generated_image_0910.png,0.11457669734954834,0.004117762669920921,0.13747690618038177,0.11902755498886108,0.1128387451171875,0.1072489470243454
generated_image_0911.png,0.08173410594463348,0.0050274888053536415,0.124994657933712,0.11279541254043579,0.20233154296875,0.2096964567899704
generated_image_0912.png,0.17114871740341187,0.00968460738658905,0.28502434492111206,0.27365946769714355,0.2553253173828125,0.1844940185546875
generated_image_0913.png,0.10000304877758026,0.0084755290299654,0.16052691638469696,0.1484861969947815,0.2891693115234375,0.270355224609375
generated_image_0914.png,0.10559561103582382,0.006568899843841791,0.11575531959533691,0.09480822086334229,0.1968231201171875,0.2037913054227829
generated_image_0915.png,0.11092206090688705,0.008913102559745312,0.1868714541196823,0.18090438842773438,0.2757110595703125,0.2522939145565033
generated_image_0916.png,0.20265287160873413,0.020650304853916168,0.4092637002468109,0.3880404233932495,0.175811767578125,0.3170674741268158
generated_image_0917.png,0.13971877098083496,0.013179355300962925,0.1789577454328537,0.1543588638305664,0.3126678466796875,0.2671712338924408
generated_image_0918.png,0.25277140736579895,0.011370533145964146,0.23553049564361572,0.1801019310951233,0.106719970703125,0.1198933944106102
generated_image_0919.png,0.23251216113567352,0.012491889297962189,0.2827117145061493,0.2598620057106018,0.2175445556640625,0.192138671875
generated_image_0920.png,0.1465076059103012,0.012137237936258316,0.20591966807842255,0.18405133485794067,0.287689208984375,0.287872314453125
generated_image_0921.png,0.20920157432556152,0.014162939041852951,0.22863349318504333,0.19287502765655518,0.205047607421875,0.19390869140625
generated_image_0922.png,0.12874898314476013,0.007859633304178715,0.14298737049102783,0.11001956462860107,0.168914794921875,0.1859130859375
generated_image_0923.png,0.14516833424568176,0.007232325151562691,0.2205752581357956,0.1881934404373169,0.1402435302734375,0.1604410856962204
generated_image_0924.png,0.12013773620128632,0.008205534890294075,0.22152477502822876,0.21925336122512817,0.24853515625,0.2380218505859375
generated_image_0925.png,0.10770724713802338,0.014275866560637951,0.10266523063182831,0.06708204746246338,0.437225341796875,0.4141082763671875
generated_image_0926.png,0.09571822732686996,0.005814339965581894,0.13092094659805298,0.11584007740020752,0.21728515625,0.2063649594783783
generated_image_0927.png,0.1775531768798828,0.012239784933626652,0.23802316188812256,0.21616750955581665,0.1822509765625,0.1852925717830658
generated_image_0928.png,0.20869413018226624,0.014439534395933151,0.22331023216247559,0.1896842122077942,0.2594757080078125,0.2236124724149704
generated_image_0929.png,0.34135836362838745,0.03148466348648071,0.3830494284629822,0.3582383394241333,0.348876953125,0.3077952265739441
generated_image_0930.png,0.23000752925872803,0.009906279854476452,0.24326872825622559,0.18632620573043823,0.0838165283203125,0.115966796875
generated_image_0931.png,0.159046933054924,0.009947867132723331,0.28545910120010376,0.2776627540588379,0.177490234375,0.1536661833524704
generated_image_0932.png,0.10670803487300873,0.006338484585285187,0.2080821841955185,0.20547568798065186,0.2369384765625,0.205474853515625
generated_image_0933.png,0.19226133823394775,0.013694226741790771,0.24766407907009125,0.2493099570274353,0.283721923828125,0.2529398798942566
generated_image_0934.png,0.24583326280117035,0.015106412582099438,0.32215753197669983,0.31512898206710815,0.2305908203125,0.1959788054227829
generated_image_0935.png,0.09121114015579224,0.007248361594974995,0.11102714389562607,0.10089379549026489,0.25439453125,0.2676747739315033
generated_image_0936.png,0.4149188995361328,0.021743319928646088,0.5821400880813599,0.5705128312110901,0.117706298828125,0.1657308042049408
generated_image_0937.png,0.0658918023109436,0.004772084765136242,0.07345527410507202,0.061482787132263184,0.257415771484375,0.2622579038143158
generated_image_0938.png,0.10510589927434921,0.008600627072155476,0.179764062166214,0.16974782943725586,0.260498046875,0.259185791015625
generated_image_0939.png,0.12622249126434326,0.009204613044857979,0.1773104965686798,0.15047895908355713,0.15948486328125,0.2058054655790329
generated_image_0940.png,0.11310356855392456,0.009425751864910126,0.1494053304195404,0.13082557916641235,0.238250732421875,0.2451375424861908
generated_image_0941.png,0.11037822812795639,0.00759391114115715,0.1510048359632492,0.14584851264953613,0.177459716796875,0.18212890625
generated_image_0942.png,0.12044040858745575,0.008154122158885002,0.19334346055984497,0.17335444688796997,0.1938323974609375,0.2155354917049408
generated_image_0943.png,0.09018584340810776,0.006990003399550915,0.11340254545211792,0.09655952453613281,0.2382659912109375,0.2518259882926941
generated_image_0944.png,0.09981513023376465,0.006964362226426601,0.1446380913257599,0.13401097059249878,0.235565185546875,0.2242635190486908
generated_image_0945.png,0.35061097145080566,0.03569823503494263,0.5644530653953552,0.536831259727478,0.1377410888671875,0.3011372983455658
generated_image_0946.png,0.18950682878494263,0.0075381360948085785,0.2688152492046356,0.22412997484207153,0.083648681640625,0.1240590438246727
generated_image_0947.png,0.1750737875699997,0.009680569171905518,0.2845624089241028,0.2709949016571045,0.2001495361328125,0.1756184995174408
generated_image_0948.png,0.09898750483989716,0.006072754506021738,0.1528945416212082,0.14426499605178833,0.194122314453125,0.1996205747127533
generated_image_0949.png,0.10081957280635834,0.007753367535769939,0.1258760541677475,0.10978478193283081,0.2662811279296875,0.2587483823299408
generated_image_0950.png,0.07951470464468002,0.005437066778540611,0.1263362467288971,0.12268954515457153,0.19989013671875,0.218536376953125
generated_image_0951.png,0.056239884346723557,0.004245926160365343,0.09587687253952026,0.09158134460449219,0.255767822265625,0.2654927670955658
generated_image_0952.png,0.590177059173584,0.025307008996605873,0.9697949290275574,0.9749250411987305,0.009765625,0.1300862729549408
generated_image_0953.png,0.22690054774284363,0.01940091699361801,0.3319410979747772,0.29716306924819946,0.238433837890625,0.297088623046875
generated_image_0954.png,0.31657230854034424,0.02228027768433094,0.31725364923477173,0.29041701555252075,0.1394500732421875,0.1833241879940033
generated_image_0955.png,0.07044194638729095,0.0046849437057971954,0.148979052901268,0.14435642957687378,0.2313690185546875,0.2214406430721283
generated_image_0956.png,0.06707163900136948,0.00491102272644639,0.07796671241521835,0.0716753602027893,0.254241943359375,0.2626292109489441
generated_image_0957.png,0.12439030408859253,0.007017040159553289,0.18465852737426758,0.17564839124679565,0.1850738525390625,0.1945393979549408
generated_image_0958.png,0.14562100172042847,0.006986396387219429,0.1366976946592331,0.09627997875213623,0.1452484130859375,0.1569671630859375
generated_image_0959.png,0.05309905856847763,0.003699563443660736,0.09225257486104965,0.08741599321365356,0.2371978759765625,0.264312744140625
generated_image_0960.png,0.10142689943313599,0.005522366147488356,0.16503851115703583,0.15355974435806274,0.176239013671875,0.1645609587430954
generated_image_0961.png,0.08282427489757538,0.005742737557739019,0.13338856399059296,0.12500756978988647,0.2711944580078125,0.2324066162109375
generated_image_0962.png,0.10658904165029526,0.004198797978460789,0.19626984000205994,0.18111270666122437,0.12774658203125,0.1319071501493454
generated_image_0963.png,0.1267264187335968,0.008531531319022179,0.1958116739988327,0.17775458097457886,0.2320556640625,0.2178599089384079
generated_image_0964.png,0.2864939570426941,0.014674859121441841,0.7459583282470703,0.7275302410125732,0.0850982666015625,0.1880594938993454
generated_image_0965.png,0.5204315781593323,0.013215554878115654,0.9223000407218933,0.9772124886512756,0.005340576171875,0.0659993514418602
generated_image_0966.png,0.08047761768102646,0.004100995138287544,0.14074712991714478,0.12778151035308838,0.1724090576171875,0.19305419921875
generated_image_0967.png,0.14019159972667694,0.005558433011174202,0.13164949417114258,0.10708034038543701,0.13238525390625,0.1330363005399704
generated_image_0968.png,0.15856139361858368,0.011481048539280891,0.23186790943145752,0.22187888622283936,0.215484619140625,0.2081095427274704
generated_image_0969.png,0.08402170985937119,0.007319039665162563,0.14768946170806885,0.13957661390304565,0.2882080078125,0.2816874384880066
generated_image_0970.png,0.10628323256969452,0.00550124840810895,0.14313751459121704,0.12960892915725708,0.1998138427734375,0.1860097348690033
generated_image_0971.png,0.09074656665325165,0.0051706042140722275,0.1272679567337036,0.11708539724349976,0.1837005615234375,0.2072855681180954
generated_image_0972.png,0.0744573101401329,0.004157563205808401,0.10351842641830444,0.09106206893920898,0.174041748046875,0.1883646696805954
generated_image_0973.png,0.15139131247997284,0.010212024673819542,0.18107718229293823,0.15851294994354248,0.28802490234375,0.23583984375
generated_image_0974.png,0.1690993756055832,0.01106213964521885,0.20798903703689575,0.17815148830413818,0.243377685546875,0.2297719419002533
generated_image_0975.png,0.12874898314476013,0.007859633304178715,0.14298737049102783,0.11001956462860107,0.168914794921875,0.1859130859375
generated_image_0976.png,0.2012472152709961,0.012658613733947277,0.2673918604850769,0.23981505632400513,0.22088623046875,0.1637369841337204
generated_image_0977.png,0.159046933054924,0.009947867132723331,0.28545910120010376,0.2776627540588379,0.177490234375,0.1536661833524704
generated_image_0978.png,0.06707163900136948,0.00491102272644639,0.07796671241521835,0.0716753602027893,0.254241943359375,0.2626292109489441
generated_image_0979.png,0.2641538977622986,0.00817185826599598,0.2547709047794342,0.18438857793807983,0.0882720947265625,0.0976765975356102
generated_image_0980.png,0.10628323256969452,0.00550124840810895,0.14313751459121704,0.12960892915725708,0.1998138427734375,0.1860097348690033
generated_image_0981.png,0.07440271228551865,0.004156886599957943,0.10348986089229584,0.09106206893920898,0.174041748046875,0.1883646696805954
generated_image_0982.png,0.12622249126434326,0.009204613044857979,0.1773104965686798,0.15047895908355713,0.15948486328125,0.2058054655790329
generated_image_0983.png,0.09981513023376465,0.006964362226426601,0.1446380913257599,0.13401097059249878,0.235565185546875,0.2242635190486908
generated_image_0984.png,0.09898750483989716,0.006072754506021738,0.1528945416212082,0.14426499605178833,0.194122314453125,0.1996205747127533
generated_image_0985.png,0.4149188995361328,0.021743319928646088,0.5821400880813599,0.5705128312110901,0.117706298828125,0.1657308042049408
generated_image_0986.png,0.11092206090688705,0.008913102559745312,0.1868714541196823,0.18090438842773438,0.2757110595703125,0.2522939145565033
generated_image_0987.png,0.23251216113567352,0.012491889297962189,0.2827117145061493,0.2598620057106018,0.2175445556640625,0.192138671875
generated_image_0988.png,0.16925659775733948,0.011059727519750595,0.20799356698989868,0.17809748649597168,0.243377685546875,0.2297719419002533
generated_image_0989.png,0.14516833424568176,0.007232325151562691,0.2205752581357956,0.1881934404373169,0.1402435302734375,0.1604410856962204
generated_image_0990.png,0.14079752564430237,0.010047079995274544,0.2033829689025879,0.1983407735824585,0.228485107421875,0.1955464780330658
generated_image_0991.png,0.10559561103582382,0.006568899843841791,0.11575531959533691,0.09480822086334229,0.1968231201171875,0.2037913054227829
generated_image_0992.png,0.11457669734954834,0.004117762669920921,0.13747690618038177,0.11902755498886108,0.1128387451171875,0.1072489470243454
generated_image_0993.png,0.08282427489757538,0.005742737557739019,0.13338856399059296,0.12500756978988647,0.2711944580078125,0.2324066162109375
generated_image_0994.png,0.12044040858745575,0.008154122158885002,0.19334346055984497,0.17335444688796997,0.1938323974609375,0.2155354917049408
generated_image_0995.png,0.10000304877758026,0.0084755290299654,0.16052691638469696,0.1484861969947815,0.2891693115234375,0.270355224609375
generated_image_0996.png,0.35061097145080566,0.03569823503494263,0.5644530653953552,0.536831259727478,0.1377410888671875,0.3011372983455658
generated_image_0997.png,0.0658918023109436,0.004772084765136242,0.07345527410507202,0.061482787132263184,0.257415771484375,0.2622579038143158
generated_image_0998.png,0.20265287160873413,0.020650304853916168,0.4092637002468109,0.3880404233932495,0.175811767578125,0.3170674741268158
generated_image_0999.png,0.07951470464468002,0.005437066778540611,0.1263362467288971,0.12268954515457153,0.19989013671875,0.218536376953125
generated_image_1000.png,0.1750737875699997,0.009680569171905518,0.2845624089241028,0.2709949016571045,0.2001495361328125,0.1756184995174408
generated_image_1001.png,0.1514388769865036,0.010214872658252716,0.18107068538665771,0.15853726863861084,0.28802490234375,0.2358347624540329
generated_image_1002.png,0.0618123821914196,0.004270723555237055,0.1043631061911583,0.0953143835067749,0.2659149169921875,0.2663320004940033
