name,seed_disagreement,prob_variance,label_disagreement,ensemble_label_disagreement,road_fraction,pred_road_fraction
generated_image_0000.png,0.29044508934020996,0.01812317594885826,0.3732011318206787,0.34824520349502563,0.1377410888671875,0.204986572265625
generated_image_0001.png,0.15511125326156616,0.008268610574305058,0.22977612912654877,0.22347670793533325,0.205047607421875,0.1526336669921875
generated_image_0002.png,0.09098345041275024,0.004925627261400223,0.15764711797237396,0.15100765228271484,0.194122314453125,0.1875762939453125
generated_image_0003.png,0.0802687406539917,0.003990406170487404,0.1450667381286621,0.13740694522857666,0.177459716796875,0.1699320524930954
generated_image_0004.png,0.10460154712200165,0.006567408796399832,0.12137796729803085,0.10092604160308838,0.1837005615234375,0.20849609375
generated_image_0005.png,0.11442244052886963,0.009670775383710861,0.1934504359960556,0.18006044626235962,0.287689208984375,0.3019561767578125
generated_image_0006.png,0.11377082765102386,0.009205006062984467,0.19960066676139832,0.19077718257904053,0.2320556640625,0.246612548828125
generated_image_0007.png,0.31320202350616455,0.031661443412303925,0.5223492383956909,0.49117279052734375,0.175811767578125,0.3156280517578125
generated_image_0008.png,0.15658354759216309,0.008941186591982841,0.25743746757507324,0.24131810665130615,0.1402435302734375,0.15777587890625
generated_image_0009.png,0.7241538763046265,0.0028001884929835796,0.9390420913696289,1.0,0.005340576171875,0.008941650390625
generated_image_0010.png,0.11447390168905258,0.005193192046135664,0.11598843336105347,0.08709561824798584,0.1452484130859375,0.1545461118221283
generated_image_0011.png,0.1814804971218109,0.01037115789949894,0.30015766620635986,0.30761730670928955,0.22088623046875,0.1479949951171875
generated_image_0012.png,0.13123375177383423,0.006054711993783712,0.3377874493598938,0.32455700635910034,0.2553253173828125,0.1485544890165329
generated_image_0013.png,0.20069244503974915,0.012070741504430771,0.3245580494403839,0.30038022994995117,0.1394500732421875,0.1961415708065033
generated_image_0014.png,0.18271896243095398,0.005364968441426754,0.2553284764289856,0.23816967010498047,0.0882720947265625,0.0915629118680954
generated_image_0015.png,0.0659213662147522,0.004888984374701977,0.12686142325401306,0.1227869987487793,0.2313690185546875,0.2241617888212204
generated_image_0016.png,0.25493931770324707,0.01367732509970665,0.29531121253967285,0.276497483253479,0.2175445556640625,0.1556956022977829
generated_image_0017.png,0.05766409635543823,0.004106634762138128,0.07570306956768036,0.06899774074554443,0.257415771484375,0.2654622495174408
generated_image_0018.png,0.18427400290966034,0.013918433338403702,0.2848339080810547,0.2551898956298828,0.283721923828125,0.269561767578125
generated_image_0019.png,0.26567542552948,0.01640765555202961,0.38697466254234314,0.36523932218551636,0.2305908203125,0.2177225798368454
generated_image_0020.png,0.07040131092071533,0.004112897906452417,0.14045584201812744,0.14029467105865479,0.19989013671875,0.2060699462890625
generated_image_0021.png,0.15546560287475586,0.008595295250415802,0.2366127371788025,0.2237582802772522,0.28802490234375,0.2082570493221283
generated_image_0022.png,0.05188649892807007,0.0038684182800352573,0.07315194606781006,0.066517174243927,0.2659149169921875,0.2660624384880066
generated_image_0023.png,0.08425216376781464,0.003472629003226757,0.2508542239665985,0.25891828536987305,0.177154541015625,0.1443939208984375
generated_image_0024.png,0.2990947663784027,0.01791459321975708,0.4273553788661957,0.3660282492637634,0.117706298828125,0.2128194272518158
generated_image_0025.png,0.1026553362607956,0.006647306960076094,0.1490788459777832,0.12945634126663208,0.1938323974609375,0.1973876953125
generated_image_0026.png,0.13973109424114227,0.009313466027379036,0.2283397912979126,0.21930861473083496,0.215484619140625,0.2020619809627533
generated_image_0027.png,0.13303589820861816,0.0032339307945221663,0.2056211531162262,0.18866252899169922,0.06500244140625,0.0746053084731102
generated_image_0028.png,0.8022046089172363,0.014155266806483269,0.9115943908691406,0.9898523688316345,0.009765625,0.0537567138671875
generated_image_0029.png,0.11475038528442383,0.006886626593768597,0.22307854890823364,0.2160029411315918,0.228485107421875,0.1898396909236908
generated_image_0030.png,0.08733122050762177,0.005549080669879913,0.09840832650661469,0.08777374029159546,0.21728515625,0.2167917937040329
generated_image_0031.png,0.39012381434440613,0.01431998610496521,0.37679967284202576,0.28823912143707275,0.0850982666015625,0.1043294295668602
generated_image_0032.png,0.08476875722408295,0.0064476290717720985,0.15497061610221863,0.14835405349731445,0.2891693115234375,0.2668711543083191
generated_image_0033.png,0.12816381454467773,0.01007763296365738,0.1673414707183838,0.15868067741394043,0.2711944580078125,0.2188771665096283
generated_image_0034.png,0.12821894884109497,0.011308655142784119,0.17321890592575073,0.16962546110153198,0.260498046875,0.244842529296875
generated_image_0035.png,0.20740923285484314,0.01279930118471384,0.25732627511024475,0.23079997301101685,0.2594757080078125,0.2040456235408783
generated_image_0036.png,0.20991574227809906,0.01320162508636713,0.2598128318786621,0.23167955875396729,0.177490234375,0.1716461181640625
generated_image_0037.png,0.05909621715545654,0.004563734866678715,0.08791367709636688,0.08142536878585815,0.255767822265625,0.26617431640625
generated_image_0038.png,0.11480379104614258,0.00928379874676466,0.20076464116573334,0.20031088590621948,0.3126678466796875,0.2414143979549408
generated_image_0039.png,0.09464699029922485,0.005616906099021435,0.13189727067947388,0.11962604522705078,0.1946258544921875,0.2049916684627533
generated_image_0040.png,0.09075846523046494,0.005695407744497061,0.09680992364883423,0.08500170707702637,0.174041748046875,0.1875762939453125
generated_image_0041.png,0.09965521097183228,0.005735172890126705,0.1434212177991867,0.1295022964477539,0.1724090576171875,0.1806081235408783
generated_image_0042.png,0.2021746039390564,0.00666319252923131,0.19045904278755188,0.1455407738685608,0.0838165283203125,0.0831553190946579
generated_image_0043.png,0.09930263459682465,0.0032927533611655235,0.19694146513938904,0.18868637084960938,0.12774658203125,0.1163737028837204
generated_image_0044.png,0.09207916259765625,0.0059027718380093575,0.2355685532093048,0.24545586109161377,0.2369384765625,0.1917978972196579
generated_image_0045.png,0.08426334708929062,0.006660745479166508,0.09969358146190643,0.08260536193847656,0.25439453125,0.2649688720703125
generated_image_0046.png,0.053903840482234955,0.0069819968193769455,0.06751631200313568,0.058927297592163086,0.437225341796875,0.4260203242301941
generated_image_0047.png,0.17943090200424194,0.011972896754741669,0.2621210217475891,0.26242518424987793,0.1850738525390625,0.1880696713924408
generated_image_0048.png,0.11435668170452118,0.008954295888543129,0.22450241446495056,0.22706228494644165,0.24853515625,0.2416483610868454
generated_image_0049.png,0.10971969366073608,0.006035953760147095,0.1334467977285385,0.1221427321434021,0.1998138427734375,0.1946156919002533
generated_image_0050.png,0.06755690276622772,0.005927109159529209,0.12364828586578369,0.11825382709503174,0.2882080078125,0.2859954833984375
generated_image_0051.png,0.13777433335781097,0.011801738291978836,0.17331677675247192,0.15746688842773438,0.243377685546875,0.257904052734375
generated_image_0052.png,0.08354052156209946,0.006248391233384609,0.14905017614364624,0.14394056797027588,0.260986328125,0.2403564453125
generated_image_0053.png,0.14950311183929443,0.009360048919916153,0.17229002714157104,0.1441778540611267,0.15948486328125,0.1777750700712204
generated_image_0054.png,0.20565685629844666,0.007967308163642883,0.19567488133907318,0.18242287635803223,0.1128387451171875,0.1105906218290329
generated_image_0055.png,0.1964842528104782,0.007242102175951004,0.22019624710083008,0.158208966255188,0.083648681640625,0.1008453369140625
generated_image_0056.png,0.11249836534261703,0.006068259943276644,0.11545660346746445,0.0881192684173584,0.168914794921875,0.1894582211971283
generated_image_0057.png,0.06805269420146942,0.005623748525977135,0.07902493327856064,0.06925779581069946,0.254241943359375,0.2646687924861908
generated_image_0058.png,0.09805619716644287,0.007282009348273277,0.13762187957763672,0.1280035376548767,0.235565185546875,0.21270751953125
generated_image_0059.png,0.13287745416164398,0.007040256168693304,0.21466699242591858,0.20710384845733643,0.1822509765625,0.1497039794921875
generated_image_0060.png,0.12475912272930145,0.015346720814704895,0.23821020126342773,0.2406105399131775,0.348876953125,0.4767608642578125
generated_image_0061.png,0.21402573585510254,0.008833125233650208,0.2499268352985382,0.20597708225250244,0.106719970703125,0.1294810026884079
generated_image_0062.png,0.1685020625591278,0.008152229711413383,0.28743863105773926,0.2667992115020752,0.2001495361328125,0.1518096923828125
generated_image_0063.png,0.1148919090628624,0.004031078424304724,0.12717661261558533,0.10651659965515137,0.13238525390625,0.126068115234375
generated_image_0064.png,0.12584757804870605,0.009802969172596931,0.18978771567344666,0.18536376953125,0.2757110595703125,0.2353719174861908
generated_image_0065.png,0.061283908784389496,0.0043981862254440784,0.08959746360778809,0.08469140529632568,0.2270050048828125,0.2413889616727829
generated_image_0066.png,0.1028817892074585,0.0078023322857916355,0.12379427999258041,0.10863995552062988,0.2382659912109375,0.2335103452205658
generated_image_0067.png,0.08933433145284653,0.006657444406300783,0.13314121961593628,0.12937408685684204,0.238250732421875,0.2301279753446579
generated_image_0068.png,0.11220395565032959,0.006551796104758978,0.10716550052165985,0.0859876275062561,0.1968231201171875,0.1948699951171875
generated_image_0069.png,0.23254841566085815,0.02579745650291443,0.4466978907585144,0.4404847025871277,0.238433837890625,0.346893310546875
generated_image_0070.png,0.14596036076545715,0.00523992907255888,0.22039088606834412,0.20551246404647827,0.128326416015625,0.1028951033949852
generated_image_0071.png,0.07303039729595184,0.00565421674400568,0.09443708509206772,0.08248889446258545,0.2662811279296875,0.2500559687614441
generated_image_0072.png,0.0934717059135437,0.0045514293015003204,0.16060540080070496,0.15588343143463135,0.176239013671875,0.157806396484375
generated_image_0073.png,0.06809314340353012,0.005552281625568867,0.09618689864873886,0.08740741014480591,0.2371978759765625,0.2590281367301941
generated_image_0074.png,0.09082013368606567,0.00546985911205411,0.12070928514003754,0.11159533262252808,0.20233154296875,0.1925557553768158
generated_image_0075.png,0.053903840482234955,0.0069819968193769455,0.06751631200313568,0.058927297592163086,0.437225341796875,0.4260203242301941
generated_image_0076.png,0.17943090200424194,0.011972896754741669,0.2621210217475891,0.26242518424987793,0.1850738525390625,0.1880696713924408
generated_image_0077.png,0.08733122050762177,0.005549080669879913,0.09840832650661469,0.08777374029159546,0.21728515625,0.2167917937040329
generated_image_0078.png,0.09805619716644287,0.007282009348273277,0.13762187957763672,0.1280035376548767,0.235565185546875,0.21270751953125
generated_image_0079.png,0.1685020625591278,0.008152229711413383,0.28743863105773926,0.2667992115020752,0.2001495361328125,0.1518096923828125
generated_image_0080.png,0.08476875722408295,0.0064476290717720985,0.15497061610221863,0.14835405349731445,0.2891693115234375,0.2668711543083191
generated_image_0081.png,0.09090258926153183,0.005472034215927124,0.12072344869375229,0.11163860559463501,0.20233154296875,0.1925506591796875
generated_image_0082.png,0.13123375177383423,0.006054711993783712,0.3377874493598938,0.32455700635910034,0.2553253173828125,0.1485544890165329
generated_image_0083.png,0.14950311183929443,0.009360048919916153,0.17229002714157104,0.1441778540611267,0.15948486328125,0.1777750700712204
generated_image_0084.png,0.11435668170452118,0.008954295888543129,0.22450241446495056,0.22706228494644165,0.24853515625,0.2416483610868454
generated_image_0085.png,0.07303039729595184,0.00565421674400568,0.09443708509206772,0.08248889446258545,0.2662811279296875,0.2500559687614441
generated_image_0086.png,0.08425216376781464,0.003472629003226757,0.2508542239665985,0.25891828536987305,0.177154541015625,0.1443939208984375
generated_image_0087.png,0.26567542552948,0.01640765555202961,0.38697466254234314,0.36523932218551636,0.2305908203125,0.2177225798368454
generated_image_0088.png,0.29044508934020996,0.01812317594885826,0.3732011318206787,0.34824520349502563,0.1377410888671875,0.204986572265625
generated_image_0089.png,0.13973109424114227,0.009313466027379036,0.2283397912979126,0.21930861473083496,0.215484619140625,0.2020619809627533
generated_image_0090.png,0.18427400290966034,0.013918433338403702,0.2848339080810547,0.2551898956298828,0.283721923828125,0.269561767578125
generated_image_0091.png,0.11480379104614258,0.00928379874676466,0.20076464116573334,0.20031088590621948,0.3126678466796875,0.2414143979549408
generated_image_0092.png,0.08354052156209946,0.006248391233384609,0.14905017614364624,0.14394056797027588,0.260986328125,0.2403564453125
generated_image_0093.png,0.14596036076545715,0.00523992907255888,0.22039088606834412,0.20551246404647827,0.128326416015625,0.1028951033949852
generated_image_0094.png,0.10971969366073608,0.006035953760147095,0.1334467977285385,0.1221427321434021,0.1998138427734375,0.1946156919002533
generated_image_0095.png,0.11447390168905258,0.005193192046135664,0.11598843336105347,0.08709561824798584,0.1452484130859375,0.1545461118221283
generated_image_0096.png,0.23254841566085815,0.02579745650291443,0.4466978907585144,0.4404847025871277,0.238433837890625,0.346893310546875
generated_image_0097.png,0.09464699029922485,0.005616906099021435,0.13189727067947388,0.11962604522705078,0.1946258544921875,0.2049916684627533
generated_image_0098.png,0.11377082765102386,0.009205006062984467,0.19960066676139832,0.19077718257904053,0.2320556640625,0.246612548828125
generated_image_0099.png,0.061283908784389496,0.0043981862254440784,0.08959746360778809,0.08469140529632568,0.2270050048828125,0.2413889616727829
generated_image_0100.png,0.1028817892074585,0.0078023322857916355,0.12379427999258041,0.10863995552062988,0.2382659912109375,0.2335103452205658
generated_image_0101.png,0.13777433335781097,0.011801738291978836,0.17331677675247192,0.15746688842773438,0.243377685546875,0.257904052734375
generated_image_0102.png,0.11475038528442383,0.006886626593768597,0.22307854890823364,0.2160029411315918,0.228485107421875,0.1898396909236908
generated_image_0103.png,0.1964842528104782,0.007242102175951004,0.22019624710083008,0.158208966255188,0.083648681640625,0.1008453369140625
generated_image_0104.png,0.05909621715545654,0.004563734866678715,0.08791367709636688,0.08142536878585815,0.255767822265625,0.26617431640625
generated_image_0105.png,0.11220395565032959,0.006551796104758978,0.10716550052165985,0.0859876275062561,0.1968231201171875,0.1948699951171875
generated_image_0106.png,0.8022046089172363,0.014155266806483269,0.9115943908691406,0.9898523688316345,0.009765625,0.0537567138671875
generated_image_0107.png,0.13303589820861816,0.0032339307945221663,0.2056211531162262,0.18866252899169922,0.06500244140625,0.0746053084731102
generated_image_0108.png,0.05766409635543823,0.004106634762138128,0.07570306956768036,0.06899774074554443,0.257415771484375,0.2654622495174408
generated_image_0109.png,0.1148919090628624,0.004031078424304724,0.12717661261558533,0.10651659965515137,0.13238525390625,0.126068115234375
generated_image_0110.png,0.0934714674949646,0.004553528968244791,0.16057592630386353,0.15598934888839722,0.176239013671875,0.157806396484375
generated_image_0111.png,0.1814804971218109,0.01037115789949894,0.30015766620635986,0.30761730670928955,0.22088623046875,0.1479949951171875
generated_image_0112.png,0.12584757804870605,0.009802969172596931,0.18978771567344666,0.18536376953125,0.2757110595703125,0.2353719174861908
generated_image_0113.png,0.31320202350616455,0.031661443412303925,0.5223492383956909,0.49117279052734375,0.175811767578125,0.3156280517578125
generated_image_0114.png,0.20565685629844666,0.007967308163642883,0.19567488133907318,0.18242287635803223,0.1128387451171875,0.1105906218290329
generated_image_0115.png,0.0802687406539917,0.003990406170487404,0.1450667381286621,0.13740694522857666,0.177459716796875,0.1699320524930954
generated_image_0116.png,0.12475912272930145,0.015346720814704895,0.23821020126342773,0.2406105399131775,0.348876953125,0.4767608642578125
generated_image_0117.png,0.11249836534261703,0.006068259943276644,0.11545660346746445,0.0881192684173584,0.168914794921875,0.1894582211971283
generated_image_0118.png,0.07040131092071533,0.004112897906452417,0.14045584201812744,0.14029467105865479,0.19989013671875,0.2060699462890625
generated_image_0119.png,0.09207916259765625,0.0059027718380093575,0.2355685532093048,0.24545586109161377,0.2369384765625,0.1917978972196579
generated_image_0120.png,0.09075846523046494,0.005695407744497061,0.09680992364883423,0.08500170707702637,0.174041748046875,0.1875762939453125
generated_image_0121.png,0.25493931770324707,0.01367732509970665,0.29531121253967285,0.276497483253479,0.2175445556640625,0.1556956022977829
generated_image_0122.png,0.10460154712200165,0.006567408796399832,0.12137796729803085,0.10092604160308838,0.1837005615234375,0.20849609375
generated_image_0123.png,0.11442244052886963,0.009670775383710861,0.1934504359960556,0.18006044626235962,0.287689208984375,0.3019561767578125
generated_image_0124.png,0.39012381434440613,0.01431998610496521,0.37679967284202576,0.28823912143707275,0.0850982666015625,0.1043294295668602
generated_image_0125.png,0.15658354759216309,0.008941186591982841,0.25743746757507324,0.24131810665130615,0.1402435302734375,0.15777587890625
generated_image_0126.png,0.2990947663784027,0.01791459321975708,0.4273553788661957,0.3660282492637634,0.117706298828125,0.2128194272518158
generated_image_0127.png,0.08933433145284653,0.006657444406300783,0.13314121961593628,0.12937408685684204,0.238250732421875,0.2301279753446579
generated_image_0128.png,0.12821894884109497,0.011308655142784119,0.17321890592575073,0.16962546110153198,0.260498046875,0.244842529296875
generated_image_0129.png,0.20069244503974915,0.012070741504430771,0.3245580494403839,0.30038022994995117,0.1394500732421875,0.1961415708065033
generated_image_0130.png,0.05188649892807007,0.0038684182800352573,0.07315194606781006,0.066517174243927,0.2659149169921875,0.2660624384880066
generated_image_0131.png,0.09930263459682465,0.0032927533611655235,0.19694146513938904,0.18868637084960938,0.12774658203125,0.1163737028837204
generated_image_0132.png,0.06805269420146942,0.005623748525977135,0.07902493327856064,0.06925779581069946,0.254241943359375,0.2646687924861908
generated_image_0133.png,0.12816381454467773,0.01007763296365738,0.1673414707183838,0.15868067741394043,0.2711944580078125,0.2188771665096283
generated_image_0134.png,0.2021746039390564,0.00666319252923131,0.19045904278755188,0.1455407738685608,0.0838165283203125,0.0831553190946579
generated_image_0135.png,0.20740923285484314,0.01279930118471384,0.25732627511024475,0.23079997301101685,0.2594757080078125,0.2040456235408783
generated_image_0136.png,0.20991574227809906,0.01320162508636713,0.2598128318786621,0.23167955875396729,0.177490234375,0.1716461181640625
generated_image_0137.png,0.0659213662147522,0.004888984374701977,0.12686142325401306,0.1227869987487793,0.2313690185546875,0.2241617888212204
generated_image_0138.png,0.7241538763046265,0.0028001884929835796,0.9390420913696289,1.0,0.005340576171875,0.008941650390625
generated_image_0139.png,0.09965521097183228,0.005735172890126705,0.1434212177991867,0.1295022964477539,0.1724090576171875,0.1806081235408783
generated_image_0140.png,0.1026553362607956,0.006647306960076094,0.1490788459777832,0.12945634126663208,0.1938323974609375,0.1973876953125
generated_image_0141.png,0.21402573585510254,0.008833125233650208,0.2499268352985382,0.20597708225250244,0.106719970703125,0.1294810026884079
generated_image_0142.png,0.18271896243095398,0.005364968441426754,0.2553284764289856,0.23816967010498047,0.0882720947265625,0.0915629118680954
generated_image_0143.png,0.08426334708929062,0.006660745479166508,0.09969358146190643,0.08260536193847656,0.25439453125,0.2649688720703125
generated_image_0144.png,0.06809543073177338,0.0055486708879470825,0.09618908166885376,0.08746373653411865,0.2371978759765625,0.2590179443359375
generated_image_0145.png,0.15546560287475586,0.008595295250415802,0.2366127371788025,0.2237582802772522,0.28802490234375,0.2082570493221283
generated_image_0146.png,0.13287745416164398,0.007040256168693304,0.21466699242591858,0.20710384845733643,0.1822509765625,0.1497039794921875
generated_image_0147.png,0.0908869132399559,0.004925214219838381,0.15763381123542786,0.1509615182876587,0.194122314453125,0.1876068115234375
generated_image_0148.png,0.06755296885967255,0.005928446538746357,0.12363642454147339,0.11820065975189209,0.2882080078125,0.2860107421875
generated_image_0149.png,0.1549590826034546,0.008271405473351479,0.22980305552482605,0.22342395782470703,0.205047607421875,0.152618408203125
generated_image_0150.png,0.1028817892074585,0.0078023322857916355,0.12379427999258041,0.10863995552062988,0.2382659912109375,0.2335103452205658
generated_image_0151.png,0.18271896243095398,0.005364968441426754,0.2553284764289856,0.23816967010498047,0.0882720947265625,0.0915629118680954
generated_image_0152.png,0.13123375177383423,0.006054711993783712,0.3377874493598938,0.32455700635910034,0.2553253173828125,0.1485544890165329
generated_image_0153.png,0.14950311183929443,0.009360048919916153,0.17229002714157104,0.1441778540611267,0.15948486328125,0.1777750700712204
generated_image_0154.png,0.21402573585510254,0.008833125233650208,0.2499268352985382,0.20597708225250244,0.106719970703125,0.1294810026884079
generated_image_0155.png,0.12475912272930145,0.015346720814704895,0.23821020126342773,0.2406105399131775,0.348876953125,0.4767608642578125
generated_image_0156.png,0.11442244052886963,0.009670775383710861,0.1934504359960556,0.18006044626235962,0.287689208984375,0.3019561767578125
generated_image_0157.png,0.2990947663784027,0.01791459321975708,0.4273553788661957,0.3660282492637634,0.117706298828125,0.2128194272518158
generated_image_0158.png,0.15511125326156616,0.008268610574305058,0.22977612912654877,0.22347670793533325,0.205047607421875,0.1526336669921875
generated_image_0159.png,0.05766409635543823,0.004106634762138128,0.07570306956768036,0.06899774074554443,0.257415771484375,0.2654622495174408
generated_image_0160.png,0.13777433335781097,0.011801738291978836,0.17331677675247192,0.15746688842773438,0.243377685546875,0.257904052734375
generated_image_0161.png,0.08733122050762177,0.005549080669879913,0.09840832650661469,0.08777374029159546,0.21728515625,0.2167917937040329
generated_image_0162.png,0.11475038528442383,0.006886626593768597,0.22307854890823364,0.2160029411315918,0.228485107421875,0.1898396909236908
generated_image_0163.png,0.1026553362607956,0.006647306960076094,0.1490788459777832,0.12945634126663208,0.1938323974609375,0.1973876953125
generated_image_0164.png,0.09207916259765625,0.0059027718380093575,0.2355685532093048,0.24545586109161377,0.2369384765625,0.1917978972196579
generated_image_0165.png,0.10460154712200165,0.006567408796399832,0.12137796729803085,0.10092604160308838,0.1837005615234375,0.20849609375
generated_image_0166.png,0.20740923285484314,0.01279930118471384,0.25732627511024475,0.23079997301101685,0.2594757080078125,0.2040456235408783
generated_image_0167.png,0.09090258926153183,0.005472034215927124,0.12072344869375229,0.11163860559463501,0.20233154296875,0.1925506591796875
generated_image_0168.png,0.14596036076545715,0.00523992907255888,0.22039088606834412,0.20551246404647827,0.128326416015625,0.1028951033949852
generated_image_0169.png,0.09805619716644287,0.007282009348273277,0.13762187957763672,0.1280035376548767,0.235565185546875,0.21270751953125
generated_image_0170.png,0.1814804971218109,0.01037115789949894,0.30015766620635986,0.30761730670928955,0.22088623046875,0.1479949951171875
generated_image_0171.png,0.06755690276622772,0.005927109159529209,0.12364828586578369,0.11825382709503174,0.2882080078125,0.2859954833984375
generated_image_0172.png,0.06809543073177338,0.0055486708879470825,0.09618908166885376,0.08746373653411865,0.2371978759765625,0.2590179443359375
generated_image_0173.png,0.20991574227809906,0.01320162508636713,0.2598128318786621,0.23167955875396729,0.177490234375,0.1716461181640625
generated_image_0174.png,0.26567542552948,0.01640765555202961,0.38697466254234314,0.36523932218551636,0.2305908203125,0.2177225798368454
generated_image_0175.png,0.12821894884109497,0.011308655142784119,0.17321890592575073,0.16962546110153198,0.260498046875,0.244842529296875
generated_image_0176.png,0.08426334708929062,0.006660745479166508,0.09969358146190643,0.08260536193847656,0.25439453125,0.2649688720703125
generated_image_0177.png,0.23254841566085815,0.02579745650291443,0.4466978907585144,0.4404847025871277,0.238433837890625,0.346893310546875
generated_image_0178.png,0.061283908784389496,0.0043981862254440784,0.08959746360778809,0.08469140529632568,0.2270050048828125,0.2413889616727829
generated_image_0179.png,0.053903840482234955,0.0069819968193769455,0.06751631200313568,0.058927297592163086,0.437225341796875,0.4260203242301941
generated_image_0180.png,0.07040131092071533,0.004112897906452417,0.14045584201812744,0.14029467105865479,0.19989013671875,0.2060699462890625
generated_image_0181.png,0.11447390168905258,0.005193192046135664,0.11598843336105347,0.08709561824798584,0.1452484130859375,0.1545461118221283
generated_image_0182.png,0.08933433145284653,0.006657444406300783,0.13314121961593628,0.12937408685684204,0.238250732421875,0.2301279753446579
generated_image_0183.png,0.08476875722408295,0.0064476290717720985,0.15497061610221863,0.14835405349731445,0.2891693115234375,0.2668711543083191
generated_image_0184.png,0.11249836534261703,0.006068259943276644,0.11545660346746445,0.0881192684173584,0.168914794921875,0.1894582211971283
generated_image_0185.png,0.31320202350616455,0.031661443412303925,0.5223492383956909,0.49117279052734375,0.175811767578125,0.3156280517578125
generated_image_0186.png,0.20069244503974915,0.012070741504430771,0.3245580494403839,0.30038022994995117,0.1394500732421875,0.1961415708065033
generated_image_0187.png,0.39012381434440613,0.01431998610496521,0.37679967284202576,0.28823912143707275,0.0850982666015625,0.1043294295668602
generated_image_0188.png,0.11480379104614258,0.00928379874676466,0.20076464116573334,0.20031088590621948,0.3126678466796875,0.2414143979549408
generated_image_0189.png,0.0659213662147522,0.004888984374701977,0.12686142325401306,0.1227869987487793,0.2313690185546875,0.2241617888212204
generated_image_0190.png,0.11220395565032959,0.006551796104758978,0.10716550052165985,0.0859876275062561,0.1968231201171875,0.1948699951171875
generated_image_0191.png,0.12816381454467773,0.01007763296365738,0.1673414707183838,0.15868067741394043,0.2711944580078125,0.2188771665096283
generated_image_0192.png,0.18427400290966034,0.013918433338403702,0.2848339080810547,0.2551898956298828,0.283721923828125,0.269561767578125
generated_image_0193.png,0.09930263459682465,0.0032927533611655235,0.19694146513938904,0.18868637084960938,0.12774658203125,0.1163737028837204
generated_image_0194.png,0.07303039729595184,0.00565421674400568,0.09443708509206772,0.08248889446258545,0.2662811279296875,0.2500559687614441
generated_image_0195.png,0.15546560287475586,0.008595295250415802,0.2366127371788025,0.2237582802772522,0.28802490234375,0.2082570493221283
generated_image_0196.png,0.15658354759216309,0.008941186591982841,0.25743746757507324,0.24131810665130615,0.1402435302734375,0.15777587890625
generated_image_0197.png,0.29044508934020996,0.01812317594885826,0.3732011318206787,0.34824520349502563,0.1377410888671875,0.204986572265625
generated_image_0198.png,0.12584757804870605,0.009802969172596931,0.18978771567344666,0.18536376953125,0.2757110595703125,0.2353719174861908
generated_image_0199.png,0.7241538763046265,0.0028001884929835796,0.9390420913696289,1.0,0.005340576171875,0.008941650390625
generated_image_0200.png,0.13973109424114227,0.009313466027379036,0.2283397912979126,0.21930861473083496,0.215484619140625,0.2020619809627533
generated_image_0201.png,0.1964842528104782,0.007242102175951004,0.22019624710083008,0.158208966255188,0.083648681640625,0.1008453369140625
generated_image_0202.png,0.09098345041275024,0.004925627261400223,0.15764711797237396,0.15100765228271484,0.194122314453125,0.1875762939453125
generated_image_0203.png,0.11435668170452118,0.008954295888543129,0.22450241446495056,0.22706228494644165,0.24853515625,0.2416483610868454
generated_image_0204.png,0.13303589820861816,0.0032339307945221663,0.2056211531162262,0.18866252899169922,0.06500244140625,0.0746053084731102
generated_image_0205.png,0.05188649892807007,0.0038684182800352573,0.07315194606781006,0.066517174243927,0.2659149169921875,0.2660624384880066
generated_image_0206.png,0.17943090200424194,0.011972896754741669,0.2621210217475891,0.26242518424987793,0.1850738525390625,0.1880696713924408
generated_image_0207.png,0.1148919090628624,0.004031078424304724,0.12717661261558533,0.10651659965515137,0.13238525390625,0.126068115234375
generated_image_0208.png,0.09075846523046494,0.005695407744497061,0.09680992364883423,0.08500170707702637,0.174041748046875,0.1875762939453125
generated_image_0209.png,0.08354052156209946,0.006248391233384609,0.14905017614364624,0.14394056797027588,0.260986328125,0.2403564453125
generated_image_0210.png,0.1685020625591278,0.008152229711413383,0.28743863105773926,0.2667992115020752,0.2001495361328125,0.1518096923828125
generated_image_0211.png,0.2021746039390564,0.00666319252923131,0.19045904278755188,0.1455407738685608,0.0838165283203125,0.0831553190946579
generated_image_0212.png,0.0934714674949646,0.004553528968244791,0.16057592630386353,0.15598934888839722,0.176239013671875,0.157806396484375
generated_image_0213.png,0.09464699029922485,0.005616906099021435,0.13189727067947388,0.11962604522705078,0.1946258544921875,0.2049916684627533
generated_image_0214.png,0.13287745416164398,0.007040256168693304,0.21466699242591858,0.20710384845733643,0.1822509765625,0.1497039794921875
generated_image_0215.png,0.25493931770324707,0.01367732509970665,0.29531121253967285,0.276497483253479,0.2175445556640625,0.1556956022977829
generated_image_0216.png,0.20565685629844666,0.007967308163642883,0.19567488133907318,0.18242287635803223,0.1128387451171875,0.1105906218290329
generated_image_0217.png,0.09965521097183228,0.005735172890126705,0.1434212177991867,0.1295022964477539,0.1724090576171875,0.1806081235408783
generated_image_0218.png,0.0802687406539917,0.003990406170487404,0.1450667381286621,0.13740694522857666,0.177459716796875,0.1699320524930954
generated_image_0219.png,0.10971969366073608,0.006035953760147095,0.1334467977285385,0.1221427321434021,0.1998138427734375,0.1946156919002533
generated_image_0220.png,0.05909621715545654,0.004563734866678715,0.08791367709636688,0.08142536878585815,0.255767822265625,0.26617431640625
generated_image_0221.png,0.08425216376781464,0.003472629003226757,0.2508542239665985,0.25891828536987305,0.177154541015625,0.1443939208984375
generated_image_0222.png,0.0680747851729393,0.005622437223792076,0.07895668596029282,0.06928938627243042,0.254241943359375,0.2646535336971283
generated_image_0223.png,0.8025729060173035,0.014154201373457909,0.9115933179855347,0.9898523688316345,0.009765625,0.0537058524787426
generated_image_0224.png,0.11374656856060028,0.009205164387822151,0.19962525367736816,0.1909322738647461,0.2320556640625,0.2466176450252533
generated_image_0225.png,0.08476875722408295,0.0064476290717720985,0.15497061610221863,0.14835405349731445,0.2891693115234375,0.2668711543083191
generated_image_0226.png,0.061283908784389496,0.0043981862254440784,0.08959746360778809,0.08469140529632568,0.2270050048828125,0.2413889616727829
generated_image_0227.png,0.20565685629844666,0.007967308163642883,0.19567488133907318,0.18242287635803223,0.1128387451171875,0.1105906218290329
generated_image_0228.png,0.0934714674949646,0.004553528968244791,0.16057592630386353,0.15598934888839722,0.176239013671875,0.157806396484375
generated_image_0229.png,0.12816381454467773,0.01007763296365738,0.1673414707183838,0.15868067741394043,0.2711944580078125,0.2188771665096283
generated_image_0230.png,0.0802687406539917,0.003990406170487404,0.1450667381286621,0.13740694522857666,0.177459716796875,0.1699320524930954
generated_image_0231.png,0.07303039729595184,0.00565421674400568,0.09443708509206772,0.08248889446258545,0.2662811279296875,0.2500559687614441
generated_image_0232.png,0.13123375177383423,0.006054711993783712,0.3377874493598938,0.32455700635910034,0.2553253173828125,0.1485544890165329
generated_image_0233.png,0.12584757804870605,0.009802969172596931,0.18978771567344666,0.18536376953125,0.2757110595703125,0.2353719174861908
generated_image_0234.png,0.0659213662147522,0.004888984374701977,0.12686142325401306,0.1227869987487793,0.2313690185546875,0.2241617888212204
generated_image_0235.png,0.05766409635543823,0.004106634762138128,0.07570306956768036,0.06899774074554443,0.257415771484375,0.2654622495174408
generated_image_0236.png,0.15658354759216309,0.008941186591982841,0.25743746757507324,0.24131810665130615,0.1402435302734375,0.15777587890625
generated_image_0237.png,0.05909621715545654,0.004563734866678715,0.08791367709636688,0.08142536878585815,0.255767822265625,0.26617431640625
generated_image_0238.png,0.053903840482234955,0.0069819968193769455,0.06751631200313568,0.058927297592163086,0.437225341796875,0.4260203242301941
generated_image_0239.png,0.1026553362607956,0.006647306960076094,0.1490788459777832,0.12945634126663208,0.1938323974609375,0.1973876953125
generated_image_0240.png,0.1685020625591278,0.008152229711413383,0.28743863105773926,0.2667992115020752,0.2001495361328125,0.1518096923828125
generated_image_0241.png,0.08426334708929062,0.006660745479166508,0.09969358146190643,0.08260536193847656,0.25439453125,0.2649688720703125
generated_image_0242.png,0.12821894884109497,0.011308655142784119,0.17321890592575073,0.16962546110153198,0.260498046875,0.244842529296875
generated_image_0243.png,0.13777433335781097,0.011801738291978836,0.17331677675247192,0.15746688842773438,0.243377685546875,0.257904052734375
generated_image_0244.png,0.09090258926153183,0.005472034215927124,0.12072344869375229,0.11163860559463501,0.20233154296875,0.1925506591796875
generated_image_0245.png,0.18271896243095398,0.005364968441426754,0.2553284764289856,0.23816967010498047,0.0882720947265625,0.0915629118680954
generated_image_0246.png,0.13303589820861816,0.0032339307945221663,0.2056211531162262,0.18866252899169922,0.06500244140625,0.0746053084731102
generated_image_0247.png,0.11442244052886963,0.009670775383710861,0.1934504359960556,0.18006044626235962,0.287689208984375,0.3019561767578125
generated_image_0248.png,0.14596036076545715,0.00523992907255888,0.22039088606834412,0.20551246404647827,0.128326416015625,0.1028951033949852
generated_image_0249.png,0.14950311183929443,0.009360048919916153,0.17229002714157104,0.1441778540611267,0.15948486328125,0.1777750700712204
generated_image_0250.png,0.08733122050762177,0.005549080669879913,0.09840832650661469,0.08777374029159546,0.21728515625,0.2167917937040329
generated_image_0251.png,0.09075846523046494,0.005695407744497061,0.09680992364883423,0.08500170707702637,0.174041748046875,0.1875762939453125
generated_image_0252.png,0.09098345041275024,0.004925627261400223,0.15764711797237396,0.15100765228271484,0.194122314453125,0.1875762939453125
generated_image_0253.png,0.26567542552948,0.01640765555202961,0.38697466254234314,0.36523932218551636,0.2305908203125,0.2177225798368454
generated_image_0254.png,0.18427400290966034,0.013918433338403702,0.2848339080810547,0.2551898956298828,0.283721923828125,0.269561767578125
generated_image_0255.png,0.20991574227809906,0.01320162508636713,0.2598128318786621,0.23167955875396729,0.177490234375,0.1716461181640625
generated_image_0256.png,0.06805269420146942,0.005623748525977135,0.07902493327856064,0.06925779581069946,0.254241943359375,0.2646687924861908
generated_image_0257.png,0.12475912272930145,0.015346720814704895,0.23821020126342773,0.2406105399131775,0.348876953125,0.4767608642578125
generated_image_0258.png,0.21402573585510254,0.008833125233650208,0.2499268352985382,0.20597708225250244,0.106719970703125,0.1294810026884079
generated_image_0259.png,0.05188649892807007,0.0038684182800352573,0.07315194606781006,0.066517174243927,0.2659149169921875,0.2660624384880066
generated_image_0260.png,0.06755690276622772,0.005927109159529209,0.12364828586578369,0.11825382709503174,0.2882080078125,0.2859954833984375
generated_image_0261.png,0.09930263459682465,0.0032927533611655235,0.19694146513938904,0.18868637084960938,0.12774658203125,0.1163737028837204
generated_image_0262.png,0.7241538763046265,0.0028001884929835796,0.9390420913696289,1.0,0.005340576171875,0.008941650390625
generated_image_0263.png,0.11447390168905258,0.005193192046135664,0.11598843336105347,0.08709561824798584,0.1452484130859375,0.1545461118221283
generated_image_0264.png,0.06809543073177338,0.0055486708879470825,0.09618908166885376,0.08746373653411865,0.2371978759765625,0.2590179443359375
generated_image_0265.png,0.39012381434440613,0.01431998610496521,0.37679967284202576,0.28823912143707275,0.0850982666015625,0.1043294295668602
generated_image_0266.png,0.15546560287475586,0.008595295250415802,0.2366127371788025,0.2237582802772522,0.28802490234375,0.2082570493221283
generated_image_0267.png,0.09965521097183228,0.005735172890126705,0.1434212177991867,0.1295022964477539,0.1724090576171875,0.1806081235408783
generated_image_0268.png,0.10460154712200165,0.006567408796399832,0.12137796729803085,0.10092604160308838,0.1837005615234375,0.20849609375
generated_image_0269.png,0.08354052156209946,0.006248391233384609,0.14905017614364624,0.14394056797027588,0.260986328125,0.2403564453125
generated_image_0270.png,0.20069244503974915,0.012070741504430771,0.3245580494403839,0.30038022994995117,0.1394500732421875,0.1961415708065033
generated_image_0271.png,0.23254841566085815,0.02579745650291443,0.4466978907585144,0.4404847025871277,0.238433837890625,0.346893310546875
generated_image_0272.png,0.17943090200424194,0.011972896754741669,0.2621210217475891,0.26242518424987793,0.1850738525390625,0.1880696713924408
generated_image_0273.png,0.1964842528104782,0.007242102175951004,0.22019624710083008,0.158208966255188,0.083648681640625,0.1008453369140625
generated_image_0274.png,0.13973109424114227,0.009313466027379036,0.2283397912979126,0.21930861473083496,0.215484619140625,0.2020619809627533
generated_image_0275.png,0.29044508934020996,0.01812317594885826,0.3732011318206787,0.34824520349502563,0.1377410888671875,0.204986572265625
generated_image_0276.png,0.2990947663784027,0.01791459321975708,0.4273553788661957,0.3660282492637634,0.117706298828125,0.2128194272518158
generated_image_0277.png,0.11249836534261703,0.006068259943276644,0.11545660346746445,0.0881192684173584,0.168914794921875,0.1894582211971283
generated_image_0278.png,0.15511125326156616,0.008268610574305058,0.22977612912654877,0.22347670793533325,0.205047607421875,0.1526336669921875
generated_image_0279.png,0.08425216376781464,0.003472629003226757,0.2508542239665985,0.25891828536987305,0.177154541015625,0.1443939208984375
generated_image_0280.png,0.13287745416164398,0.007040256168693304,0.21466699242591858,0.20710384845733643,0.1822509765625,0.1497039794921875
generated_image_0281.png,0.09464699029922485,0.005616906099021435,0.13189727067947388,0.11962604522705078,0.1946258544921875,0.2049916684627533
generated_image_0282.png,0.11480379104614258,0.00928379874676466,0.20076464116573334,0.20031088590621948,0.3126678466796875,0.2414143979549408
generated_image_0283.png,0.11377082765102386,0.009205006062984467,0.19960066676139832,0.19077718257904053,0.2320556640625,0.246612548828125
generated_image_0284.png,0.25493931770324707,0.01367732509970665,0.29531121253967285,0.276497483253479,0.2175445556640625,0.1556956022977829
generated_image_0285.png,0.31320202350616455,0.031661443412303925,0.5223492383956909,0.49117279052734375,0.175811767578125,0.3156280517578125
generated_image_0286.png,0.8022046089172363,0.014155266806483269,0.9115943908691406,0.9898523688316345,0.009765625,0.0537567138671875
generated_image_0287.png,0.09805619716644287,0.007282009348273277,0.13762187957763672,0.1280035376548767,0.235565185546875,0.21270751953125
generated_image_0288.png,0.11220395565032959,0.006551796104758978,0.10716550052165985,0.0859876275062561,0.1968231201171875,0.1948699951171875
generated_image_0289.png,0.07040131092071533,0.004112897906452417,0.14045584201812744,0.14029467105865479,0.19989013671875,0.2060699462890625
generated_image_0290.png,0.08933433145284653,0.006657444406300783,0.13314121961593628,0.12937408685684204,0.238250732421875,0.2301279753446579
generated_image_0291.png,0.1028817892074585,0.0078023322857916355,0.12379427999258041,0.10863995552062988,0.2382659912109375,0.2335103452205658
generated_image_0292.png,0.11435668170452118,0.008954295888543129,0.22450241446495056,0.22706228494644165,0.24853515625,0.2416483610868454
generated_image_0293.png,0.2021746039390564,0.00666319252923131,0.19045904278755188,0.1455407738685608,0.0838165283203125,0.0831553190946579
generated_image_0294.png,0.1814804971218109,0.01037115789949894,0.30015766620635986,0.30761730670928955,0.22088623046875,0.1479949951171875
generated_image_0295.png,0.11475038528442383,0.006886626593768597,0.22307854890823364,0.2160029411315918,0.228485107421875,0.1898396909236908
generated_image_0296.png,0.1148919090628624,0.004031078424304724,0.12717661261558533,0.10651659965515137,0.13238525390625,0.126068115234375
generated_image_0297.png,0.10971520841121674,0.0060391612350940704,0.13340553641319275,0.1220555305480957,0.1998138427734375,0.1946207731962204
generated_image_0298.png,0.20740991830825806,0.01280246488749981,0.25731903314590454,0.23070257902145386,0.2594757080078125,0.20404052734375
generated_image_0299.png,0.09205057471990585,0.00590443704277277,0.2355775535106659,0.24542862176895142,0.2369384765625,0.191802978515625
generated_image_0300.png,0.15511125326156616,0.008268610574305058,0.22977612912654877,0.22347670793533325,0.205047607421875,0.1526336669921875
generated_image_0301.png,0.08933433145284653,0.006657444406300783,0.13314121961593628,0.12937408685684204,0.238250732421875,0.2301279753446579
generated_image_0302.png,0.07040131092071533,0.004112897906452417,0.14045584201812744,0.14029467105865479,0.19989013671875,0.2060699462890625
generated_image_0303.png,0.11377082765102386,0.009205006062984467,0.19960066676139832,0.19077718257904053,0.2320556640625,0.246612548828125
generated_image_0304.png,0.05188649892807007,0.0038684182800352573,0.07315194606781006,0.066517174243927,0.2659149169921875,0.2660624384880066
generated_image_0305.png,0.1148919090628624,0.004031078424304724,0.12717661261558533,0.10651659965515137,0.13238525390625,0.126068115234375
generated_image_0306.png,0.13303589820861816,0.0032339307945221663,0.2056211531162262,0.18866252899169922,0.06500244140625,0.0746053084731102
generated_image_0307.png,0.11249836534261703,0.006068259943276644,0.11545660346746445,0.0881192684173584,0.168914794921875,0.1894582211971283
generated_image_0308.png,0.07303039729595184,0.00565421674400568,0.09443708509206772,0.08248889446258545,0.2662811279296875,0.2500559687614441
generated_image_0309.png,0.15546560287475586,0.008595295250415802,0.2366127371788025,0.2237582802772522,0.28802490234375,0.2082570493221283
generated_image_0310.png,0.09464699029922485,0.005616906099021435,0.13189727067947388,0.11962604522705078,0.1946258544921875,0.2049916684627533
generated_image_0311.png,0.11480379104614258,0.00928379874676466,0.20076464116573334,0.20031088590621948,0.3126678466796875,0.2414143979549408
generated_image_0312.png,0.06755690276622772,0.005927109159529209,0.12364828586578369,0.11825382709503174,0.2882080078125,0.2859954833984375
generated_image_0313.png,0.18427400290966034,0.013918433338403702,0.2848339080810547,0.2551898956298828,0.283721923828125,0.269561767578125
generated_image_0314.png,0.12584757804870605,0.009802969172596931,0.18978771567344666,0.18536376953125,0.2757110595703125,0.2353719174861908
generated_image_0315.png,0.09930263459682465,0.0032927533611655235,0.19694146513938904,0.18868637084960938,0.12774658203125,0.1163737028837204
generated_image_0316.png,0.08733122050762177,0.005549080669879913,0.09840832650661469,0.08777374029159546,0.21728515625,0.2167917937040329
generated_image_0317.png,0.1685020625591278,0.008152229711413383,0.28743863105773926,0.2667992115020752,0.2001495361328125,0.1518096923828125
generated_image_0318.png,0.2990947663784027,0.01791459321975708,0.4273553788661957,0.3660282492637634,0.117706298828125,0.2128194272518158
generated_image_0319.png,0.06805269420146942,0.005623748525977135,0.07902493327856064,0.06925779581069946,0.254241943359375,0.2646687924861908
generated_image_0320.png,0.1814804971218109,0.01037115789949894,0.30015766620635986,0.30761730670928955,0.22088623046875,0.1479949951171875
generated_image_0321.png,0.14950311183929443,0.009360048919916153,0.17229002714157104,0.1441778540611267,0.15948486328125,0.1777750700712204
generated_image_0322.png,0.11447390168905258,0.005193192046135664,0.11598843336105347,0.08709561824798584,0.1452484130859375,0.1545461118221283
generated_image_0323.png,0.17943090200424194,0.011972896754741669,0.2621210217475891,0.26242518424987793,0.1850738525390625,0.1880696713924408
generated_image_0324.png,0.05909621715545654,0.004563734866678715,0.08791367709636688,0.08142536878585815,0.255767822265625,0.26617431640625
generated_image_0325.png,0.11220395565032959,0.006551796104758978,0.10716550052165985,0.0859876275062561,0.1968231201171875,0.1948699951171875
generated_image_0326.png,0.21402573585510254,0.008833125233650208,0.2499268352985382,0.20597708225250244,0.106719970703125,0.1294810026884079
generated_image_0327.png,0.11475038528442383,0.006886626593768597,0.22307854890823364,0.2160029411315918,0.228485107421875,0.1898396909236908
generated_image_0328.png,0.0802687406539917,0.003990406170487404,0.1450667381286621,0.13740694522857666,0.177459716796875,0.1699320524930954
generated_image_0329.png,0.20565685629844666,0.007967308163642883,0.19567488133907318,0.18242287635803223,0.1128387451171875,0.1105906218290329
generated_image_0330.png,0.31320202350616455,0.031661443412303925,0.5223492383956909,0.49117279052734375,0.175811767578125,0.3156280517578125
generated_image_0331.png,0.05766409635543823,0.004106634762138128,0.07570306956768036,0.06899774074554443,0.257415771484375,0.2654622495174408
generated_image_0332.png,0.13287745416164398,0.007040256168693304,0.21466699242591858,0.20710384845733643,0.1822509765625,0.1497039794921875
generated_image_0333.png,0.20069244503974915,0.012070741504430771,0.3245580494403839,0.30038022994995117,0.1394500732421875,0.1961415708065033
generated_image_0334.png,0.08426334708929062,0.006660745479166508,0.09969358146190643,0.08260536193847656,0.25439453125,0.2649688720703125
generated_image_0335.png,0.09207916259765625,0.0059027718380093575,0.2355685532093048,0.24545586109161377,0.2369384765625,0.1917978972196579
generated_image_0336.png,0.0934714674949646,0.004553528968244791,0.16057592630386353,0.15598934888839722,0.176239013671875,0.157806396484375
generated_image_0337.png,0.7241538763046265,0.0028001884929835796,0.9390420913696289,1.0,0.005340576171875,0.008941650390625
generated_image_0338.png,0.12821894884109497,0.011308655142784119,0.17321890592575073,0.16962546110153198,0.260498046875,0.244842529296875
generated_image_0339.png,0.26567542552948,0.01640765555202961,0.38697466254234314,0.36523932218551636,0.2305908203125,0.2177225798368454
generated_image_0340.png,0.11435668170452118,0.008954295888543129,0.22450241446495056,0.22706228494644165,0.24853515625,0.2416483610868454
generated_image_0341.png,0.20991574227809906,0.01320162508636713,0.2598128318786621,0.23167955875396729,0.177490234375,0.1716461181640625
generated_image_0342.png,0.20740923285484314,0.01279930118471384,0.25732627511024475,0.23079997301101685,0.2594757080078125,0.2040456235408783
generated_image_0343.png,0.1026553362607956,0.006647306960076094,0.1490788459777832,0.12945634126663208,0.1938323974609375,0.1973876953125
generated_image_0344.png,0.15658354759216309,0.008941186591982841,0.25743746757507324,0.24131810665130615,0.1402435302734375,0.15777587890625
generated_image_0345.png,0.061283908784389496,0.0043981862254440784,0.08959746360778809,0.08469140529632568,0.2270050048828125,0.2413889616727829
generated_image_0346.png,0.13123375177383423,0.006054711993783712,0.3377874493598938,0.32455700635910034,0.2553253173828125,0.1485544890165329
generated_image_0347.png,0.08476875722408295,0.0064476290717720985,0.15497061610221863,0.14835405349731445,0.2891693115234375,0.2668711543083191
generated_image_0348.png,0.11442244052886963,0.009670775383710861,0.1934504359960556,0.18006044626235962,0.287689208984375,0.3019561767578125
generated_image_0349.png,0.10460154712200165,0.006567408796399832,0.12137796729803085,0.10092604160308838,0.1837005615234375,0.20849609375
generated_image_0350.png,0.09090258926153183,0.005472034215927124,0.12072344869375229,0.11163860559463501,0.20233154296875,0.1925506591796875
generated_image_0351.png,0.29044508934020996,0.01812317594885826,0.3732011318206787,0.34824520349502563,0.1377410888671875,0.204986572265625
generated_image_0352.png,0.09805619716644287,0.007282009348273277,0.13762187957763672,0.1280035376548767,0.235565185546875,0.21270751953125
generated_image_0353.png,0.09965521097183228,0.005735172890126705,0.1434212177991867,0.1295022964477539,0.1724090576171875,0.1806081235408783
generated_image_0354.png,0.23254841566085815,0.02579745650291443,0.4466978907585144,0.4404847025871277,0.238433837890625,0.346893310546875
generated_image_0355.png,0.08354052156209946,0.006248391233384609,0.14905017614364624,0.14394056797027588,0.260986328125,0.2403564453125
generated_image_0356.png,0.08425216376781464,0.003472629003226757,0.2508542239665985,0.25891828536987305,0.177154541015625,0.1443939208984375
generated_image_0357.png,0.06809543073177338,0.0055486708879470825,0.09618908166885376,0.08746373653411865,0.2371978759765625,0.2590179443359375
generated_image_0358.png,0.14596036076545715,0.00523992907255888,0.22039088606834412,0.20551246404647827,0.128326416015625,0.1028951033949852
generated_image_0359.png,0.39012381434440613,0.01431998610496521,0.37679967284202576,0.28823912143707275,0.0850982666015625,0.1043294295668602
generated_image_0360.png,0.25493931770324707,0.01367732509970665,0.29531121253967285,0.276497483253479,0.2175445556640625,0.1556956022977829
generated_image_0361.png,0.12816381454467773,0.01007763296365738,0.1673414707183838,0.15868067741394043,0.2711944580078125,0.2188771665096283
generated_image_0362.png,0.12475912272930145,0.015346720814704895,0.23821020126342773,0.2406105399131775,0.348876953125,0.4767608642578125
generated_image_0363.png,0.053903840482234955,0.0069819968193769455,0.06751631200313568,0.058927297592163086,0.437225341796875,0.4260203242301941
generated_image_0364.png,0.10971969366073608,0.006035953760147095,0.1334467977285385,0.1221427321434021,0.1998138427734375,0.1946156919002533
generated_image_0365.png,0.0659213662147522,0.004888984374701977,0.12686142325401306,0.1227869987487793,0.2313690185546875,0.2241617888212204
generated_image_0366.png,0.8022046089172363,0.014155266806483269,0.9115943908691406,0.9898523688316345,0.009765625,0.0537567138671875
generated_image_0367.png,0.09075846523046494,0.005695407744497061,0.09680992364883423,0.08500170707702637,0.174041748046875,0.1875762939453125
generated_image_0368.png,0.18271896243095398,0.005364968441426754,0.2553284764289856,0.23816967010498047,0.0882720947265625,0.0915629118680954
generated_image_0369.png,0.09098345041275024,0.004925627261400223,0.15764711797237396,0.15100765228271484,0.194122314453125,0.1875762939453125
generated_image_0370.png,0.1964842528104782,0.007242102175951004,0.22019624710083008,0.158208966255188,0.083648681640625,0.1008453369140625
generated_image_0371.png,0.2021746039390564,0.00666319252923131,0.19045904278755188,0.1455407738685608,0.0838165283203125,0.0831553190946579
generated_image_0372.png,0.1378030776977539,0.01180318370461464,0.17327871918678284,0.15750277042388916,0.243377685546875,0.2579193115234375
generated_image_0373.png,0.1397843211889267,0.009313525632023811,0.2283465713262558,0.21920591592788696,0.215484619140625,0.2020924985408783
generated_image_0374.png,0.10294175148010254,0.00780328456312418,0.12383387982845306,0.10864704847335815,0.2382659912109375,0.2335205078125
generated_image_0375.png,0.12821894884109497,0.011308655142784119,0.17321890592575073,0.16962546110153198,0.260498046875,0.244842529296875
generated_image_0376.png,0.13123375177383423,0.006054711993783712,0.3377874493598938,0.32455700635910034,0.2553253173828125,0.1485544890165329
generated_image_0377.png,0.06805269420146942,0.005623748525977135,0.07902493327856064,0.06925779581069946,0.254241943359375,0.2646687924861908
generated_image_0378.png,0.13303589820861816,0.0032339307945221663,0.2056211531162262,0.18866252899169922,0.06500244140625,0.0746053084731102
generated_image_0379.png,0.31320202350616455,0.031661443412303925,0.5223492383956909,0.49117279052734375,0.175811767578125,0.3156280517578125
generated_image_0380.png,0.26567542552948,0.01640765555202961,0.38697466254234314,0.36523932218551636,0.2305908203125,0.2177225798368454
generated_image_0381.png,0.12816381454467773,0.01007763296365738,0.1673414707183838,0.15868067741394043,0.2711944580078125,0.2188771665096283
generated_image_0382.png,0.08933433145284653,0.006657444406300783,0.13314121961593628,0.12937408685684204,0.238250732421875,0.2301279753446579
generated_image_0383.png,0.21402573585510254,0.008833125233650208,0.2499268352985382,0.20597708225250244,0.106719970703125,0.1294810026884079
generated_image_0384.png,0.09965521097183228,0.005735172890126705,0.1434212177991867,0.1295022964477539,0.1724090576171875,0.1806081235408783
generated_image_0385.png,0.14596036076545715,0.00523992907255888,0.22039088606834412,0.20551246404647827,0.128326416015625,0.1028951033949852
generated_image_0386.png,0.8022046089172363,0.014155266806483269,0.9115943908691406,0.9898523688316345,0.009765625,0.0537567138671875
generated_image_0387.png,0.08354052156209946,0.006248391233384609,0.14905017614364624,0.14394056797027588,0.260986328125,0.2403564453125
generated_image_0388.png,0.05766409635543823,0.004106634762138128,0.07570306956768036,0.06899774074554443,0.257415771484375,0.2654622495174408
generated_image_0389.png,0.0659213662147522,0.004888984374701977,0.12686142325401306,0.1227869987487793,0.2313690185546875,0.2241617888212204
generated_image_0390.png,0.05909621715545654,0.004563734866678715,0.08791367709636688,0.08142536878585815,0.255767822265625,0.26617431640625
generated_image_0391.png,0.18427400290966034,0.013918433338403702,0.2848339080810547,0.2551898956298828,0.283721923828125,0.269561767578125
generated_image_0392.png,0.11475038528442383,0.006886626593768597,0.22307854890823364,0.2160029411315918,0.228485107421875,0.1898396909236908
generated_image_0393.png,0.12584757804870605,0.009802969172596931,0.18978771567344666,0.18536376953125,0.2757110595703125,0.2353719174861908
generated_image_0394.png,0.11442244052886963,0.009670775383710861,0.1934504359960556,0.18006044626235962,0.287689208984375,0.3019561767578125
generated_image_0395.png,0.18271896243095398,0.005364968441426754,0.2553284764289856,0.23816967010498047,0.0882720947265625,0.0915629118680954
generated_image_0396.png,0.25493931770324707,0.01367732509970665,0.29531121253967285,0.276497483253479,0.2175445556640625,0.1556956022977829
generated_image_0397.png,0.15546560287475586,0.008595295250415802,0.2366127371788025,0.2237582802772522,0.28802490234375,0.2082570493221283
generated_image_0398.png,0.13287745416164398,0.007040256168693304,0.21466699242591858,0.20710384845733643,0.1822509765625,0.1497039794921875
generated_image_0399.png,0.23254841566085815,0.02579745650291443,0.4466978907585144,0.4404847025871277,0.238433837890625,0.346893310546875
generated_image_0400.png,0.11447390168905258,0.005193192046135664,0.11598843336105347,0.08709561824798584,0.1452484130859375,0.1545461118221283
generated_image_0401.png,0.10460154712200165,0.006567408796399832,0.12137796729803085,0.10092604160308838,0.1837005615234375,0.20849609375
generated_image_0402.png,0.20565685629844666,0.007967308163642883,0.19567488133907318,0.18242287635803223,0.1128387451171875,0.1105906218290329
generated_image_0403.png,0.11220395565032959,0.006551796104758978,0.10716550052165985,0.0859876275062561,0.1968231201171875,0.1948699951171875
generated_image_0404.png,0.07040131092071533,0.004112897906452417,0.14045584201812744,0.14029467105865479,0.19989013671875,0.2060699462890625
generated_image_0405.png,0.13973109424114227,0.009313466027379036,0.2283397912979126,0.21930861473083496,0.215484619140625,0.2020619809627533
generated_image_0406.png,0.11435668170452118,0.008954295888543129,0.22450241446495056,0.22706228494644165,0.24853515625,0.2416483610868454
generated_image_0407.png,0.14950311183929443,0.009360048919916153,0.17229002714157104,0.1441778540611267,0.15948486328125,0.1777750700712204
generated_image_0408.png,0.07303039729595184,0.00565421674400568,0.09443708509206772,0.08248889446258545,0.2662811279296875,0.2500559687614441
generated_image_0409.png,0.15658354759216309,0.008941186591982841,0.25743746757507324,0.24131810665130615,0.1402435302734375,0.15777587890625
generated_image_0410.png,0.29044508934020996,0.01812317594885826,0.3732011318206787,0.34824520349502563,0.1377410888671875,0.204986572265625
generated_image_0411.png,0.09464699029922485,0.005616906099021435,0.13189727067947388,0.11962604522705078,0.1946258544921875,0.2049916684627533
generated_image_0412.png,0.17943090200424194,0.011972896754741669,0.2621210217475891,0.26242518424987793,0.1850738525390625,0.1880696713924408
generated_image_0413.png,0.06809543073177338,0.0055486708879470825,0.09618908166885376,0.08746373653411865,0.2371978759765625,0.2590179443359375
generated_image_0414.png,0.061283908784389496,0.0043981862254440784,0.08959746360778809,0.08469140529632568,0.2270050048828125,0.2413889616727829
generated_image_0415.png,0.12475912272930145,0.015346720814704895,0.23821020126342773,0.2406105399131775,0.348876953125,0.4767608642578125
generated_image_0416.png,0.10971969366073608,0.006035953760147095,0.1334467977285385,0.1221427321434021,0.1998138427734375,0.1946156919002533
generated_image_0417.png,0.0802687406539917,0.003990406170487404,0.1450667381286621,0.13740694522857666,0.177459716796875,0.1699320524930954
generated_image_0418.png,0.20069244503974915,0.012070741504430771,0.3245580494403839,0.30038022994995117,0.1394500732421875,0.1961415708065033
generated_image_0419.png,0.1028817892074585,0.0078023322857916355,0.12379427999258041,0.10863995552062988,0.2382659912109375,0.2335103452205658
generated_image_0420.png,0.09805619716644287,0.007282009348273277,0.13762187957763672,0.1280035376548767,0.235565185546875,0.21270751953125
generated_image_0421.png,0.09207916259765625,0.0059027718380093575,0.2355685532093048,0.24545586109161377,0.2369384765625,0.1917978972196579
generated_image_0422.png,0.11249836534261703,0.006068259943276644,0.11545660346746445,0.0881192684173584,0.168914794921875,0.1894582211971283
generated_image_0423.png,0.05188649892807007,0.0038684182800352573,0.07315194606781006,0.066517174243927,0.2659149169921875,0.2660624384880066
generated_image_0424.png,0.09930263459682465,0.0032927533611655235,0.19694146513938904,0.18868637084960938,0.12774658203125,0.1163737028837204
generated_image_0425.png,0.2990947663784027,0.01791459321975708,0.4273553788661957,0.3660282492637634,0.117706298828125,0.2128194272518158
generated_image_0426.png,0.09098345041275024,0.004925627261400223,0.15764711797237396,0.15100765228271484,0.194122314453125,0.1875762939453125
generated_image_0427.png,0.053903840482234955,0.0069819968193769455,0.06751631200313568,0.058927297592163086,0.437225341796875,0.4260203242301941
generated_image_0428.png,0.09075846523046494,0.005695407744497061,0.09680992364883423,0.08500170707702637,0.174041748046875,0.1875762939453125
generated_image_0429.png,0.08426334708929062,0.006660745479166508,0.09969358146190643,0.08260536193847656,0.25439453125,0.2649688720703125
generated_image_0430.png,0.08733122050762177,0.005549080669879913,0.09840832650661469,0.08777374029159546,0.21728515625,0.2167917937040329
generated_image_0431.png,0.1814804971218109,0.01037115789949894,0.30015766620635986,0.30761730670928955,0.22088623046875,0.1479949951171875
generated_image_0432.png,0.1148919090628624,0.004031078424304724,0.12717661261558533,0.10651659965515137,0.13238525390625,0.126068115234375
generated_image_0433.png,0.0934714674949646,0.004553528968244791,0.16057592630386353,0.15598934888839722,0.176239013671875,0.157806396484375
generated_image_0434.png,0.13777433335781097,0.011801738291978836,0.17331677675247192,0.15746688842773438,0.243377685546875,0.257904052734375
generated_image_0435.png,0.15511125326156616,0.008268610574305058,0.22977612912654877,0.22347670793533325,0.205047607421875,0.1526336669921875
generated_image_0436.png,0.11377082765102386,0.009205006062984467,0.19960066676139832,0.19077718257904053,0.2320556640625,0.246612548828125
generated_image_0437.png,0.7241538763046265,0.0028001884929835796,0.9390420913696289,1.0,0.005340576171875,0.008941650390625
generated_image_0438.png,0.20740923285484314,0.01279930118471384,0.25732627511024475,0.23079997301101685,0.2594757080078125,0.2040456235408783
generated_image_0439.png,0.08476875722408295,0.0064476290717720985,0.15497061610221863,0.14835405349731445,0.2891693115234375,0.2668711543083191
generated_image_0440.png,0.08425216376781464,0.003472629003226757,0.2508542239665985,0.25891828536987305,0.177154541015625,0.1443939208984375
generated_image_0441.png,0.09090258926153183,0.005472034215927124,0.12072344869375229,0.11163860559463501,0.20233154296875,0.1925506591796875
generated_image_0442.png,0.11480379104614258,0.00928379874676466,0.20076464116573334,0.20031088590621948,0.3126678466796875,0.2414143979549408
generated_image_0443.png,0.2021746039390564,0.00666319252923131,0.19045904278755188,0.1455407738685608,0.0838165283203125,0.0831553190946579
generated_image_0444.png,0.1685020625591278,0.008152229711413383,0.28743863105773926,0.2667992115020752,0.2001495361328125,0.1518096923828125
generated_image_0445.png,0.20991574227809906,0.01320162508636713,0.2598128318786621,0.23167955875396729,0.177490234375,0.1716461181640625
generated_image_0446.png,0.1026553362607956,0.006647306960076094,0.1490788459777832,0.12945634126663208,0.1938323974609375,0.1973876953125
generated_image_0447.png,0.19640755653381348,0.007245724089443684,0.2202468365430832,0.15828287601470947,0.083648681640625,0.100830078125
generated_image_0448.png,0.38997960090637207,0.014313826337456703,0.37659478187561035,0.288119912147522,0.0850982666015625,0.1043345183134079
generated_image_0449.png,0.06755296885967255,0.005928446538746357,0.12363642454147339,0.11820065975189209,0.2882080078125,0.2860107421875
generated_image_0450.png,0.07303039729595184,0.00565421674400568,0.09443708509206772,0.08248889446258545,0.2662811279296875,0.2500559687614441
generated_image_0451.png,0.31320202350616455,0.031661443412303925,0.5223492383956909,0.49117279052734375,0.175811767578125,0.3156280517578125
generated_image_0452.png,0.10971969366073608,0.006035953760147095,0.1334467977285385,0.1221427321434021,0.1998138427734375,0.1946156919002533
generated_image_0453.png,0.13123375177383423,0.006054711993783712,0.3377874493598938,0.32455700635910034,0.2553253173828125,0.1485544890165329
generated_image_0454.png,0.20740923285484314,0.01279930118471384,0.25732627511024475,0.23079997301101685,0.2594757080078125,0.2040456235408783
generated_image_0455.png,0.0934714674949646,0.004553528968244791,0.16057592630386353,0.15598934888839722,0.176239013671875,0.157806396484375
generated_image_0456.png,0.13973109424114227,0.009313466027379036,0.2283397912979126,0.21930861473083496,0.215484619140625,0.2020619809627533
generated_image_0457.png,0.06809543073177338,0.0055486708879470825,0.09618908166885376,0.08746373653411865,0.2371978759765625,0.2590179443359375
generated_image_0458.png,0.20991574227809906,0.01320162508636713,0.2598128318786621,0.23167955875396729,0.177490234375,0.1716461181640625
generated_image_0459.png,0.09930263459682465,0.0032927533611655235,0.19694146513938904,0.18868637084960938,0.12774658203125,0.1163737028837204
generated_image_0460.png,0.11220395565032959,0.006551796104758978,0.10716550052165985,0.0859876275062561,0.1968231201171875,0.1948699951171875
generated_image_0461.png,0.1028817892074585,0.0078023322857916355,0.12379427999258041,0.10863995552062988,0.2382659912109375,0.2335103452205658
generated_image_0462.png,0.11447390168905258,0.005193192046135664,0.11598843336105347,0.08709561824798584,0.1452484130859375,0.1545461118221283
generated_image_0463.png,0.14596036076545715,0.00523992907255888,0.22039088606834412,0.20551246404647827,0.128326416015625,0.1028951033949852
generated_image_0464.png,0.14950311183929443,0.009360048919916153,0.17229002714157104,0.1441778540611267,0.15948486328125,0.1777750700712204
generated_image_0465.png,0.09090258926153183,0.005472034215927124,0.12072344869375229,0.11163860559463501,0.20233154296875,0.1925506591796875
generated_image_0466.png,0.06755690276622772,0.005927109159529209,0.12364828586578369,0.11825382709503174,0.2882080078125,0.2859954833984375
generated_image_0467.png,0.1148919090628624,0.004031078424304724,0.12717661261558533,0.10651659965515137,0.13238525390625,0.126068115234375
generated_image_0468.png,0.11442244052886963,0.009670775383710861,0.1934504359960556,0.18006044626235962,0.287689208984375,0.3019561767578125
generated_image_0469.png,0.09805619716644287,0.007282009348273277,0.13762187957763672,0.1280035376548767,0.235565185546875,0.21270751953125
generated_image_0470.png,0.08426334708929062,0.006660745479166508,0.09969358146190643,0.08260536193847656,0.25439453125,0.2649688720703125
generated_image_0471.png,0.29044508934020996,0.01812317594885826,0.3732011318206787,0.34824520349502563,0.1377410888671875,0.204986572265625
generated_image_0472.png,0.23254841566085815,0.02579745650291443,0.4466978907585144,0.4404847025871277,0.238433837890625,0.346893310546875
generated_image_0473.png,0.20069244503974915,0.012070741504430771,0.3245580494403839,0.30038022994995117,0.1394500732421875,0.1961415708065033
generated_image_0474.png,0.13287745416164398,0.007040256168693304,0.21466699242591858,0.20710384845733643,0.1822509765625,0.1497039794921875
generated_image_0475.png,0.10460154712200165,0.006567408796399832,0.12137796729803085,0.10092604160308838,0.1837005615234375,0.20849609375
generated_image_0476.png,0.1685020625591278,0.008152229711413383,0.28743863105773926,0.2667992115020752,0.2001495361328125,0.1518096923828125
generated_image_0477.png,0.12475912272930145,0.015346720814704895,0.23821020126342773,0.2406105399131775,0.348876953125,0.4767608642578125
generated_image_0478.png,0.06805269420146942,0.005623748525977135,0.07902493327856064,0.06925779581069946,0.254241943359375,0.2646687924861908
generated_image_0479.png,0.1026553362607956,0.006647306960076094,0.1490788459777832,0.12945634126663208,0.1938323974609375,0.1973876953125
generated_image_0480.png,0.061283908784389496,0.0043981862254440784,0.08959746360778809,0.08469140529632568,0.2270050048828125,0.2413889616727829
generated_image_0481.png,0.39012381434440613,0.01431998610496521,0.37679967284202576,0.28823912143707275,0.0850982666015625,0.1043294295668602
generated_image_0482.png,0.08733122050762177,0.005549080669879913,0.09840832650661469,0.08777374029159546,0.21728515625,0.2167917937040329
generated_image_0483.png,0.18271896243095398,0.005364968441426754,0.2553284764289856,0.23816967010498047,0.0882720947265625,0.0915629118680954
generated_image_0484.png,0.1814804971218109,0.01037115789949894,0.30015766620635986,0.30761730670928955,0.22088623046875,0.1479949951171875
generated_image_0485.png,0.09098345041275024,0.004925627261400223,0.15764711797237396,0.15100765228271484,0.194122314453125,0.1875762939453125
generated_image_0486.png,0.11249836534261703,0.006068259943276644,0.11545660346746445,0.0881192684173584,0.168914794921875,0.1894582211971283
generated_image_0487.png,0.12821894884109497,0.011308655142784119,0.17321890592575073,0.16962546110153198,0.260498046875,0.244842529296875
generated_image_0488.png,0.07040131092071533,0.004112897906452417,0.14045584201812744,0.14029467105865479,0.19989013671875,0.2060699462890625
generated_image_0489.png,0.13777433335781097,0.011801738291978836,0.17331677675247192,0.15746688842773438,0.243377685546875,0.257904052734375
generated_image_0490.png,0.18427400290966034,0.013918433338403702,0.2848339080810547,0.2551898956298828,0.283721923828125,0.269561767578125
generated_image_0491.png,0.2021746039390564,0.00666319252923131,0.19045904278755188,0.1455407738685608,0.0838165283203125,0.0831553190946579
generated_image_0492.png,0.21402573585510254,0.008833125233650208,0.2499268352985382,0.20597708225250244,0.106719970703125,0.1294810026884079
generated_image_0493.png,0.11377082765102386,0.009205006062984467,0.19960066676139832,0.19077718257904053,0.2320556640625,0.246612548828125
generated_image_0494.png,0.25493931770324707,0.01367732509970665,0.29531121253967285,0.276497483253479,0.2175445556640625,0.1556956022977829
generated_image_0495.png,0.05766409635543823,0.004106634762138128,0.07570306956768036,0.06899774074554443,0.257415771484375,0.2654622495174408
generated_image_0496.png,0.11475038528442383,0.006886626593768597,0.22307854890823364,0.2160029411315918,0.228485107421875,0.1898396909236908
generated_image_0497.png,0.08933433145284653,0.006657444406300783,0.13314121961593628,0.12937408685684204,0.238250732421875,0.2301279753446579
generated_image_0498.png,0.09965521097183228,0.005735172890126705,0.1434212177991867,0.1295022964477539,0.1724090576171875,0.1806081235408783
generated_image_0499.png,0.8022046089172363,0.014155266806483269,0.9115943908691406,0.9898523688316345,0.009765625,0.0537567138671875
generated_image_0500.png,0.7241538763046265,0.0028001884929835796,0.9390420913696289,1.0,0.005340576171875,0.008941650390625
generated_image_0501.png,0.0659213662147522,0.004888984374701977,0.12686142325401306,0.1227869987487793,0.2313690185546875,0.2241617888212204
generated_image_0502.png,0.11480379104614258,0.00928379874676466,0.20076464116573334,0.20031088590621948,0.3126678466796875,0.2414143979549408
generated_image_0503.png,0.12816381454467773,0.01007763296365738,0.1673414707183838,0.15868067741394043,0.2711944580078125,0.2188771665096283
generated_image_0504.png,0.0802687406539917,0.003990406170487404,0.1450667381286621,0.13740694522857666,0.177459716796875,0.1699320524930954
generated_image_0505.png,0.08476875722408295,0.0064476290717720985,0.15497061610221863,0.14835405349731445,0.2891693115234375,0.2668711543083191
generated_image_0506.png,0.15511125326156616,0.008268610574305058,0.22977612912654877,0.22347670793533325,0.205047607421875,0.1526336669921875
generated_image_0507.png,0.26567542552948,0.01640765555202961,0.38697466254234314,0.36523932218551636,0.2305908203125,0.2177225798368454
generated_image_0508.png,0.17943090200424194,0.011972896754741669,0.2621210217475891,0.26242518424987793,0.1850738525390625,0.1880696713924408
generated_image_0509.png,0.09075846523046494,0.005695407744497061,0.09680992364883423,0.08500170707702637,0.174041748046875,0.1875762939453125
generated_image_0510.png,0.11435668170452118,0.008954295888543129,0.22450241446495056,0.22706228494644165,0.24853515625,0.2416483610868454
generated_image_0511.png,0.05188649892807007,0.0038684182800352573,0.07315194606781006,0.066517174243927,0.2659149169921875,0.2660624384880066
generated_image_0512.png,0.09207916259765625,0.0059027718380093575,0.2355685532093048,0.24545586109161377,0.2369384765625,0.1917978972196579
generated_image_0513.png,0.1964842528104782,0.007242102175951004,0.22019624710083008,0.158208966255188,0.083648681640625,0.1008453369140625
generated_image_0514.png,0.2990947663784027,0.01791459321975708,0.4273553788661957,0.3660282492637634,0.117706298828125,0.2128194272518158
generated_image_0515.png,0.12584757804870605,0.009802969172596931,0.18978771567344666,0.18536376953125,0.2757110595703125,0.2353719174861908
generated_image_0516.png,0.15546560287475586,0.008595295250415802,0.2366127371788025,0.2237582802772522,0.28802490234375,0.2082570493221283
generated_image_0517.png,0.08425216376781464,0.003472629003226757,0.2508542239665985,0.25891828536987305,0.177154541015625,0.1443939208984375
generated_image_0518.png,0.09464699029922485,0.005616906099021435,0.13189727067947388,0.11962604522705078,0.1946258544921875,0.2049916684627533
generated_image_0519.png,0.053903840482234955,0.0069819968193769455,0.06751631200313568,0.058927297592163086,0.437225341796875,0.4260203242301941
generated_image_0520.png,0.05909621715545654,0.004563734866678715,0.08791367709636688,0.08142536878585815,0.255767822265625,0.26617431640625
generated_image_0521.png,0.20565685629844666,0.007967308163642883,0.19567488133907318,0.18242287635803223,0.1128387451171875,0.1105906218290329
generated_image_0522.png,0.15671253204345703,0.008944135159254074,0.25747182965278625,0.241357684135437,0.1402435302734375,0.15777587890625
generated_image_0523.png,0.13308343291282654,0.0032356232404708862,0.20546084642410278,0.18866252899169922,0.06500244140625,0.074615478515625
generated_image_0524.png,0.08347191661596298,0.006249811500310898,0.14901471138000488,0.14391440153121948,0.260986328125,0.2403717041015625
generated_image_0525.png,0.12816381454467773,0.01007763296365738,0.1673414707183838,0.15868067741394043,0.2711944580078125,0.2188771665096283
generated_image_0526.png,0.06805269420146942,0.005623748525977135,0.07902493327856064,0.06925779581069946,0.254241943359375,0.2646687924861908
generated_image_0527.png,0.07303039729595184,0.00565421674400568,0.09443708509206772,0.08248889446258545,0.2662811279296875,0.2500559687614441
generated_image_0528.png,0.06809543073177338,0.0055486708879470825,0.09618908166885376,0.08746373653411865,0.2371978759765625,0.2590179443359375
generated_image_0529.png,0.7241538763046265,0.0028001884929835796,0.9390420913696289,1.0,0.005340576171875,0.008941650390625
generated_image_0530.png,0.29044508934020996,0.01812317594885826,0.3732011318206787,0.34824520349502563,0.1377410888671875,0.204986572265625
generated_image_0531.png,0.17943090200424194,0.011972896754741669,0.2621210217475891,0.26242518424987793,0.1850738525390625,0.1880696713924408
generated_image_0532.png,0.09090258926153183,0.005472034215927124,0.12072344869375229,0.11163860559463501,0.20233154296875,0.1925506591796875
generated_image_0533.png,0.11475038528442383,0.006886626593768597,0.22307854890823364,0.2160029411315918,0.228485107421875,0.1898396909236908
generated_image_0534.png,0.1964842528104782,0.007242102175951004,0.22019624710083008,0.158208966255188,0.083648681640625,0.1008453369140625
generated_image_0535.png,0.08426334708929062,0.006660745479166508,0.09969358146190643,0.08260536193847656,0.25439453125,0.2649688720703125
generated_image_0536.png,0.09098345041275024,0.004925627261400223,0.15764711797237396,0.15100765228271484,0.194122314453125,0.1875762939453125
generated_image_0537.png,0.23254841566085815,0.02579745650291443,0.4466978907585144,0.4404847025871277,0.238433837890625,0.346893310546875
generated_image_0538.png,0.2021746039390564,0.00666319252923131,0.19045904278755188,0.1455407738685608,0.0838165283203125,0.0831553190946579
generated_image_0539.png,0.05188649892807007,0.0038684182800352573,0.07315194606781006,0.066517174243927,0.2659149169921875,0.2660624384880066
generated_image_0540.png,0.15511125326156616,0.008268610574305058,0.22977612912654877,0.22347670793533325,0.205047607421875,0.1526336669921875
generated_image_0541.png,0.12584757804870605,0.009802969172596931,0.18978771567344666,0.18536376953125,0.2757110595703125,0.2353719174861908
generated_image_0542.png,0.11249836534261703,0.006068259943276644,0.11545660346746445,0.0881192684173584,0.168914794921875,0.1894582211971283
generated_image_0543.png,0.09805619716644287,0.007282009348273277,0.13762187957763672,0.1280035376548767,0.235565185546875,0.21270751953125
generated_image_0544.png,0.13777433335781097,0.011801738291978836,0.17331677675247192,0.15746688842773438,0.243377685546875,0.257904052734375
generated_image_0545.png,0.8022046089172363,0.014155266806483269,0.9115943908691406,0.9898523688316345,0.009765625,0.0537567138671875
generated_image_0546.png,0.25493931770324707,0.01367732509970665,0.29531121253967285,0.276497483253479,0.2175445556640625,0.1556956022977829
generated_image_0547.png,0.20740923285484314,0.01279930118471384,0.25732627511024475,0.23079997301101685,0.2594757080078125,0.2040456235408783
generated_image_0548.png,0.31320202350616455,0.031661443412303925,0.5223492383956909,0.49117279052734375,0.175811767578125,0.3156280517578125
generated_image_0549.png,0.13303589820861816,0.0032339307945221663,0.2056211531162262,0.18866252899169922,0.06500244140625,0.0746053084731102
generated_image_0550.png,0.10971969366073608,0.006035953760147095,0.1334467977285385,0.1221427321434021,0.1998138427734375,0.1946156919002533
generated_image_0551.png,0.09075846523046494,0.005695407744497061,0.09680992364883423,0.08500170707702637,0.174041748046875,0.1875762939453125
generated_image_0552.png,0.06755690276622772,0.005927109159529209,0.12364828586578369,0.11825382709503174,0.2882080078125,0.2859954833984375
generated_image_0553.png,0.08476875722408295,0.0064476290717720985,0.15497061610221863,0.14835405349731445,0.2891693115234375,0.2668711543083191
generated_image_0554.png,0.26567542552948,0.01640765555202961,0.38697466254234314,0.36523932218551636,0.2305908203125,0.2177225798368454
generated_image_0555.png,0.12821894884109497,0.011308655142784119,0.17321890592575073,0.16962546110153198,0.260498046875,0.244842529296875
generated_image_0556.png,0.12475912272930145,0.015346720814704895,0.23821020126342773,0.2406105399131775,0.348876953125,0.4767608642578125
generated_image_0557.png,0.2990947663784027,0.01791459321975708,0.4273553788661957,0.3660282492637634,0.117706298828125,0.2128194272518158
generated_image_0558.png,0.1814804971218109,0.01037115789949894,0.30015766620635986,0.30761730670928955,0.22088623046875,0.1479949951171875
generated_image_0559.png,0.14950311183929443,0.009360048919916153,0.17229002714157104,0.1441778540611267,0.15948486328125,0.1777750700712204
generated_image_0560.png,0.11447390168905258,0.005193192046135664,0.11598843336105347,0.08709561824798584,0.1452484130859375,0.1545461118221283
generated_image_0561.png,0.1148919090628624,0.004031078424304724,0.12717661261558533,0.10651659965515137,0.13238525390625,0.126068115234375
generated_image_0562.png,0.05909621715545654,0.004563734866678715,0.08791367709636688,0.08142536878585815,0.255767822265625,0.26617431640625
generated_image_0563.png,0.11220395565032959,0.006551796104758978,0.10716550052165985,0.0859876275062561,0.1968231201171875,0.1948699951171875
generated_image_0564.png,0.08933433145284653,0.006657444406300783,0.13314121961593628,0.12937408685684204,0.238250732421875,0.2301279753446579
generated_image_0565.png,0.20565685629844666,0.007967308163642883,0.19567488133907318,0.18242287635803223,0.1128387451171875,0.1105906218290329
generated_image_0566.png,0.10460154712200165,0.006567408796399832,0.12137796729803085,0.10092604160308838,0.1837005615234375,0.20849609375
generated_image_0567.png,0.09464699029922485,0.005616906099021435,0.13189727067947388,0.11962604522705078,0.1946258544921875,0.2049916684627533
generated_image_0568.png,0.0802687406539917,0.003990406170487404,0.1450667381286621,0.13740694522857666,0.177459716796875,0.1699320524930954
generated_image_0569.png,0.07040131092071533,0.004112897906452417,0.14045584201812744,0.14029467105865479,0.19989013671875,0.2060699462890625
generated_image_0570.png,0.15546560287475586,0.008595295250415802,0.2366127371788025,0.2237582802772522,0.28802490234375,0.2082570493221283
generated_image_0571.png,0.13123375177383423,0.006054711993783712,0.3377874493598938,0.32455700635910034,0.2553253173828125,0.1485544890165329
generated_image_0572.png,0.09965521097183228,0.005735172890126705,0.1434212177991867,0.1295022964477539,0.1724090576171875,0.1806081235408783
generated_image_0573.png,0.08733122050762177,0.005549080669879913,0.09840832650661469,0.08777374029159546,0.21728515625,0.2167917937040329
generated_image_0574.png,0.09930263459682465,0.0032927533611655235,0.19694146513938904,0.18868637084960938,0.12774658203125,0.1163737028837204
generated_image_0575.png,0.1028817892074585,0.0078023322857916355,0.12379427999258041,0.10863995552062988,0.2382659912109375,0.2335103452205658
generated_image_0576.png,0.13287745416164398,0.007040256168693304,0.21466699242591858,0.20710384845733643,0.1822509765625,0.1497039794921875
generated_image_0577.png,0.15658354759216309,0.008941186591982841,0.25743746757507324,0.24131810665130615,0.1402435302734375,0.15777587890625
generated_image_0578.png,0.14596036076545715,0.00523992907255888,0.22039088606834412,0.20551246404647827,0.128326416015625,0.1028951033949852
generated_image_0579.png,0.11442244052886963,0.009670775383710861,0.1934504359960556,0.18006044626235962,0.287689208984375,0.3019561767578125
generated_image_0580.png,0.053903840482234955,0.0069819968193769455,0.06751631200313568,0.058927297592163086,0.437225341796875,0.4260203242301941
generated_image_0581.png,0.11377082765102386,0.009205006062984467,0.19960066676139832,0.19077718257904053,0.2320556640625,0.246612548828125
generated_image_0582.png,0.18427400290966034,0.013918433338403702,0.2848339080810547,0.2551898956298828,0.283721923828125,0.269561767578125
generated_image_0583.png,0.13973109424114227,0.009313466027379036,0.2283397912979126,0.21930861473083496,0.215484619140625,0.2020619809627533
generated_image_0584.png,0.0659213662147522,0.004888984374701977,0.12686142325401306,0.1227869987487793,0.2313690185546875,0.2241617888212204
generated_image_0585.png,0.18271896243095398,0.005364968441426754,0.2553284764289856,0.23816967010498047,0.0882720947265625,0.0915629118680954
generated_image_0586.png,0.061283908784389496,0.0043981862254440784,0.08959746360778809,0.08469140529632568,0.2270050048828125,0.2413889616727829
generated_image_0587.png,0.39012381434440613,0.01431998610496521,0.37679967284202576,0.28823912143707275,0.0850982666015625,0.1043294295668602
generated_image_0588.png,0.09207916259765625,0.0059027718380093575,0.2355685532093048,0.24545586109161377,0.2369384765625,0.1917978972196579
generated_image_0589.png,0.21402573585510254,0.008833125233650208,0.2499268352985382,0.20597708225250244,0.106719970703125,0.1294810026884079
generated_image_0590.png,0.05766409635543823,0.004106634762138128,0.07570306956768036,0.06899774074554443,0.257415771484375,0.2654622495174408
generated_image_0591.png,0.11480379104614258,0.00928379874676466,0.20076464116573334,0.20031088590621948,0.3126678466796875,0.2414143979549408
generated_image_0592.png,0.0934714674949646,0.004553528968244791,0.16057592630386353,0.15598934888839722,0.176239013671875,0.157806396484375
generated_image_0593.png,0.11435668170452118,0.008954295888543129,0.22450241446495056,0.22706228494644165,0.24853515625,0.2416483610868454
generated_image_0594.png,0.20069244503974915,0.012070741504430771,0.3245580494403839,0.30038022994995117,0.1394500732421875,0.1961415708065033
generated_image_0595.png,0.1026553362607956,0.006647306960076094,0.1490788459777832,0.12945634126663208,0.1938323974609375,0.1973876953125
generated_image_0596.png,0.08354052156209946,0.006248391233384609,0.14905017614364624,0.14394056797027588,0.260986328125,0.2403564453125
generated_image_0597.png,0.08414362370967865,0.0034743868745863438,0.2508263885974884,0.2589786648750305,0.177154541015625,0.1443939208984375
generated_image_0598.png,0.16837798058986664,0.008156515657901764,0.28742602467536926,0.2668227553367615,0.2001495361328125,0.1518605649471283
generated_image_0599.png,0.20982998609542847,0.013200120069086552,0.2598152160644531,0.23164457082748413,0.177490234375,0.171661376953125
generated_image_0600.png,0.14596036076545715,0.00523992907255888,0.22039088606834412,0.20551246404647827,0.128326416015625,0.1028951033949852
generated_image_0601.png,0.1026553362607956,0.006647306960076094,0.1490788459777832,0.12945634126663208,0.1938323974609375,0.1973876953125
generated_image_0602.png,0.07303039729595184,0.00565421674400568,0.09443708509206772,0.08248889446258545,0.2662811279296875,0.2500559687614441
generated_image_0603.png,0.13123375177383423,0.006054711993783712,0.3377874493598938,0.32455700635910034,0.2553253173828125,0.1485544890165329
generated_image_0604.png,0.25493931770324707,0.01367732509970665,0.29531121253967285,0.276497483253479,0.2175445556640625,0.1556956022977829
generated_image_0605.png,0.8022046089172363,0.014155266806483269,0.9115943908691406,0.9898523688316345,0.009765625,0.0537567138671875
generated_image_0606.png,0.11220395565032959,0.006551796104758978,0.10716550052165985,0.0859876275062561,0.1968231201171875,0.1948699951171875
generated_image_0607.png,0.11475038528442383,0.006886626593768597,0.22307854890823364,0.2160029411315918,0.228485107421875,0.1898396909236908
generated_image_0608.png,0.08354052156209946,0.006248391233384609,0.14905017614364624,0.14394056797027588,0.260986328125,0.2403564453125
generated_image_0609.png,0.09930263459682465,0.0032927533611655235,0.19694146513938904,0.18868637084960938,0.12774658203125,0.1163737028837204
generated_image_0610.png,0.06755690276622772,0.005927109159529209,0.12364828586578369,0.11825382709503174,0.2882080078125,0.2859954833984375
generated_image_0611.png,0.12475912272930145,0.015346720814704895,0.23821020126342773,0.2406105399131775,0.348876953125,0.4767608642578125
generated_image_0612.png,0.31320202350616455,0.031661443412303925,0.5223492383956909,0.49117279052734375,0.175811767578125,0.3156280517578125
generated_image_0613.png,0.13777433335781097,0.011801738291978836,0.17331677675247192,0.15746688842773438,0.243377685546875,0.257904052734375
generated_image_0614.png,0.15658354759216309,0.008941186591982841,0.25743746757507324,0.24131810665130615,0.1402435302734375,0.15777587890625
generated_image_0615.png,0.06805269420146942,0.005623748525977135,0.07902493327856064,0.06925779581069946,0.254241943359375,0.2646687924861908
generated_image_0616.png,0.1964842528104782,0.007242102175951004,0.22019624710083008,0.158208966255188,0.083648681640625,0.1008453369140625
generated_image_0617.png,0.2021746039390564,0.00666319252923131,0.19045904278755188,0.1455407738685608,0.0838165283203125,0.0831553190946579
generated_image_0618.png,0.14950311183929443,0.009360048919916153,0.17229002714157104,0.1441778540611267,0.15948486328125,0.1777750700712204
generated_image_0619.png,0.05766409635543823,0.004106634762138128,0.07570306956768036,0.06899774074554443,0.257415771484375,0.2654622495174408
generated_image_0620.png,0.20069244503974915,0.012070741504430771,0.3245580494403839,0.30038022994995117,0.1394500732421875,0.1961415708065033
generated_image_0621.png,0.0659213662147522,0.004888984374701977,0.12686142325401306,0.1227869987487793,0.2313690185546875,0.2241617888212204
generated_image_0622.png,0.13303589820861816,0.0032339307945221663,0.2056211531162262,0.18866252899169922,0.06500244140625,0.0746053084731102
generated_image_0623.png,0.1028817892074585,0.0078023322857916355,0.12379427999258041,0.10863995552062988,0.2382659912109375,0.2335103452205658
generated_image_0624.png,0.20740923285484314,0.01279930118471384,0.25732627511024475,0.23079997301101685,0.2594757080078125,0.2040456235408783
generated_image_0625.png,0.05909621715545654,0.004563734866678715,0.08791367709636688,0.08142536878585815,0.255767822265625,0.26617431640625
generated_image_0626.png,0.23254841566085815,0.02579745650291443,0.4466978907585144,0.4404847025871277,0.238433837890625,0.346893310546875
generated_image_0627.png,0.053903840482234955,0.0069819968193769455,0.06751631200313568,0.058927297592163086,0.437225341796875,0.4260203242301941
generated_image_0628.png,0.18427400290966034,0.013918433338403702,0.2848339080810547,0.2551898956298828,0.283721923828125,0.269561767578125
generated_image_0629.png,0.12816381454467773,0.01007763296365738,0.1673414707183838,0.15868067741394043,0.2711944580078125,0.2188771665096283
generated_image_0630.png,0.13287745416164398,0.007040256168693304,0.21466699242591858,0.20710384845733643,0.1822509765625,0.1497039794921875
generated_image_0631.png,0.05188649892807007,0.0038684182800352573,0.07315194606781006,0.066517174243927,0.2659149169921875,0.2660624384880066
generated_image_0632.png,0.07040131092071533,0.004112897906452417,0.14045584201812744,0.14029467105865479,0.19989013671875,0.2060699462890625
generated_image_0633.png,0.11377082765102386,0.009205006062984467,0.19960066676139832,0.19077718257904053,0.2320556640625,0.246612548828125
generated_image_0634.png,0.0934714674949646,0.004553528968244791,0.16057592630386353,0.15598934888839722,0.176239013671875,0.157806396484375
generated_image_0635.png,0.15511125326156616,0.008268610574305058,0.22977612912654877,0.22347670793533325,0.205047607421875,0.1526336669921875
generated_image_0636.png,0.061283908784389496,0.0043981862254440784,0.08959746360778809,0.08469140529632568,0.2270050048828125,0.2413889616727829
generated_image_0637.png,0.11447390168905258,0.005193192046135664,0.11598843336105347,0.08709561824798584,0.1452484130859375,0.1545461118221283
generated_image_0638.png,0.11480379104614258,0.00928379874676466,0.20076464116573334,0.20031088590621948,0.3126678466796875,0.2414143979549408
generated_image_0639.png,0.09207916259765625,0.0059027718380093575,0.2355685532093048,0.24545586109161377,0.2369384765625,0.1917978972196579
generated_image_0640.png,0.06809543073177338,0.0055486708879470825,0.09618908166885376,0.08746373653411865,0.2371978759765625,0.2590179443359375
generated_image_0641.png,0.09075846523046494,0.005695407744497061,0.09680992364883423,0.08500170707702637,0.174041748046875,0.1875762939453125
generated_image_0642.png,0.08476875722408295,0.0064476290717720985,0.15497061610221863,0.14835405349731445,0.2891693115234375,0.2668711543083191
generated_image_0643.png,0.13973109424114227,0.009313466027379036,0.2283397912979126,0.21930861473083496,0.215484619140625,0.2020619809627533
generated_image_0644.png,0.21402573585510254,0.008833125233650208,0.2499268352985382,0.20597708225250244,0.106719970703125,0.1294810026884079
generated_image_0645.png,0.12584757804870605,0.009802969172596931,0.18978771567344666,0.18536376953125,0.2757110595703125,0.2353719174861908
generated_image_0646.png,0.26567542552948,0.01640765555202961,0.38697466254234314,0.36523932218551636,0.2305908203125,0.2177225798368454
generated_image_0647.png,0.29044508934020996,0.01812317594885826,0.3732011318206787,0.34824520349502563,0.1377410888671875,0.204986572265625
generated_image_0648.png,0.10971969366073608,0.006035953760147095,0.1334467977285385,0.1221427321434021,0.1998138427734375,0.1946156919002533
generated_image_0649.png,0.11442244052886963,0.009670775383710861,0.1934504359960556,0.18006044626235962,0.287689208984375,0.3019561767578125
generated_image_0650.png,0.1814804971218109,0.01037115789949894,0.30015766620635986,0.30761730670928955,0.22088623046875,0.1479949951171875
generated_image_0651.png,0.09464699029922485,0.005616906099021435,0.13189727067947388,0.11962604522705078,0.1946258544921875,0.2049916684627533
generated_image_0652.png,0.09090258926153183,0.005472034215927124,0.12072344869375229,0.11163860559463501,0.20233154296875,0.1925506591796875
generated_image_0653.png,0.09965521097183228,0.005735172890126705,0.1434212177991867,0.1295022964477539,0.1724090576171875,0.1806081235408783
generated_image_0654.png,0.20565685629844666,0.007967308163642883,0.19567488133907318,0.18242287635803223,0.1128387451171875,0.1105906218290329
generated_image_0655.png,0.09098345041275024,0.004925627261400223,0.15764711797237396,0.15100765228271484,0.194122314453125,0.1875762939453125
generated_image_0656.png,0.15546560287475586,0.008595295250415802,0.2366127371788025,0.2237582802772522,0.28802490234375,0.2082570493221283
generated_image_0657.png,0.2990947663784027,0.01791459321975708,0.4273553788661957,0.3660282492637634,0.117706298828125,0.2128194272518158
generated_image_0658.png,0.12821894884109497,0.011308655142784119,0.17321890592575073,0.16962546110153198,0.260498046875,0.244842529296875
generated_image_0659.png,0.09805619716644287,0.007282009348273277,0.13762187957763672,0.1280035376548767,0.235565185546875,0.21270751953125
generated_image_0660.png,0.18271896243095398,0.005364968441426754,0.2553284764289856,0.23816967010498047,0.0882720947265625,0.0915629118680954
generated_image_0661.png,0.10460154712200165,0.006567408796399832,0.12137796729803085,0.10092604160308838,0.1837005615234375,0.20849609375
generated_image_0662.png,0.1148919090628624,0.004031078424304724,0.12717661261558533,0.10651659965515137,0.13238525390625,0.126068115234375
generated_image_0663.png,0.11435668170452118,0.008954295888543129,0.22450241446495056,0.22706228494644165,0.24853515625,0.2416483610868454
generated_image_0664.png,0.08426334708929062,0.006660745479166508,0.09969358146190643,0.08260536193847656,0.25439453125,0.2649688720703125
generated_image_0665.png,0.11249836534261703,0.006068259943276644,0.11545660346746445,0.0881192684173584,0.168914794921875,0.1894582211971283
generated_image_0666.png,0.08733122050762177,0.005549080669879913,0.09840832650661469,0.08777374029159546,0.21728515625,0.2167917937040329
generated_image_0667.png,0.17943090200424194,0.011972896754741669,0.2621210217475891,0.26242518424987793,0.1850738525390625,0.1880696713924408
generated_image_0668.png,0.08933433145284653,0.006657444406300783,0.13314121961593628,0.12937408685684204,0.238250732421875,0.2301279753446579
generated_image_0669.png,0.7241538763046265,0.0028001884929835796,0.9390420913696289,1.0,0.005340576171875,0.008941650390625
generated_image_0670.png,0.39012381434440613,0.01431998610496521,0.37679967284202576,0.28823912143707275,0.0850982666015625,0.1043294295668602
generated_image_0671.png,0.0802687406539917,0.003990406170487404,0.1450667381286621,0.13740694522857666,0.177459716796875,0.1699320524930954
generated_image_0672.png,0.16837798058986664,0.008156515657901764,0.28742602467536926,0.2668227553367615,0.2001495361328125,0.1518605649471283
generated_image_0673.png,0.20982998609542847,0.013200120069086552,0.2598152160644531,0.23164457082748413,0.177490234375,0.171661376953125
generated_image_0674.png,0.08414362370967865,0.0034743868745863438,0.2508263885974884,0.2589786648750305,0.177154541015625,0.1443939208984375
generated_image_0675.png,0.08425216376781464,0.003472629003226757,0.2508542239665985,0.25891828536987305,0.177154541015625,0.1443939208984375
generated_image_0676.png,0.1685020625591278,0.008152229711413383,0.28743863105773926,0.2667992115020752,0.2001495361328125,0.1518096923828125
generated_image_0677.png,0.05766409635543823,0.004106634762138128,0.07570306956768036,0.06899774074554443,0.257415771484375,0.2654622495174408
generated_image_0678.png,0.15511125326156616,0.008268610574305058,0.22977612912654877,0.22347670793533325,0.205047607421875,0.1526336669921875
generated_image_0679.png,0.08476875722408295,0.0064476290717720985,0.15497061610221863,0.14835405349731445,0.2891693115234375,0.2668711543083191
generated_image_0680.png,0.31320202350616455,0.031661443412303925,0.5223492383956909,0.49117279052734375,0.175811767578125,0.3156280517578125
generated_image_0681.png,0.20565685629844666,0.007967308163642883,0.19567488133907318,0.18242287635803223,0.1128387451171875,0.1105906218290329
generated_image_0682.png,0.12584757804870605,0.009802969172596931,0.18978771567344666,0.18536376953125,0.2757110595703125,0.2353719174861908
generated_image_0683.png,0.08933433145284653,0.006657444406300783,0.13314121961593628,0.12937408685684204,0.238250732421875,0.2301279753446579
generated_image_0684.png,0.20991574227809906,0.01320162508636713,0.2598128318786621,0.23167955875396729,0.177490234375,0.1716461181640625
generated_image_0685.png,0.11447390168905258,0.005193192046135664,0.11598843336105347,0.08709561824798584,0.1452484130859375,0.1545461118221283
generated_image_0686.png,0.17943090200424194,0.011972896754741669,0.2621210217475891,0.26242518424987793,0.1850738525390625,0.1880696713924408
generated_image_0687.png,0.12816381454467773,0.01007763296365738,0.1673414707183838,0.15868067741394043,0.2711944580078125,0.2188771665096283
generated_image_0688.png,0.09805619716644287,0.007282009348273277,0.13762187957763672,0.1280035376548767,0.235565185546875,0.21270751953125
generated_image_0689.png,0.25493931770324707,0.01367732509970665,0.29531121253967285,0.276497483253479,0.2175445556640625,0.1556956022977829
generated_image_0690.png,0.12475912272930145,0.015346720814704895,0.23821020126342773,0.2406105399131775,0.348876953125,0.4767608642578125
generated_image_0691.png,0.11442244052886963,0.009670775383710861,0.1934504359960556,0.18006044626235962,0.287689208984375,0.3019561767578125
generated_image_0692.png,0.0802687406539917,0.003990406170487404,0.1450667381286621,0.13740694522857666,0.177459716796875,0.1699320524930954
generated_image_0693.png,0.2990947663784027,0.01791459321975708,0.4273553788661957,0.3660282492637634,0.117706298828125,0.2128194272518158
generated_image_0694.png,0.23254841566085815,0.02579745650291443,0.4466978907585144,0.4404847025871277,0.238433837890625,0.346893310546875
generated_image_0695.png,0.11249836534261703,0.006068259943276644,0.11545660346746445,0.0881192684173584,0.168914794921875,0.1894582211971283
generated_image_0696.png,0.09965521097183228,0.005735172890126705,0.1434212177991867,0.1295022964477539,0.1724090576171875,0.1806081235408783
generated_image_0697.png,0.13973109424114227,0.009313466027379036,0.2283397912979126,0.21930861473083496,0.215484619140625,0.2020619809627533
generated_image_0698.png,0.13287745416164398,0.007040256168693304,0.21466699242591858,0.20710384845733643,0.1822509765625,0.1497039794921875
generated_image_0699.png,0.1026553362607956,0.006647306960076094,0.1490788459777832,0.12945634126663208,0.1938323974609375,0.1973876953125
generated_image_0700.png,0.20069244503974915,0.012070741504430771,0.3245580494403839,0.30038022994995117,0.1394500732421875,0.1961415708065033
generated_image_0701.png,0.2021746039390564,0.00666319252923131,0.19045904278755188,0.1455407738685608,0.0838165283203125,0.0831553190946579
generated_image_0702.png,0.05909621715545654,0.004563734866678715,0.08791367709636688,0.08142536878585815,0.255767822265625,0.26617431640625
generated_image_0703.png,0.053903840482234955,0.0069819968193769455,0.06751631200313568,0.058927297592163086,0.437225341796875,0.4260203242301941
generated_image_0704.png,0.7241538763046265,0.0028001884929835796,0.9390420913696289,1.0,0.005340576171875,0.008941650390625
generated_image_0705.png,0.18271896243095398,0.005364968441426754,0.2553284764289856,0.23816967010498047,0.0882720947265625,0.0915629118680954
generated_image_0706.png,0.09207916259765625,0.0059027718380093575,0.2355685532093048,0.24545586109161377,0.2369384765625,0.1917978972196579
generated_image_0707.png,0.06755690276622772,0.005927109159529209,0.12364828586578369,0.11825382709503174,0.2882080078125,0.2859954833984375
generated_image_0708.png,0.13123375177383423,0.006054711993783712,0.3377874493598938,0.32455700635910034,0.2553253173828125,0.1485544890165329
generated_image_0709.png,0.1028817892074585,0.0078023322857916355,0.12379427999258041,0.10863995552062988,0.2382659912109375,0.2335103452205658
generated_image_0710.png,0.06809543073177338,0.0055486708879470825,0.09618908166885376,0.08746373653411865,0.2371978759765625,0.2590179443359375
generated_image_0711.png,0.07040131092071533,0.004112897906452417,0.14045584201812744,0.14029467105865479,0.19989013671875,0.2060699462890625
generated_image_0712.png,0.09930263459682465,0.0032927533611655235,0.19694146513938904,0.18868637084960938,0.12774658203125,0.1163737028837204
generated_image_0713.png,0.8022046089172363,0.014155266806483269,0.9115943908691406,0.9898523688316345,0.009765625,0.0537567138671875
generated_image_0714.png,0.39012381434440613,0.01431998610496521,0.37679967284202576,0.28823912143707275,0.0850982666015625,0.1043294295668602
generated_image_0715.png,0.09090258926153183,0.005472034215927124,0.12072344869375229,0.11163860559463501,0.20233154296875,0.1925506591796875
generated_image_0716.png,0.10971969366073608,0.006035953760147095,0.1334467977285385,0.1221427321434021,0.1998138427734375,0.1946156919002533
generated_image_0717.png,0.08354052156209946,0.006248391233384609,0.14905017614364624,0.14394056797027588,0.260986328125,0.2403564453125
generated_image_0718.png,0.05188649892807007,0.0038684182800352573,0.07315194606781006,0.066517174243927,0.2659149169921875,0.2660624384880066
generated_image_0719.png,0.18427400290966034,0.013918433338403702,0.2848339080810547,0.2551898956298828,0.283721923828125,0.269561767578125
generated_image_0720.png,0.09075846523046494,0.005695407744497061,0.09680992364883423,0.08500170707702637,0.174041748046875,0.1875762939453125
generated_image_0721.png,0.09098345041275024,0.004925627261400223,0.15764711797237396,0.15100765228271484,0.194122314453125,0.1875762939453125
generated_image_0722.png,0.26567542552948,0.01640765555202961,0.38697466254234314,0.36523932218551636,0.2305908203125,0.2177225798368454
generated_image_0723.png,0.08733122050762177,0.005549080669879913,0.09840832650661469,0.08777374029159546,0.21728515625,0.2167917937040329
generated_image_0724.png,0.14950311183929443,0.009360048919916153,0.17229002714157104,0.1441778540611267,0.15948486328125,0.1777750700712204
generated_image_0725.png,0.1964842528104782,0.007242102175951004,0.22019624710083008,0.158208966255188,0.083648681640625,0.1008453369140625
generated_image_0726.png,0.11475038528442383,0.006886626593768597,0.22307854890823364,0.2160029411315918,0.228485107421875,0.1898396909236908
generated_image_0727.png,0.06805269420146942,0.005623748525977135,0.07902493327856064,0.06925779581069946,0.254241943359375,0.2646687924861908
generated_image_0728.png,0.11480379104614258,0.00928379874676466,0.20076464116573334,0.20031088590621948,0.3126678466796875,0.2414143979549408
generated_image_0729.png,0.10460154712200165,0.006567408796399832,0.12137796729803085,0.10092604160308838,0.1837005615234375,0.20849609375
generated_image_0730.png,0.07303039729595184,0.00565421674400568,0.09443708509206772,0.08248889446258545,0.2662811279296875,0.2500559687614441
generated_image_0731.png,0.12821894884109497,0.011308655142784119,0.17321890592575073,0.16962546110153198,0.260498046875,0.244842529296875
generated_image_0732.png,0.29044508934020996,0.01812317594885826,0.3732011318206787,0.34824520349502563,0.1377410888671875,0.204986572265625
generated_image_0733.png,0.15546560287475586,0.008595295250415802,0.2366127371788025,0.2237582802772522,0.28802490234375,0.2082570493221283
generated_image_0734.png,0.1148919090628624,0.004031078424304724,0.12717661261558533,0.10651659965515137,0.13238525390625,0.126068115234375
generated_image_0735.png,0.0934714674949646,0.004553528968244791,0.16057592630386353,0.15598934888839722,0.176239013671875,0.157806396484375
generated_image_0736.png,0.14596036076545715,0.00523992907255888,0.22039088606834412,0.20551246404647827,0.128326416015625,0.1028951033949852
generated_image_0737.png,0.1814804971218109,0.01037115789949894,0.30015766620635986,0.30761730670928955,0.22088623046875,0.1479949951171875
generated_image_0738.png,0.11220395565032959,0.006551796104758978,0.10716550052165985,0.0859876275062561,0.1968231201171875,0.1948699951171875
generated_image_0739.png,0.0659213662147522,0.004888984374701977,0.12686142325401306,0.1227869987487793,0.2313690185546875,0.2241617888212204
generated_image_0740.png,0.08426334708929062,0.006660745479166508,0.09969358146190643,0.08260536193847656,0.25439453125,0.2649688720703125
generated_image_0741.png,0.20740923285484314,0.01279930118471384,0.25732627511024475,0.23079997301101685,0.2594757080078125,0.2040456235408783
generated_image_0742.png,0.11377082765102386,0.009205006062984467,0.19960066676139832,0.19077718257904053,0.2320556640625,0.246612548828125
generated_image_0743.png,0.15658354759216309,0.008941186591982841,0.25743746757507324,0.24131810665130615,0.1402435302734375,0.15777587890625
generated_image_0744.png,0.21402573585510254,0.008833125233650208,0.2499268352985382,0.20597708225250244,0.106719970703125,0.1294810026884079
generated_image_0745.png,0.11435668170452118,0.008954295888543129,0.22450241446495056,0.22706228494644165,0.24853515625,0.2416483610868454
generated_image_0746.png,0.061283908784389496,0.0043981862254440784,0.08959746360778809,0.08469140529632568,0.2270050048828125,0.2413889616727829
generated_image_0747.png,0.09464313834905624,0.005617198999971151,0.1318168342113495,0.11959230899810791,0.1946258544921875,0.2050018310546875
generated_image_0748.png,0.1378030776977539,0.011802749708294868,0.17327871918678284,0.15746688842773438,0.243377685546875,0.2579193115234375
generated_image_0749.png,0.13308343291282654,0.0032356232404708862,0.20546084642410278,0.18866252899169922,0.06500244140625,0.074615478515625
generated_image_0750.png,0.08476875722408295,0.0064476290717720985,0.15497061610221863,0.14835405349731445,0.2891693115234375,0.2668711543083191
generated_image_0751.png,0.0802687406539917,0.003990406170487404,0.1450667381286621,0.13740694522857666,0.177459716796875,0.1699320524930954
generated_image_0752.png,0.25493931770324707,0.01367732509970665,0.29531121253967285,0.276497483253479,0.2175445556640625,0.1556956022977829
generated_image_0753.png,0.1814804971218109,0.01037115789949894,0.30015766620635986,0.30761730670928955,0.22088623046875,0.1479949951171875
generated_image_0754.png,0.29044508934020996,0.01812317594885826,0.3732011318206787,0.34824520349502563,0.1377410888671875,0.204986572265625
generated_image_0755.png,0.08733122050762177,0.005549080669879913,0.09840832650661469,0.08777374029159546,0.21728515625,0.2167917937040329
generated_image_0756.png,0.07040131092071533,0.004112897906452417,0.14045584201812744,0.14029467105865479,0.19989013671875,0.2060699462890625
generated_image_0757.png,0.12816381454467773,0.01007763296365738,0.1673414707183838,0.15868067741394043,0.2711944580078125,0.2188771665096283
generated_image_0758.png,0.1685020625591278,0.008152229711413383,0.28743863105773926,0.2667992115020752,0.2001495361328125,0.1518096923828125
generated_image_0759.png,0.1148919090628624,0.004031078424304724,0.12717661261558533,0.10651659965515137,0.13238525390625,0.126068115234375
generated_image_0760.png,0.11480379104614258,0.00928379874676466,0.20076464116573334,0.20031088590621948,0.3126678466796875,0.2414143979549408
generated_image_0761.png,0.20991574227809906,0.01320162508636713,0.2598128318786621,0.23167955875396729,0.177490234375,0.1716461181640625
generated_image_0762.png,0.06805269420146942,0.005623748525977135,0.07902493327856064,0.06925779581069946,0.254241943359375,0.2646687924861908
generated_image_0763.png,0.11442244052886963,0.009670775383710861,0.1934504359960556,0.18006044626235962,0.287689208984375,0.3019561767578125
generated_image_0764.png,0.13287745416164398,0.007040256168693304,0.21466699242591858,0.20710384845733643,0.1822509765625,0.1497039794921875
generated_image_0765.png,0.12584757804870605,0.009802969172596931,0.18978771567344666,0.18536376953125,0.2757110595703125,0.2353719174861908
generated_image_0766.png,0.1964842528104782,0.007242102175951004,0.22019624710083008,0.158208966255188,0.083648681640625,0.1008453369140625
generated_image_0767.png,0.09965521097183228,0.005735172890126705,0.1434212177991867,0.1295022964477539,0.1724090576171875,0.1806081235408783
generated_image_0768.png,0.09464699029922485,0.005616906099021435,0.13189727067947388,0.11962604522705078,0.1946258544921875,0.2049916684627533
generated_image_0769.png,0.31320202350616455,0.031661443412303925,0.5223492383956909,0.49117279052734375,0.175811767578125,0.3156280517578125
generated_image_0770.png,0.05188649892807007,0.0038684182800352573,0.07315194606781006,0.066517174243927,0.2659149169921875,0.2660624384880066
generated_image_0771.png,0.23254841566085815,0.02579745650291443,0.4466978907585144,0.4404847025871277,0.238433837890625,0.346893310546875
generated_image_0772.png,0.8022046089172363,0.014155266806483269,0.9115943908691406,0.9898523688316345,0.009765625,0.0537567138671875
generated_image_0773.png,0.14596036076545715,0.00523992907255888,0.22039088606834412,0.20551246404647827,0.128326416015625,0.1028951033949852
generated_image_0774.png,0.15511125326156616,0.008268610574305058,0.22977612912654877,0.22347670793533325,0.205047607421875,0.1526336669921875
generated_image_0775.png,0.20069244503974915,0.012070741504430771,0.3245580494403839,0.30038022994995117,0.1394500732421875,0.1961415708065033
generated_image_0776.png,0.20740923285484314,0.01279930118471384,0.25732627511024475,0.23079997301101685,0.2594757080078125,0.2040456235408783
generated_image_0777.png,0.18271896243095398,0.005364968441426754,0.2553284764289856,0.23816967010498047,0.0882720947265625,0.0915629118680954
generated_image_0778.png,0.09075846523046494,0.005695407744497061,0.09680992364883423,0.08500170707702637,0.174041748046875,0.1875762939453125
generated_image_0779.png,0.0659213662147522,0.004888984374701977,0.12686142325401306,0.1227869987487793,0.2313690185546875,0.2241617888212204
generated_image_0780.png,0.11475038528442383,0.006886626593768597,0.22307854890823364,0.2160029411315918,0.228485107421875,0.1898396909236908
generated_image_0781.png,0.11377082765102386,0.009205006062984467,0.19960066676139832,0.19077718257904053,0.2320556640625,0.246612548828125
generated_image_0782.png,0.07303039729595184,0.00565421674400568,0.09443708509206772,0.08248889446258545,0.2662811279296875,0.2500559687614441
generated_image_0783.png,0.7241538763046265,0.0028001884929835796,0.9390420913696289,1.0,0.005340576171875,0.008941650390625
generated_image_0784.png,0.0934714674949646,0.004553528968244791,0.16057592630386353,0.15598934888839722,0.176239013671875,0.157806396484375
generated_image_0785.png,0.11447390168905258,0.005193192046135664,0.11598843336105347,0.08709561824798584,0.1452484130859375,0.1545461118221283
generated_image_0786.png,0.09098345041275024,0.004925627261400223,0.15764711797237396,0.15100765228271484,0.194122314453125,0.1875762939453125
generated_image_0787.png,0.09805619716644287,0.007282009348273277,0.13762187957763672,0.1280035376548767,0.235565185546875,0.21270751953125
generated_image_0788.png,0.06755690276622772,0.005927109159529209,0.12364828586578369,0.11825382709503174,0.2882080078125,0.2859954833984375
generated_image_0789.png,0.39012381434440613,0.01431998610496521,0.37679967284202576,0.28823912143707275,0.0850982666015625,0.1043294295668602
generated_image_0790.png,0.09090258926153183,0.005472034215927124,0.12072344869375229,0.11163860559463501,0.20233154296875,0.1925506591796875
generated_image_0791.png,0.26567542552948,0.01640765555202961,0.38697466254234314,0.36523932218551636,0.2305908203125,0.2177225798368454
generated_image_0792.png,0.1028817892074585,0.0078023322857916355,0.12379427999258041,0.10863995552062988,0.2382659912109375,0.2335103452205658
generated_image_0793.png,0.15546560287475586,0.008595295250415802,0.2366127371788025,0.2237582802772522,0.28802490234375,0.2082570493221283
generated_image_0794.png,0.06809543073177338,0.0055486708879470825,0.09618908166885376,0.08746373653411865,0.2371978759765625,0.2590179443359375
generated_image_0795.png,0.17943090200424194,0.011972896754741669,0.2621210217475891,0.26242518424987793,0.1850738525390625,0.1880696713924408
generated_image_0796.png,0.21402573585510254,0.008833125233650208,0.2499268352985382,0.20597708225250244,0.106719970703125,0.1294810026884079
generated_image_0797.png,0.08933433145284653,0.006657444406300783,0.13314121961593628,0.12937408685684204,0.238250732421875,0.2301279753446579
generated_image_0798.png,0.05766409635543823,0.004106634762138128,0.07570306956768036,0.06899774074554443,0.257415771484375,0.2654622495174408
generated_image_0799.png,0.13973109424114227,0.009313466027379036,0.2283397912979126,0.21930861473083496,0.215484619140625,0.2020619809627533
generated_image_0800.png,0.12475912272930145,0.015346720814704895,0.23821020126342773,0.2406105399131775,0.348876953125,0.4767608642578125
generated_image_0801.png,0.11435668170452118,0.008954295888543129,0.22450241446495056,0.22706228494644165,0.24853515625,0.2416483610868454
generated_image_0802.png,0.11249836534261703,0.006068259943276644,0.11545660346746445,0.0881192684173584,0.168914794921875,0.1894582211971283
generated_image_0803.png,0.053903840482234955,0.0069819968193769455,0.06751631200313568,0.058927297592163086,0.437225341796875,0.4260203242301941
generated_image_0804.png,0.20565685629844666,0.007967308163642883,0.19567488133907318,0.18242287635803223,0.1128387451171875,0.1105906218290329
generated_image_0805.png,0.15658354759216309,0.008941186591982841,0.25743746757507324,0.24131810665130615,0.1402435302734375,0.15777587890625
generated_image_0806.png,0.11220395565032959,0.006551796104758978,0.10716550052165985,0.0859876275062561,0.1968231201171875,0.1948699951171875
generated_image_0807.png,0.08426334708929062,0.006660745479166508,0.09969358146190643,0.08260536193847656,0.25439453125,0.2649688720703125
generated_image_0808.png,0.13303589820861816,0.0032339307945221663,0.2056211531162262,0.18866252899169922,0.06500244140625,0.0746053084731102
generated_image_0809.png,0.08354052156209946,0.006248391233384609,0.14905017614364624,0.14394056797027588,0.260986328125,0.2403564453125
generated_image_0810.png,0.13777433335781097,0.011801738291978836,0.17331677675247192,0.15746688842773438,0.243377685546875,0.257904052734375
generated_image_0811.png,0.061283908784389496,0.0043981862254440784,0.08959746360778809,0.08469140529632568,0.2270050048828125,0.2413889616727829
generated_image_0812.png,0.10460154712200165,0.006567408796399832,0.12137796729803085,0.10092604160308838,0.1837005615234375,0.20849609375
generated_image_0813.png,0.09207916259765625,0.0059027718380093575,0.2355685532093048,0.24545586109161377,0.2369384765625,0.1917978972196579
generated_image_0814.png,0.2021746039390564,0.00666319252923131,0.19045904278755188,0.1455407738685608,0.0838165283203125,0.0831553190946579
generated_image_0815.png,0.18427400290966034,0.013918433338403702,0.2848339080810547,0.2551898956298828,0.283721923828125,0.269561767578125
generated_image_0816.png,0.12821894884109497,0.011308655142784119,0.17321890592575073,0.16962546110153198,0.260498046875,0.244842529296875
generated_image_0817.png,0.14950311183929443,0.009360048919916153,0.17229002714157104,0.1441778540611267,0.15948486328125,0.1777750700712204
generated_image_0818.png,0.05909621715545654,0.004563734866678715,0.08791367709636688,0.08142536878585815,0.255767822265625,0.26617431640625
generated_image_0819.png,0.1026553362607956,0.006647306960076094,0.1490788459777832,0.12945634126663208,0.1938323974609375,0.1973876953125
generated_image_0820.png,0.08425216376781464,0.003472629003226757,0.2508542239665985,0.25891828536987305,0.177154541015625,0.1443939208984375
generated_image_0821.png,0.10971969366073608,0.006035953760147095,0.1334467977285385,0.1221427321434021,0.1998138427734375,0.1946156919002533
generated_image_0822.png,0.0993153303861618,0.0032939324155449867,0.1970576047897339,0.18876105546951294,0.12774658203125,0.1163584440946579
generated_image_0823.png,0.2989066243171692,0.017918787896633148,0.4273526668548584,0.3659268021583557,0.117706298828125,0.2128346860408783
generated_image_0824.png,0.13115081191062927,0.0060526467859745026,0.3378297686576843,0.32473647594451904,0.2553253173828125,0.1485341489315033
generated_image_0825.png,0.23254841566085815,0.02579745650291443,0.4466978907585144,0.4404847025871277,0.238433837890625,0.346893310546875
generated_image_0826.png,0.12475912272930145,0.015346720814704895,0.23821020126342773,0.2406105399131775,0.348876953125,0.4767608642578125
generated_image_0827.png,0.10460154712200165,0.006567408796399832,0.12137796729803085,0.10092604160308838,0.1837005615234375,0.20849609375
generated_image_0828.png,0.09464699029922485,0.005616906099021435,0.13189727067947388,0.11962604522705078,0.1946258544921875,0.2049916684627533
generated_image_0829.png,0.09075846523046494,0.005695407744497061,0.09680992364883423,0.08500170707702637,0.174041748046875,0.1875762939453125
generated_image_0830.png,0.0802687406539917,0.003990406170487404,0.1450667381286621,0.13740694522857666,0.177459716796875,0.1699320524930954
generated_image_0831.png,0.18427400290966034,0.013918433338403702,0.2848339080810547,0.2551898956298828,0.283721923828125,0.269561767578125
generated_image_0832.png,0.08933433145284653,0.006657444406300783,0.13314121961593628,0.12937408685684204,0.238250732421875,0.2301279753446579
generated_image_0833.png,0.2990947663784027,0.01791459321975708,0.4273553788661957,0.3660282492637634,0.117706298828125,0.2128194272518158
generated_image_0834.png,0.20565685629844666,0.007967308163642883,0.19567488133907318,0.18242287635803223,0.1128387451171875,0.1105906218290329
generated_image_0835.png,0.13973109424114227,0.009313466027379036,0.2283397912979126,0.21930861473083496,0.215484619140625,0.2020619809627533
generated_image_0836.png,0.20991574227809906,0.01320162508636713,0.2598128318786621,0.23167955875396729,0.177490234375,0.1716461181640625
generated_image_0837.png,0.39012381434440613,0.01431998610496521,0.37679967284202576,0.28823912143707275,0.0850982666015625,0.1043294295668602
generated_image_0838.png,0.11475038528442383,0.006886626593768597,0.22307854890823364,0.2160029411315918,0.228485107421875,0.1898396909236908
generated_image_0839.png,0.07040131092071533,0.004112897906452417,0.14045584201812744,0.14029467105865479,0.19989013671875,0.2060699462890625
generated_image_0840.png,0.14596036076545715,0.00523992907255888,0.22039088606834412,0.20551246404647827,0.128326416015625,0.1028951033949852
generated_image_0841.png,0.07303039729595184,0.00565421674400568,0.09443708509206772,0.08248889446258545,0.2662811279296875,0.2500559687614441
generated_image_0842.png,0.17943090200424194,0.011972896754741669,0.2621210217475891,0.26242518424987793,0.1850738525390625,0.1880696713924408
generated_image_0843.png,0.09930263459682465,0.0032927533611655235,0.19694146513938904,0.18868637084960938,0.12774658203125,0.1163737028837204
generated_image_0844.png,0.21402573585510254,0.008833125233650208,0.2499268352985382,0.20597708225250244,0.106719970703125,0.1294810026884079
generated_image_0845.png,0.14950311183929443,0.009360048919916153,0.17229002714157104,0.1441778540611267,0.15948486328125,0.1777750700712204
generated_image_0846.png,0.1148919090628624,0.004031078424304724,0.12717661261558533,0.10651659965515137,0.13238525390625,0.126068115234375
generated_image_0847.png,0.05909621715545654,0.004563734866678715,0.08791367709636688,0.08142536878585815,0.255767822265625,0.26617431640625
generated_image_0848.png,0.18271896243095398,0.005364968441426754,0.2553284764289856,0.23816967010498047,0.0882720947265625,0.0915629118680954
generated_image_0849.png,0.08426334708929062,0.006660745479166508,0.09969358146190643,0.08260536193847656,0.25439453125,0.2649688720703125
generated_image_0850.png,0.09098345041275024,0.004925627261400223,0.15764711797237396,0.15100765228271484,0.194122314453125,0.1875762939453125
generated_image_0851.png,0.0659213662147522,0.004888984374701977,0.12686142325401306,0.1227869987487793,0.2313690185546875,0.2241617888212204
generated_image_0852.png,0.08733122050762177,0.005549080669879913,0.09840832650661469,0.08777374029159546,0.21728515625,0.2167917937040329
generated_image_0853.png,0.15511125326156616,0.008268610574305058,0.22977612912654877,0.22347670793533325,0.205047607421875,0.1526336669921875
generated_image_0854.png,0.13777433335781097,0.011801738291978836,0.17331677675247192,0.15746688842773438,0.243377685546875,0.257904052734375
generated_image_0855.png,0.09805619716644287,0.007282009348273277,0.13762187957763672,0.1280035376548767,0.235565185546875,0.21270751953125
generated_image_0856.png,0.08425216376781464,0.003472629003226757,0.2508542239665985,0.25891828536987305,0.177154541015625,0.1443939208984375
generated_image_0857.png,0.09090258926153183,0.005472034215927124,0.12072344869375229,0.11163860559463501,0.20233154296875,0.1925506591796875
generated_image_0858.png,0.8022046089172363,0.014155266806483269,0.9115943908691406,0.9898523688316345,0.009765625,0.0537567138671875
generated_image_0859.png,0.1026553362607956,0.006647306960076094,0.1490788459777832,0.12945634126663208,0.1938323974609375,0.1973876953125
generated_image_0860.png,0.7241538763046265,0.0028001884929835796,0.9390420913696289,1.0,0.005340576171875,0.008941650390625
generated_image_0861.png,0.11480379104614258,0.00928379874676466,0.20076464116573334,0.20031088590621948,0.3126678466796875,0.2414143979549408
generated_image_0862.png,0.11249836534261703,0.006068259943276644,0.11545660346746445,0.0881192684173584,0.168914794921875,0.1894582211971283
generated_image_0863.png,0.06755690276622772,0.005927109159529209,0.12364828586578369,0.11825382709503174,0.2882080078125,0.2859954833984375
generated_image_0864.png,0.11447390168905258,0.005193192046135664,0.11598843336105347,0.08709561824798584,0.1452484130859375,0.1545461118221283
generated_image_0865.png,0.20740923285484314,0.01279930118471384,0.25732627511024475,0.23079997301101685,0.2594757080078125,0.2040456235408783
generated_image_0866.png,0.1685020625591278,0.008152229711413383,0.28743863105773926,0.2667992115020752,0.2001495361328125,0.1518096923828125
generated_image_0867.png,0.06809543073177338,0.0055486708879470825,0.09618908166885376,0.08746373653411865,0.2371978759765625,0.2590179443359375
generated_image_0868.png,0.25493931770324707,0.01367732509970665,0.29531121253967285,0.276497483253479,0.2175445556640625,0.1556956022977829
generated_image_0869.png,0.08354052156209946,0.006248391233384609,0.14905017614364624,0.14394056797027588,0.260986328125,0.2403564453125
generated_image_0870.png,0.11377082765102386,0.009205006062984467,0.19960066676139832,0.19077718257904053,0.2320556640625,0.246612548828125
generated_image_0871.png,0.09965521097183228,0.005735172890126705,0.1434212177991867,0.1295022964477539,0.1724090576171875,0.1806081235408783
generated_image_0872.png,0.08476875722408295,0.0064476290717720985,0.15497061610221863,0.14835405349731445,0.2891693115234375,0.2668711543083191
generated_image_0873.png,0.053903840482234955,0.0069819968193769455,0.06751631200313568,0.058927297592163086,0.437225341796875,0.4260203242301941
generated_image_0874.png,0.15658354759216309,0.008941186591982841,0.25743746757507324,0.24131810665130615,0.1402435302734375,0.15777587890625
generated_image_0875.png,0.13303589820861816,0.0032339307945221663,0.2056211531162262,0.18866252899169922,0.06500244140625,0.0746053084731102
generated_image_0876.png,0.09207916259765625,0.0059027718380093575,0.2355685532093048,0.24545586109161377,0.2369384765625,0.1917978972196579
generated_image_0877.png,0.1028817892074585,0.0078023322857916355,0.12379427999258041,0.10863995552062988,0.2382659912109375,0.2335103452205658
generated_image_0878.png,0.12816381454467773,0.01007763296365738,0.1673414707183838,0.15868067741394043,0.2711944580078125,0.2188771665096283
generated_image_0879.png,0.1964842528104782,0.007242102175951004,0.22019624710083008,0.158208966255188,0.083648681640625,0.1008453369140625
generated_image_0880.png,0.06805269420146942,0.005623748525977135,0.07902493327856064,0.06925779581069946,0.254241943359375,0.2646687924861908
generated_image_0881.png,0.26567542552948,0.01640765555202961,0.38697466254234314,0.36523932218551636,0.2305908203125,0.2177225798368454
generated_image_0882.png,0.15546560287475586,0.008595295250415802,0.2366127371788025,0.2237582802772522,0.28802490234375,0.2082570493221283
generated_image_0883.png,0.29044508934020996,0.01812317594885826,0.3732011318206787,0.34824520349502563,0.1377410888671875,0.204986572265625
generated_image_0884.png,0.12584757804870605,0.009802969172596931,0.18978771567344666,0.18536376953125,0.2757110595703125,0.2353719174861908
generated_image_0885.png,0.061283908784389496,0.0043981862254440784,0.08959746360778809,0.08469140529632568,0.2270050048828125,0.2413889616727829
generated_image_0886.png,0.1814804971218109,0.01037115789949894,0.30015766620635986,0.30761730670928955,0.22088623046875,0.1479949951171875
generated_image_0887.png,0.05188649892807007,0.0038684182800352573,0.07315194606781006,0.066517174243927,0.2659149169921875,0.2660624384880066
generated_image_0888.png,0.0934714674949646,0.004553528968244791,0.16057592630386353,0.15598934888839722,0.176239013671875,0.157806396484375
generated_image_0889.png,0.12821894884109497,0.011308655142784119,0.17321890592575073,0.16962546110153198,0.260498046875,0.244842529296875
generated_image_0890.png,0.11220395565032959,0.006551796104758978,0.10716550052165985,0.0859876275062561,0.1968231201171875,0.1948699951171875
generated_image_0891.png,0.31320202350616455,0.031661443412303925,0.5223492383956909,0.49117279052734375,0.175811767578125,0.3156280517578125
generated_image_0892.png,0.20069244503974915,0.012070741504430771,0.3245580494403839,0.30038022994995117,0.1394500732421875,0.1961415708065033
generated_image_0893.png,0.05766409635543823,0.004106634762138128,0.07570306956768036,0.06899774074554443,0.257415771484375,0.2654622495174408
generated_image_0894.png,0.13287745416164398,0.007040256168693304,0.21466699242591858,0.20710384845733643,0.1822509765625,0.1497039794921875
generated_image_0895.png,0.2021746039390564,0.00666319252923131,0.19045904278755188,0.1455407738685608,0.0838165283203125,0.0831553190946579
generated_image_0896.png,0.11442244052886963,0.009670775383710861,0.1934504359960556,0.18006044626235962,0.287689208984375,0.3019561767578125
generated_image_0897.png,0.10971520841121674,0.0060391612350940704,0.13340553641319275,0.1220555305480957,0.1998138427734375,0.1946207731962204
generated_image_0898.png,0.11449214071035385,0.008947521448135376,0.22454297542572021,0.22719252109527588,0.24853515625,0.2416229248046875
generated_image_0899.png,0.13115081191062927,0.0060526467859745026,0.3378297686576843,0.32473647594451904,0.2553253173828125,0.1485341489315033
generated_image_0900.png,0.18271896243095398,0.005364968441426754,0.2553284764289856,0.23816967010498047,0.0882720947265625,0.0915629118680954
generated_image_0901.png,0.13303589820861816,0.0032339307945221663,0.2056211531162262,0.18866252899169922,0.06500244140625,0.0746053084731102
generated_image_0902.png,0.09464699029922485,0.005616906099021435,0.13189727067947388,0.11962604522705078,0.1946258544921875,0.2049916684627533
generated_image_0903.png,0.08425216376781464,0.003472629003226757,0.2508542239665985,0.25891828536987305,0.177154541015625,0.1443939208984375
generated_image_0904.png,0.061283908784389496,0.0043981862254440784,0.08959746360778809,0.08469140529632568,0.2270050048828125,0.2413889616727829
generated_image_0905.png,0.11475038528442383,0.006886626593768597,0.22307854890823364,0.2160029411315918,0.228485107421875,0.1898396909236908
generated_image_0906.png,0.08354052156209946,0.006248391233384609,0.14905017614364624,0.14394056797027588,0.260986328125,0.2403564453125
generated_image_0907.png,0.05188649892807007,0.0038684182800352573,0.07315194606781006,0.066517174243927,0.2659149169921875,0.2660624384880066
generated_image_0908.png,0.14596036076545715,0.00523992907255888,0.22039088606834412,0.20551246404647827,0.128326416015625,0.1028951033949852
generated_image_0909.png,0.1814804971218109,0.01037115789949894,0.30015766620635986,0.30761730670928955,0.22088623046875,0.1479949951171875
generated_image_0910.png,0.20565685629844666,0.007967308163642883,0.19567488133907318,0.18242287635803223,0.1128387451171875,0.1105906218290329
generated_image_0911.png,0.09090258926153183,0.005472034215927124,0.12072344869375229,0.11163860559463501,0.20233154296875,0.1925506591796875
generated_image_0912.png,0.13123375177383423,0.006054711993783712,0.3377874493598938,0.32455700635910034,0.2553253173828125,0.1485544890165329
generated_image_0913.png,0.08476875722408295,0.0064476290717720985,0.15497061610221863,0.14835405349731445,0.2891693115234375,0.2668711543083191
generated_image_0914.png,0.11220395565032959,0.006551796104758978,0.10716550052165985,0.0859876275062561,0.1968231201171875,0.1948699951171875
generated_image_0915.png,0.12584757804870605,0.009802969172596931,0.18978771567344666,0.18536376953125,0.2757110595703125,0.2353719174861908
generated_image_0916.png,0.31320202350616455,0.031661443412303925,0.5223492383956909,0.49117279052734375,0.175811767578125,0.3156280517578125
generated_image_0917.png,0.11480379104614258,0.00928379874676466,0.20076464116573334,0.20031088590621948,0.3126678466796875,0.2414143979549408
generated_image_0918.png,0.21402573585510254,0.008833125233650208,0.2499268352985382,0.20597708225250244,0.106719970703125,0.1294810026884079
generated_image_0919.png,0.25493931770324707,0.01367732509970665,0.29531121253967285,0.276497483253479,0.2175445556640625,0.1556956022977829
generated_image_0920.png,0.11442244052886963,0.009670775383710861,0.1934504359960556,0.18006044626235962,0.287689208984375,0.3019561767578125
generated_image_0921.png,0.15511125326156616,0.008268610574305058,0.22977612912654877,0.22347670793533325,0.205047607421875,0.1526336669921875
generated_image_0922.png,0.11249836534261703,0.006068259943276644,0.11545660346746445,0.0881192684173584,0.168914794921875,0.1894582211971283
generated_image_0923.png,0.15658354759216309,0.008941186591982841,0.25743746757507324,0.24131810665130615,0.1402435302734375,0.15777587890625
generated_image_0924.png,0.11435668170452118,0.008954295888543129,0.22450241446495056,0.22706228494644165,0.24853515625,0.2416483610868454
generated_image_0925.png,0.053903840482234955,0.0069819968193769455,0.06751631200313568,0.058927297592163086,0.437225341796875,0.4260203242301941
generated_image_0926.png,0.08733122050762177,0.005549080669879913,0.09840832650661469,0.08777374029159546,0.21728515625,0.2167917937040329
generated_image_0927.png,0.13287745416164398,0.007040256168693304,0.21466699242591858,0.20710384845733643,0.1822509765625,0.1497039794921875
generated_image_0928.png,0.20740923285484314,0.01279930118471384,0.25732627511024475,0.23079997301101685,0.2594757080078125,0.2040456235408783
generated_image_0929.png,0.12475912272930145,0.015346720814704895,0.23821020126342773,0.2406105399131775,0.348876953125,0.4767608642578125
generated_image_0930.png,0.2021746039390564,0.00666319252923131,0.19045904278755188,0.1455407738685608,0.0838165283203125,0.0831553190946579
generated_image_0931.png,0.20991574227809906,0.01320162508636713,0.2598128318786621,0.23167955875396729,0.177490234375,0.1716461181640625
generated_image_0932.png,0.09207916259765625,0.0059027718380093575,0.2355685532093048,0.24545586109161377,0.2369384765625,0.1917978972196579
generated_image_0933.png,0.18427400290966034,0.013918433338403702,0.2848339080810547,0.2551898956298828,0.283721923828125,0.269561767578125
generated_image_0934.png,0.26567542552948,0.01640765555202961,0.38697466254234314,0.36523932218551636,0.2305908203125,0.2177225798368454
generated_image_0935.png,0.08426334708929062,0.006660745479166508,0.09969358146190643,0.08260536193847656,0.25439453125,0.2649688720703125
generated_image_0936.png,0.2990947663784027,0.01791459321975708,0.4273553788661957,0.3660282492637634,0.117706298828125,0.2128194272518158
generated_image_0937.png,0.05766409635543823,0.004106634762138128,0.07570306956768036,0.06899774074554443,0.257415771484375,0.2654622495174408
generated_image_0938.png,0.12821894884109497,0.011308655142784119,0.17321890592575073,0.16962546110153198,0.260498046875,0.244842529296875
generated_image_0939.png,0.14950311183929443,0.009360048919916153,0.17229002714157104,0.1441778540611267,0.15948486328125,0.1777750700712204
generated_image_0940.png,0.08933433145284653,0.006657444406300783,0.13314121961593628,0.12937408685684204,0.238250732421875,0.2301279753446579
generated_image_0941.png,0.0802687406539917,0.003990406170487404,0.1450667381286621,0.13740694522857666,0.177459716796875,0.1699320524930954
generated_image_0942.png,0.1026553362607956,0.006647306960076094,0.1490788459777832,0.12945634126663208,0.1938323974609375,0.1973876953125
generated_image_0943.png,0.1028817892074585,0.0078023322857916355,0.12379427999258041,0.10863995552062988,0.2382659912109375,0.2335103452205658
generated_image_0944.png,0.09805619716644287,0.007282009348273277,0.13762187957763672,0.1280035376548767,0.235565185546875,0.21270751953125
generated_image_0945.png,0.29044508934020996,0.01812317594885826,0.3732011318206787,0.34824520349502563,0.1377410888671875,0.204986572265625
generated_image_0946.png,0.1964842528104782,0.007242102175951004,0.22019624710083008,0.158208966255188,0.083648681640625,0.1008453369140625
generated_image_0947.png,0.1685020625591278,0.008152229711413383,0.28743863105773926,0.2667992115020752,0.2001495361328125,0.1518096923828125
generated_image_0948.png,0.09098345041275024,0.004925627261400223,0.15764711797237396,0.15100765228271484,0.194122314453125,0.1875762939453125
generated_image_0949.png,0.07303039729595184,0.00565421674400568,0.09443708509206772,0.08248889446258545,0.2662811279296875,0.2500559687614441
generated_image_0950.png,0.07040131092071533,0.004112897906452417,0.14045584201812744,0.14029467105865479,0.19989013671875,0.2060699462890625
generated_image_0951.png,0.05909621715545654,0.004563734866678715,0.08791367709636688,0.08142536878585815,0.255767822265625,0.26617431640625
generated_image_0952.png,0.8022046089172363,0.014155266806483269,0.9115943908691406,0.9898523688316345,0.009765625,0.0537567138671875
generated_image_0953.png,0.23254841566085815,0.02579745650291443,0.4466978907585144,0.4404847025871277,0.238433837890625,0.346893310546875
generated_image_0954.png,0.20069244503974915,0.012070741504430771,0.3245580494403839,0.30038022994995117,0.1394500732421875,0.1961415708065033
generated_image_0955.png,0.0659213662147522,0.004888984374701977,0.12686142325401306,0.1227869987487793,0.2313690185546875,0.2241617888212204
generated_image_0956.png,0.06805269420146942,0.005623748525977135,0.07902493327856064,0.06925779581069946,0.254241943359375,0.2646687924861908
generated_image_0957.png,0.17943090200424194,0.011972896754741669,0.2621210217475891,0.26242518424987793,0.1850738525390625,0.1880696713924408
generated_image_0958.png,0.11447390168905258,0.005193192046135664,0.11598843336105347,0.08709561824798584,0.1452484130859375,0.1545461118221283
generated_image_0959.png,0.06809543073177338,0.0055486708879470825,0.09618908166885376,0.08746373653411865,0.2371978759765625,0.2590179443359375
generated_image_0960.png,0.0934714674949646,0.004553528968244791,0.16057592630386353,0.15598934888839722,0.176239013671875,0.157806396484375
generated_image_0961.png,0.12816381454467773,0.01007763296365738,0.1673414707183838,0.15868067741394043,0.2711944580078125,0.2188771665096283
generated_image_0962.png,0.09930263459682465,0.0032927533611655235,0.19694146513938904,0.18868637084960938,0.12774658203125,0.1163737028837204
generated_image_0963.png,0.11377082765102386,0.009205006062984467,0.19960066676139832,0.19077718257904053,0.2320556640625,0.246612548828125
generated_image_0964.png,0.39012381434440613,0.01431998610496521,0.37679967284202576,0.28823912143707275,0.0850982666015625,0.1043294295668602
generated_image_0965.png,0.7241538763046265,0.0028001884929835796,0.9390420913696289,1.0,0.005340576171875,0.008941650390625
generated_image_0966.png,0.09965521097183228,0.005735172890126705,0.1434212177991867,0.1295022964477539,0.1724090576171875,0.1806081235408783
generated_image_0967.png,0.1148919090628624,0.004031078424304724,0.12717661261558533,0.10651659965515137,0.13238525390625,0.126068115234375
generated_image_0968.png,0.13973109424114227,0.009313466027379036,0.2283397912979126,0.21930861473083496,0.215484619140625,0.2020619809627533
generated_image_0969.png,0.06755690276622772,0.005927109159529209,0.12364828586578369,0.11825382709503174,0.2882080078125,0.2859954833984375
generated_image_0970.png,0.10971969366073608,0.006035953760147095,0.1334467977285385,0.1221427321434021,0.1998138427734375,0.1946156919002533
generated_image_0971.png,0.10460154712200165,0.006567408796399832,0.12137796729803085,0.10092604160308838,0.1837005615234375,0.20849609375
generated_image_0972.png,0.09078371524810791,0.005695703439414501,0.09679438918828964,0.08500170707702637,0.174041748046875,0.1875813901424408
generated_image_0973.png,0.1555166095495224,0.008594058454036713,0.23661723732948303,0.22362226247787476,0.28802490234375,0.2082570493221283
generated_image_0974.png,0.1378030776977539,0.011802749708294868,0.17327871918678284,0.15746688842773438,0.243377685546875,0.2579193115234375
generated_image_0975.png,0.11249836534261703,0.006068259943276644,0.11545660346746445,0.0881192684173584,0.168914794921875,0.1894582211971283
generated_image_0976.png,0.1814804971218109,0.01037115789949894,0.30015766620635986,0.30761730670928955,0.22088623046875,0.1479949951171875
generated_image_0977.png,0.20991574227809906,0.01320162508636713,0.2598128318786621,0.23167955875396729,0.177490234375,0.1716461181640625
generated_image_0978.png,0.06805269420146942,0.005623748525977135,0.07902493327856064,0.06925779581069946,0.254241943359375,0.2646687924861908
generated_image_0979.png,0.18271896243095398,0.005364968441426754,0.2553284764289856,0.23816967010498047,0.0882720947265625,0.0915629118680954
generated_image_0980.png,0.10971969366073608,0.006035953760147095,0.1334467977285385,0.1221427321434021,0.1998138427734375,0.1946156919002533
generated_image_0981.png,0.09075846523046494,0.005695407744497061,0.09680992364883423,0.08500170707702637,0.174041748046875,0.1875762939453125
generated_image_0982.png,0.14950311183929443,0.009360048919916153,0.17229002714157104,0.1441778540611267,0.15948486328125,0.1777750700712204
generated_image_0983.png,0.09805619716644287,0.007282009348273277,0.13762187957763672,0.1280035376548767,0.235565185546875,0.21270751953125
generated_image_0984.png,0.09098345041275024,0.004925627261400223,0.15764711797237396,0.15100765228271484,0.194122314453125,0.1875762939453125
generated_image_0985.png,0.2990947663784027,0.01791459321975708,0.4273553788661957,0.3660282492637634,0.117706298828125,0.2128194272518158
generated_image_0986.png,0.12584757804870605,0.009802969172596931,0.18978771567344666,0.18536376953125,0.2757110595703125,0.2353719174861908
generated_image_0987.png,0.25493931770324707,0.01367732509970665,0.29531121253967285,0.276497483253479,0.2175445556640625,0.1556956022977829
generated_image_0988.png,0.13777433335781097,0.011801738291978836,0.17331677675247192,0.15746688842773438,0.243377685546875,0.257904052734375
generated_image_0989.png,0.15658354759216309,0.008941186591982841,0.25743746757507324,0.24131810665130615,0.1402435302734375,0.15777587890625
generated_image_0990.png,0.11475038528442383,0.006886626593768597,0.22307854890823364,0.2160029411315918,0.228485107421875,0.1898396909236908
generated_image_0991.png,0.11220395565032959,0.006551796104758978,0.10716550052165985,0.0859876275062561,0.1968231201171875,0.1948699951171875
generated_image_0992.png,0.20565685629844666,0.007967308163642883,0.19567488133907318,0.18242287635803223,0.1128387451171875,0.1105906218290329
generated_image_0993.png,0.12816381454467773,0.01007763296365738,0.1673414707183838,0.15868067741394043,0.2711944580078125,0.2188771665096283
generated_image_0994.png,0.1026553362607956,0.006647306960076094,0.1490788459777832,0.12945634126663208,0.1938323974609375,0.1973876953125
generated_image_0995.png,0.08476875722408295,0.0064476290717720985,0.15497061610221863,0.14835405349731445,0.2891693115234375,0.2668711543083191
generated_image_0996.png,0.29044508934020996,0.01812317594885826,0.3732011318206787,0.34824520349502563,0.1377410888671875,0.204986572265625
generated_image_0997.png,0.05766409635543823,0.004106634762138128,0.07570306956768036,0.06899774074554443,0.257415771484375,0.2654622495174408
generated_image_0998.png,0.31320202350616455,0.031661443412303925,0.5223492383956909,0.49117279052734375,0.175811767578125,0.3156280517578125
generated_image_0999.png,0.07040131092071533,0.004112897906452417,0.14045584201812744,0.14029467105865479,0.19989013671875,0.2060699462890625
generated_image_1000.png,0.1685020625591278,0.008152229711413383,0.28743863105773926,0.2667992115020752,0.2001495361328125,0.1518096923828125
generated_image_1001.png,0.15546560287475586,0.008595295250415802,0.2366127371788025,0.2237582802772522,0.28802490234375,0.2082570493221283
generated_image_1002.png,0.05188649892807007,0.00386841781437397,0.07315194606781006,0.066517174243927,0.2659149169921875,0.2660624384880066
