name,seed_disagreement,prob_variance,label_disagreement,ensemble_label_disagreement,road_fraction,pred_road_fraction
generated_image_0000.png,0.30695217847824097,0.015098249539732933,0.37072810530662537,0.3392156958580017,0.1377410888671875,0.1704661101102829
generated_image_0001.png,0.1714484989643097,0.009970434010028839,0.2134552299976349,0.18580657243728638,0.205047607421875,0.160186767578125
generated_image_0002.png,0.08206953853368759,0.004389392677694559,0.15016701817512512,0.1454758644104004,0.194122314453125,0.1871897429227829
generated_image_0003.png,0.0711904764175415,0.003959669731557369,0.14872971177101135,0.1460731029510498,0.177459716796875,0.186614990234375
generated_image_0004.png,0.09587123245000839,0.00601927749812603,0.1292375773191452,0.11175942420959473,0.1837005615234375,0.21441650390625
generated_image_0005.png,0.07507660239934921,0.0058264476247131824,0.15196099877357483,0.1449097990989685,0.287689208984375,0.2782185971736908
generated_image_0006.png,0.10114872455596924,0.006116631906479597,0.17686527967453003,0.16563570499420166,0.2320556640625,0.2162882536649704
generated_image_0007.png,0.1832660287618637,0.010502824559807777,0.4123847484588623,0.4045484662055969,0.175811767578125,0.2214813232421875
generated_image_0008.png,0.11588941514492035,0.005430454853922129,0.1842086762189865,0.1834891438484192,0.1402435302734375,0.1540578305721283
generated_image_0009.png,0.8583564162254333,0.001398727879859507,0.8217687606811523,0.9377990365028381,0.005340576171875,0.0051778159104287624
generated_image_0010.png,0.08461668342351913,0.0034559983760118484,0.09483020007610321,0.08701556921005249,0.1452484130859375,0.1392568051815033
generated_image_0011.png,0.14659248292446136,0.006237905938178301,0.3112109899520874,0.31995701789855957,0.22088623046875,0.1403859555721283
generated_image_0012.png,0.1489112824201584,0.010050594806671143,0.22903113067150116,0.22496622800827026,0.2553253173828125,0.1896871030330658
generated_image_0013.png,0.19854789972305298,0.0089617520570755,0.2762073576450348,0.23396748304367065,0.1394500732421875,0.1541849821805954
generated_image_0014.png,0.3205442726612091,0.008387712761759758,0.31525343656539917,0.29727113246917725,0.0882720947265625,0.0742594450712204
generated_image_0015.png,0.06347280740737915,0.004276318475604057,0.14020270109176636,0.13601458072662354,0.2313690185546875,0.2218780517578125
generated_image_0016.png,0.21606644988059998,0.012576010078191757,0.2432153820991516,0.21675390005111694,0.2175445556640625,0.2104949951171875
generated_image_0017.png,0.07325325906276703,0.005905280355364084,0.06715159118175507,0.052625417709350586,0.257415771484375,0.2663370966911316
generated_image_0018.png,0.11802016198635101,0.0060223424807190895,0.26219743490219116,0.26806795597076416,0.283721923828125,0.2041778564453125
generated_image_0019.png,0.1372988224029541,0.009681036695837975,0.21037113666534424,0.19557219743728638,0.2305908203125,0.23779296875
generated_image_0020.png,0.05872917175292969,0.0036522825248539448,0.10748547315597534,0.10341298580169678,0.19989013671875,0.2195943295955658
generated_image_0021.png,0.11197324842214584,0.005761545151472092,0.22310656309127808,0.2174045443534851,0.28802490234375,0.2135823667049408
generated_image_0022.png,0.06287515163421631,0.004571910016238689,0.09219440072774887,0.0834723711013794,0.2659149169921875,0.264404296875
generated_image_0023.png,0.11530133336782455,0.005952375940978527,0.2057652324438095,0.21829789876937866,0.177154541015625,0.1622161865234375
generated_image_0024.png,0.3495109975337982,0.013243362307548523,0.36421871185302734,0.3122788667678833,0.117706298828125,0.1276499480009079
generated_image_0025.png,0.07760250568389893,0.004050659481436014,0.13012826442718506,0.12131863832473755,0.1938323974609375,0.1992391049861908
generated_image_0026.png,0.1004384383559227,0.00572992954403162,0.1928350180387497,0.1931743621826172,0.215484619140625,0.1886138916015625
generated_image_0027.png,0.11165677011013031,0.0016459014732390642,0.15696081519126892,0.13200771808624268,0.06500244140625,0.0563201904296875
generated_image_0028.png,0.7427706122398376,0.004858337342739105,0.8117095828056335,0.7742857336997986,0.009765625,0.024383544921875
generated_image_0029.png,0.11602010577917099,0.007487147580832243,0.18805080652236938,0.1901078224182129,0.228485107421875,0.1868540495634079
generated_image_0030.png,0.058473050594329834,0.0029021522495895624,0.09402310848236084,0.08653503656387329,0.21728515625,0.2154032438993454
generated_image_0031.png,0.20071235299110413,0.00457897549495101,0.2243109941482544,0.18499010801315308,0.0850982666015625,0.0784962996840477
generated_image_0032.png,0.07693998515605927,0.005887736566364765,0.15065300464630127,0.14747530221939087,0.2891693115234375,0.269317626953125
generated_image_0033.png,0.06577181816101074,0.0038884407840669155,0.11914527416229248,0.11504584550857544,0.2711944580078125,0.2322336882352829
generated_image_0034.png,0.09123464673757553,0.007681725546717644,0.1320858597755432,0.11915028095245361,0.260498046875,0.2682240903377533
generated_image_0035.png,0.11059153079986572,0.007766135036945343,0.15955474972724915,0.15319609642028809,0.2594757080078125,0.2292226254940033
generated_image_0036.png,0.09015526622533798,0.0042597525753080845,0.24815106391906738,0.25185954570770264,0.177490234375,0.147705078125
generated_image_0037.png,0.04987112805247307,0.00331578915938735,0.06683540344238281,0.06076759099960327,0.255767822265625,0.261505126953125
generated_image_0038.png,0.11759690940380096,0.009617546573281288,0.17991898953914642,0.1710425615310669,0.3126678466796875,0.2471364438533783
generated_image_0039.png,0.08113797754049301,0.0047397855669260025,0.13409531116485596,0.12346291542053223,0.1946258544921875,0.2059733122587204
generated_image_0040.png,0.05430601164698601,0.0022902083583176136,0.08673080056905746,0.08036595582962036,0.174041748046875,0.1828155517578125
generated_image_0041.png,0.05523363873362541,0.0021614492870867252,0.12413134425878525,0.12089908123016357,0.1724090576171875,0.181640625
generated_image_0042.png,0.45349740982055664,0.01166182104498148,0.3733196258544922,0.30461937189102173,0.0838165283203125,0.0721893310546875
generated_image_0043.png,0.07299097627401352,0.002592023927718401,0.12258969247341156,0.12520480155944824,0.12774658203125,0.1258697509765625
generated_image_0044.png,0.11913484334945679,0.008749624714255333,0.19548669457435608,0.2044774889945984,0.2369384765625,0.2099609375
generated_image_0045.png,0.08202900737524033,0.006235730368643999,0.09598221629858017,0.08265984058380127,0.25439453125,0.2603403925895691
generated_image_0046.png,0.11939096450805664,0.010437843389809132,0.11386923491954803,0.09605562686920166,0.437225341796875,0.3787638545036316
generated_image_0047.png,0.13982462882995605,0.008224600926041603,0.17251423001289368,0.14553439617156982,0.1850738525390625,0.1864827573299408
generated_image_0048.png,0.13353794813156128,0.008908200077712536,0.21515175700187683,0.21126383543014526,0.24853515625,0.2143910825252533
generated_image_0049.png,0.12091527879238129,0.007921846583485603,0.1399524062871933,0.12660163640975952,0.1998138427734375,0.1994883269071579
generated_image_0050.png,0.08871587365865707,0.006842238828539848,0.14123433828353882,0.13349688053131104,0.2882080078125,0.2736867368221283
generated_image_0051.png,0.1420583724975586,0.0084823127835989,0.2248569130897522,0.20817595720291138,0.243377685546875,0.2150370329618454
generated_image_0052.png,0.07953041791915894,0.005673101171851158,0.13837747275829315,0.13099980354309082,0.260986328125,0.2543233335018158
generated_image_0053.png,0.12425699084997177,0.007776059675961733,0.15443465113639832,0.13734495639801025,0.15948486328125,0.1899515837430954
generated_image_0054.png,0.09925641864538193,0.0030390911269932985,0.12006529420614243,0.11081308126449585,0.1128387451171875,0.1058095321059227
generated_image_0055.png,0.1311628669500351,0.004122166894376278,0.1494981348514557,0.12321865558624268,0.083648681640625,0.0961354598402977
generated_image_0056.png,0.09488948434591293,0.0046384395100176334,0.10668109357357025,0.0862574577331543,0.168914794921875,0.177978515625
generated_image_0057.png,0.0556255578994751,0.0040629892610013485,0.06909400224685669,0.05864804983139038,0.254241943359375,0.2697398066520691
generated_image_0058.png,0.0942549929022789,0.006597592495381832,0.11799722909927368,0.10323846340179443,0.235565185546875,0.2177378386259079
generated_image_0059.png,0.14848870038986206,0.008186694234609604,0.19615495204925537,0.19012415409088135,0.1822509765625,0.151824951171875
generated_image_0060.png,0.2852514684200287,0.021758977323770523,0.4037656784057617,0.36376696825027466,0.348876953125,0.3158009946346283
generated_image_0061.png,0.1888428032398224,0.00822386797517538,0.17680659890174866,0.11541086435317993,0.106719970703125,0.1079610213637352
generated_image_0062.png,0.18714693188667297,0.009057989344000816,0.27740558981895447,0.2516523003578186,0.2001495361328125,0.139801025390625
generated_image_0063.png,0.10187705606222153,0.004167079925537109,0.1126999482512474,0.09245115518569946,0.13238525390625,0.1426747739315033
generated_image_0064.png,0.11977513879537582,0.009916473180055618,0.1787179410457611,0.16997367143630981,0.2757110595703125,0.2375081479549408
generated_image_0065.png,0.0510333776473999,0.003454743418842554,0.08773549646139145,0.08296716213226318,0.2270050048828125,0.2482706755399704
generated_image_0066.png,0.08016395568847656,0.006271103862673044,0.1118977889418602,0.10477453470230103,0.2382659912109375,0.2490997314453125
generated_image_0067.png,0.09788592904806137,0.00848512165248394,0.12480585277080536,0.10617327690124512,0.238250732421875,0.2486928403377533
generated_image_0068.png,0.0989801287651062,0.006411248352378607,0.1121082752943039,0.09448820352554321,0.1968231201171875,0.2025248259305954
generated_image_0069.png,0.21457014977931976,0.012041527777910233,0.33002692461013794,0.3040074110031128,0.238433837890625,0.2261912077665329
generated_image_0070.png,0.10284686088562012,0.003106264164671302,0.1924034059047699,0.1866893768310547,0.128326416015625,0.1065877303481102
generated_image_0071.png,0.06601934134960175,0.004657934885472059,0.08271950483322144,0.073000967502594,0.2662811279296875,0.2508189082145691
generated_image_0072.png,0.09770821034908295,0.0054107410833239555,0.16255389153957367,0.15062648057937622,0.176239013671875,0.1691029965877533
generated_image_0073.png,0.054977260529994965,0.0038808397948741913,0.07804839313030243,0.07110422849655151,0.2371978759765625,0.2567291259765625
generated_image_0074.png,0.06770627200603485,0.004107669927179813,0.1002579778432846,0.09265726804733276,0.20233154296875,0.2060394287109375
generated_image_0075.png,0.11939096450805664,0.010437843389809132,0.11386923491954803,0.09605562686920166,0.437225341796875,0.3787638545036316
generated_image_0076.png,0.13982462882995605,0.008224600926041603,0.17251423001289368,0.14553439617156982,0.1850738525390625,0.1864827573299408
generated_image_0077.png,0.058473050594329834,0.0029021522495895624,0.09402310848236084,0.08653503656387329,0.21728515625,0.2154032438993454
generated_image_0078.png,0.0942549929022789,0.006597592495381832,0.11799722909927368,0.10323846340179443,0.235565185546875,0.2177378386259079
generated_image_0079.png,0.18714693188667297,0.009057989344000816,0.27740558981895447,0.2516523003578186,0.2001495361328125,0.139801025390625
generated_image_0080.png,0.07693998515605927,0.005887736566364765,0.15065300464630127,0.14747530221939087,0.2891693115234375,0.269317626953125
generated_image_0081.png,0.06759905815124512,0.0041085099801421165,0.10018765926361084,0.09265726804733276,0.20233154296875,0.2060648649930954
generated_image_0082.png,0.1489112824201584,0.010050594806671143,0.22903113067150116,0.22496622800827026,0.2553253173828125,0.1896871030330658
generated_image_0083.png,0.12425699084997177,0.007776059675961733,0.15443465113639832,0.13734495639801025,0.15948486328125,0.1899515837430954
generated_image_0084.png,0.13353794813156128,0.008908200077712536,0.21515175700187683,0.21126383543014526,0.24853515625,0.2143910825252533
generated_image_0085.png,0.06601934134960175,0.004657934885472059,0.08271950483322144,0.073000967502594,0.2662811279296875,0.2508189082145691
generated_image_0086.png,0.11530133336782455,0.005952375940978527,0.2057652324438095,0.21829789876937866,0.177154541015625,0.1622161865234375
generated_image_0087.png,0.1372988224029541,0.009681036695837975,0.21037113666534424,0.19557219743728638,0.2305908203125,0.23779296875
generated_image_0088.png,0.30695217847824097,0.015098249539732933,0.37072810530662537,0.3392156958580017,0.1377410888671875,0.1704661101102829
generated_image_0089.png,0.1004384383559227,0.00572992954403162,0.1928350180387497,0.1931743621826172,0.215484619140625,0.1886138916015625
generated_image_0090.png,0.11802016198635101,0.0060223424807190895,0.26219743490219116,0.26806795597076416,0.283721923828125,0.2041778564453125
generated_image_0091.png,0.11759690940380096,0.009617546573281288,0.17991898953914642,0.1710425615310669,0.3126678466796875,0.2471364438533783
generated_image_0092.png,0.07953041791915894,0.005673101171851158,0.13837747275829315,0.13099980354309082,0.260986328125,0.2543233335018158
generated_image_0093.png,0.10284686088562012,0.003106264164671302,0.1924034059047699,0.1866893768310547,0.128326416015625,0.1065877303481102
generated_image_0094.png,0.12091527879238129,0.007921846583485603,0.1399524062871933,0.12660163640975952,0.1998138427734375,0.1994883269071579
generated_image_0095.png,0.08461668342351913,0.0034559983760118484,0.09483020007610321,0.08701556921005249,0.1452484130859375,0.1392568051815033
generated_image_0096.png,0.21457014977931976,0.012041527777910233,0.33002692461013794,0.3040074110031128,0.238433837890625,0.2261912077665329
generated_image_0097.png,0.08113797754049301,0.0047397855669260025,0.13409531116485596,0.12346291542053223,0.1946258544921875,0.2059733122587204
generated_image_0098.png,0.10114872455596924,0.006116631906479597,0.17686527967453003,0.16563570499420166,0.2320556640625,0.2162882536649704
generated_image_0099.png,0.0510333776473999,0.003454743418842554,0.08773549646139145,0.08296716213226318,0.2270050048828125,0.2482706755399704
generated_image_0100.png,0.08016395568847656,0.006271103862673044,0.1118977889418602,0.10477453470230103,0.2382659912109375,0.2490997314453125
generated_image_0101.png,0.1420583724975586,0.0084823127835989,0.2248569130897522,0.20817595720291138,0.243377685546875,0.2150370329618454
generated_image_0102.png,0.11602010577917099,0.007487147580832243,0.18805080652236938,0.1901078224182129,0.228485107421875,0.1868540495634079
generated_image_0103.png,0.1311628669500351,0.004122166894376278,0.1494981348514557,0.12321865558624268,0.083648681640625,0.0961354598402977
generated_image_0104.png,0.04987112805247307,0.00331578915938735,0.06683540344238281,0.06076759099960327,0.255767822265625,0.261505126953125
generated_image_0105.png,0.0989801287651062,0.006411248352378607,0.1121082752943039,0.09448820352554321,0.1968231201171875,0.2025248259305954
generated_image_0106.png,0.7427706122398376,0.004858337342739105,0.8117095828056335,0.7742857336997986,0.009765625,0.024383544921875
generated_image_0107.png,0.11165677011013031,0.0016459014732390642,0.15696081519126892,0.13200771808624268,0.06500244140625,0.0563201904296875
generated_image_0108.png,0.07325325906276703,0.005905280355364084,0.06715159118175507,0.052625417709350586,0.257415771484375,0.2663370966911316
generated_image_0109.png,0.10187705606222153,0.004167079925537109,0.1126999482512474,0.09245115518569946,0.13238525390625,0.1426747739315033
generated_image_0110.png,0.09777458757162094,0.005410616286098957,0.16262081265449524,0.15062648057937622,0.176239013671875,0.1690928190946579
generated_image_0111.png,0.14659248292446136,0.006237905938178301,0.3112109899520874,0.31995701789855957,0.22088623046875,0.1403859555721283
generated_image_0112.png,0.11977513879537582,0.009916473180055618,0.1787179410457611,0.16997367143630981,0.2757110595703125,0.2375081479549408
generated_image_0113.png,0.1832660287618637,0.010502824559807777,0.4123847484588623,0.4045484662055969,0.175811767578125,0.2214813232421875
generated_image_0114.png,0.09925641864538193,0.0030390911269932985,0.12006529420614243,0.11081308126449585,0.1128387451171875,0.1058095321059227
generated_image_0115.png,0.0711904764175415,0.003959669731557369,0.14872971177101135,0.1460731029510498,0.177459716796875,0.186614990234375
generated_image_0116.png,0.2852514684200287,0.021758977323770523,0.4037656784057617,0.36376696825027466,0.348876953125,0.3158009946346283
generated_image_0117.png,0.09488948434591293,0.0046384395100176334,0.10668109357357025,0.0862574577331543,0.168914794921875,0.177978515625
generated_image_0118.png,0.05872917175292969,0.0036522825248539448,0.10748547315597534,0.10341298580169678,0.19989013671875,0.2195943295955658
generated_image_0119.png,0.11913484334945679,0.008749624714255333,0.19548669457435608,0.2044774889945984,0.2369384765625,0.2099609375
generated_image_0120.png,0.05430601164698601,0.0022902083583176136,0.08673080056905746,0.08036595582962036,0.174041748046875,0.1828155517578125
generated_image_0121.png,0.21606644988059998,0.012576010078191757,0.2432153820991516,0.21675390005111694,0.2175445556640625,0.2104949951171875
generated_image_0122.png,0.09587123245000839,0.00601927749812603,0.1292375773191452,0.11175942420959473,0.1837005615234375,0.21441650390625
generated_image_0123.png,0.07507660239934921,0.0058264476247131824,0.15196099877357483,0.1449097990989685,0.287689208984375,0.2782185971736908
generated_image_0124.png,0.20071235299110413,0.00457897549495101,0.2243109941482544,0.18499010801315308,0.0850982666015625,0.0784962996840477
generated_image_0125.png,0.11588941514492035,0.005430454853922129,0.1842086762189865,0.1834891438484192,0.1402435302734375,0.1540578305721283
generated_image_0126.png,0.3495109975337982,0.013243362307548523,0.36421871185302734,0.3122788667678833,0.117706298828125,0.1276499480009079
generated_image_0127.png,0.09788592904806137,0.00848512165248394,0.12480585277080536,0.10617327690124512,0.238250732421875,0.2486928403377533
generated_image_0128.png,0.09123464673757553,0.007681725546717644,0.1320858597755432,0.11915028095245361,0.260498046875,0.2682240903377533
generated_image_0129.png,0.19854789972305298,0.0089617520570755,0.2762073576450348,0.23396748304367065,0.1394500732421875,0.1541849821805954
generated_image_0130.png,0.06287515163421631,0.004571910016238689,0.09219440072774887,0.0834723711013794,0.2659149169921875,0.264404296875
generated_image_0131.png,0.07299097627401352,0.002592023927718401,0.12258969247341156,0.12520480155944824,0.12774658203125,0.1258697509765625
generated_image_0132.png,0.0556255578994751,0.0040629892610013485,0.06909400224685669,0.05864804983139038,0.254241943359375,0.2697398066520691
generated_image_0133.png,0.06577181816101074,0.0038884407840669155,0.11914527416229248,0.11504584550857544,0.2711944580078125,0.2322336882352829
generated_image_0134.png,0.45349740982055664,0.01166182104498148,0.3733196258544922,0.30461937189102173,0.0838165283203125,0.0721893310546875
generated_image_0135.png,0.11059153079986572,0.007766135036945343,0.15955474972724915,0.15319609642028809,0.2594757080078125,0.2292226254940033
generated_image_0136.png,0.09015526622533798,0.0042597525753080845,0.24815106391906738,0.25185954570770264,0.177490234375,0.147705078125
generated_image_0137.png,0.06347280740737915,0.004276318475604057,0.14020270109176636,0.13601458072662354,0.2313690185546875,0.2218780517578125
generated_image_0138.png,0.8583564162254333,0.001398727879859507,0.8217687606811523,0.9377990365028381,0.005340576171875,0.0051778159104287624
generated_image_0139.png,0.05523363873362541,0.0021614492870867252,0.12413134425878525,0.12089908123016357,0.1724090576171875,0.181640625
generated_image_0140.png,0.07760250568389893,0.004050659481436014,0.13012826442718506,0.12131863832473755,0.1938323974609375,0.1992391049861908
generated_image_0141.png,0.1888428032398224,0.00822386797517538,0.17680659890174866,0.11541086435317993,0.106719970703125,0.1079610213637352
generated_image_0142.png,0.3205442726612091,0.008387712761759758,0.31525343656539917,0.29727113246917725,0.0882720947265625,0.0742594450712204
generated_image_0143.png,0.08202900737524033,0.006235730368643999,0.09598221629858017,0.08265984058380127,0.25439453125,0.2603403925895691
generated_image_0144.png,0.05499762296676636,0.0038821622729301453,0.07803907245397568,0.07104641199111938,0.2371978759765625,0.2567240595817566
generated_image_0145.png,0.11197324842214584,0.005761545151472092,0.22310656309127808,0.2174045443534851,0.28802490234375,0.2135823667049408
generated_image_0146.png,0.14848870038986206,0.008186694234609604,0.19615495204925537,0.19012415409088135,0.1822509765625,0.151824951171875
generated_image_0147.png,0.08198976516723633,0.004389639012515545,0.1501559466123581,0.14557933807373047,0.194122314453125,0.1871846616268158
generated_image_0148.png,0.08876912295818329,0.006845415569841862,0.14119485020637512,0.13344234228134155,0.2882080078125,0.2736968994140625
generated_image_0149.png,0.17140352725982666,0.009970693849027157,0.21352922916412354,0.1859060525894165,0.205047607421875,0.1601969450712204
generated_image_0150.png,0.08016395568847656,0.006271103862673044,0.1118977889418602,0.10477453470230103,0.2382659912109375,0.2490997314453125
generated_image_0151.png,0.3205442726612091,0.008387712761759758,0.31525343656539917,0.29727113246917725,0.0882720947265625,0.0742594450712204
generated_image_0152.png,0.1489112824201584,0.010050594806671143,0.22903113067150116,0.22496622800827026,0.2553253173828125,0.1896871030330658
generated_image_0153.png,0.12425699084997177,0.007776059675961733,0.15443465113639832,0.13734495639801025,0.15948486328125,0.1899515837430954
generated_image_0154.png,0.1888428032398224,0.00822386797517538,0.17680659890174866,0.11541086435317993,0.106719970703125,0.1079610213637352
generated_image_0155.png,0.2852514684200287,0.021758977323770523,0.4037656784057617,0.36376696825027466,0.348876953125,0.3158009946346283
generated_image_0156.png,0.07507660239934921,0.0058264476247131824,0.15196099877357483,0.1449097990989685,0.287689208984375,0.2782185971736908
generated_image_0157.png,0.3495109975337982,0.013243362307548523,0.36421871185302734,0.3122788667678833,0.117706298828125,0.1276499480009079
generated_image_0158.png,0.1714484989643097,0.009970434010028839,0.2134552299976349,0.18580657243728638,0.205047607421875,0.160186767578125
generated_image_0159.png,0.07325325906276703,0.005905280355364084,0.06715159118175507,0.052625417709350586,0.257415771484375,0.2663370966911316
generated_image_0160.png,0.1420583724975586,0.0084823127835989,0.2248569130897522,0.20817595720291138,0.243377685546875,0.2150370329618454
generated_image_0161.png,0.058473050594329834,0.0029021522495895624,0.09402310848236084,0.08653503656387329,0.21728515625,0.2154032438993454
generated_image_0162.png,0.11602010577917099,0.007487147580832243,0.18805080652236938,0.1901078224182129,0.228485107421875,0.1868540495634079
generated_image_0163.png,0.07760250568389893,0.004050659481436014,0.13012826442718506,0.12131863832473755,0.1938323974609375,0.1992391049861908
generated_image_0164.png,0.11913484334945679,0.008749624714255333,0.19548669457435608,0.2044774889945984,0.2369384765625,0.2099609375
generated_image_0165.png,0.09587123245000839,0.00601927749812603,0.1292375773191452,0.11175942420959473,0.1837005615234375,0.21441650390625
generated_image_0166.png,0.11059153079986572,0.007766135036945343,0.15955474972724915,0.15319609642028809,0.2594757080078125,0.2292226254940033
generated_image_0167.png,0.06759905815124512,0.0041085099801421165,0.10018765926361084,0.09265726804733276,0.20233154296875,0.2060648649930954
generated_image_0168.png,0.10284686088562012,0.003106264164671302,0.1924034059047699,0.1866893768310547,0.128326416015625,0.1065877303481102
generated_image_0169.png,0.0942549929022789,0.006597592495381832,0.11799722909927368,0.10323846340179443,0.235565185546875,0.2177378386259079
generated_image_0170.png,0.14659248292446136,0.006237905938178301,0.3112109899520874,0.31995701789855957,0.22088623046875,0.1403859555721283
generated_image_0171.png,0.08871587365865707,0.006842238828539848,0.14123433828353882,0.13349688053131104,0.2882080078125,0.2736867368221283
generated_image_0172.png,0.05499762296676636,0.0038821622729301453,0.07803907245397568,0.07104641199111938,0.2371978759765625,0.2567240595817566
generated_image_0173.png,0.09015526622533798,0.0042597525753080845,0.24815106391906738,0.25185954570770264,0.177490234375,0.147705078125
generated_image_0174.png,0.1372988224029541,0.009681036695837975,0.21037113666534424,0.19557219743728638,0.2305908203125,0.23779296875
generated_image_0175.png,0.09123464673757553,0.007681725546717644,0.1320858597755432,0.11915028095245361,0.260498046875,0.2682240903377533
generated_image_0176.png,0.08202900737524033,0.006235730368643999,0.09598221629858017,0.08265984058380127,0.25439453125,0.2603403925895691
generated_image_0177.png,0.21457014977931976,0.012041527777910233,0.33002692461013794,0.3040074110031128,0.238433837890625,0.2261912077665329
generated_image_0178.png,0.0510333776473999,0.003454743418842554,0.08773549646139145,0.08296716213226318,0.2270050048828125,0.2482706755399704
generated_image_0179.png,0.11939096450805664,0.010437843389809132,0.11386923491954803,0.09605562686920166,0.437225341796875,0.3787638545036316
generated_image_0180.png,0.05872917175292969,0.0036522825248539448,0.10748547315597534,0.10341298580169678,0.19989013671875,0.2195943295955658
generated_image_0181.png,0.08461668342351913,0.0034559983760118484,0.09483020007610321,0.08701556921005249,0.1452484130859375,0.1392568051815033
generated_image_0182.png,0.09788592904806137,0.00848512165248394,0.12480585277080536,0.10617327690124512,0.238250732421875,0.2486928403377533
generated_image_0183.png,0.07693998515605927,0.005887736566364765,0.15065300464630127,0.14747530221939087,0.2891693115234375,0.269317626953125
generated_image_0184.png,0.09488948434591293,0.0046384395100176334,0.10668109357357025,0.0862574577331543,0.168914794921875,0.177978515625
generated_image_0185.png,0.1832660287618637,0.010502824559807777,0.4123847484588623,0.4045484662055969,0.175811767578125,0.2214813232421875
generated_image_0186.png,0.19854789972305298,0.0089617520570755,0.2762073576450348,0.23396748304367065,0.1394500732421875,0.1541849821805954
generated_image_0187.png,0.20071235299110413,0.00457897549495101,0.2243109941482544,0.18499010801315308,0.0850982666015625,0.0784962996840477
generated_image_0188.png,0.11759690940380096,0.009617546573281288,0.17991898953914642,0.1710425615310669,0.3126678466796875,0.2471364438533783
generated_image_0189.png,0.06347280740737915,0.004276318475604057,0.14020270109176636,0.13601458072662354,0.2313690185546875,0.2218780517578125
generated_image_0190.png,0.0989801287651062,0.006411248352378607,0.1121082752943039,0.09448820352554321,0.1968231201171875,0.2025248259305954
generated_image_0191.png,0.06577181816101074,0.0038884407840669155,0.11914527416229248,0.11504584550857544,0.2711944580078125,0.2322336882352829
generated_image_0192.png,0.11802016198635101,0.0060223424807190895,0.26219743490219116,0.26806795597076416,0.283721923828125,0.2041778564453125
generated_image_0193.png,0.07299097627401352,0.002592023927718401,0.12258969247341156,0.12520480155944824,0.12774658203125,0.1258697509765625
generated_image_0194.png,0.06601934134960175,0.004657934885472059,0.08271950483322144,0.073000967502594,0.2662811279296875,0.2508189082145691
generated_image_0195.png,0.11197324842214584,0.005761545151472092,0.22310656309127808,0.2174045443534851,0.28802490234375,0.2135823667049408
generated_image_0196.png,0.11588941514492035,0.005430454853922129,0.1842086762189865,0.1834891438484192,0.1402435302734375,0.1540578305721283
generated_image_0197.png,0.30695217847824097,0.015098249539732933,0.37072810530662537,0.3392156958580017,0.1377410888671875,0.1704661101102829
generated_image_0198.png,0.11977513879537582,0.009916473180055618,0.1787179410457611,0.16997367143630981,0.2757110595703125,0.2375081479549408
generated_image_0199.png,0.8583564162254333,0.001398727879859507,0.8217687606811523,0.9377990365028381,0.005340576171875,0.0051778159104287624
generated_image_0200.png,0.1004384383559227,0.00572992954403162,0.1928350180387497,0.1931743621826172,0.215484619140625,0.1886138916015625
generated_image_0201.png,0.1311628669500351,0.004122166894376278,0.1494981348514557,0.12321865558624268,0.083648681640625,0.0961354598402977
generated_image_0202.png,0.08206953853368759,0.004389392677694559,0.15016701817512512,0.1454758644104004,0.194122314453125,0.1871897429227829
generated_image_0203.png,0.13353794813156128,0.008908200077712536,0.21515175700187683,0.21126383543014526,0.24853515625,0.2143910825252533
generated_image_0204.png,0.11165677011013031,0.0016459014732390642,0.15696081519126892,0.13200771808624268,0.06500244140625,0.0563201904296875
generated_image_0205.png,0.06287515163421631,0.004571910016238689,0.09219440072774887,0.0834723711013794,0.2659149169921875,0.264404296875
generated_image_0206.png,0.13982462882995605,0.008224600926041603,0.17251423001289368,0.14553439617156982,0.1850738525390625,0.1864827573299408
generated_image_0207.png,0.10187705606222153,0.004167079925537109,0.1126999482512474,0.09245115518569946,0.13238525390625,0.1426747739315033
generated_image_0208.png,0.05430601164698601,0.0022902083583176136,0.08673080056905746,0.08036595582962036,0.174041748046875,0.1828155517578125
generated_image_0209.png,0.07953041791915894,0.005673101171851158,0.13837747275829315,0.13099980354309082,0.260986328125,0.2543233335018158
generated_image_0210.png,0.18714693188667297,0.009057989344000816,0.27740558981895447,0.2516523003578186,0.2001495361328125,0.139801025390625
generated_image_0211.png,0.45349740982055664,0.01166182104498148,0.3733196258544922,0.30461937189102173,0.0838165283203125,0.0721893310546875
generated_image_0212.png,0.09777458757162094,0.005410616286098957,0.16262081265449524,0.15062648057937622,0.176239013671875,0.1690928190946579
generated_image_0213.png,0.08113797754049301,0.0047397855669260025,0.13409531116485596,0.12346291542053223,0.1946258544921875,0.2059733122587204
generated_image_0214.png,0.14848870038986206,0.008186694234609604,0.19615495204925537,0.19012415409088135,0.1822509765625,0.151824951171875
generated_image_0215.png,0.21606644988059998,0.012576010078191757,0.2432153820991516,0.21675390005111694,0.2175445556640625,0.2104949951171875
generated_image_0216.png,0.09925641864538193,0.0030390911269932985,0.12006529420614243,0.11081308126449585,0.1128387451171875,0.1058095321059227
generated_image_0217.png,0.05523363873362541,0.0021614492870867252,0.12413134425878525,0.12089908123016357,0.1724090576171875,0.181640625
generated_image_0218.png,0.0711904764175415,0.003959669731557369,0.14872971177101135,0.1460731029510498,0.177459716796875,0.186614990234375
generated_image_0219.png,0.12091527879238129,0.007921846583485603,0.1399524062871933,0.12660163640975952,0.1998138427734375,0.1994883269071579
generated_image_0220.png,0.04987112805247307,0.00331578915938735,0.06683540344238281,0.06076759099960327,0.255767822265625,0.261505126953125
generated_image_0221.png,0.11530133336782455,0.005952375940978527,0.2057652324438095,0.21829789876937866,0.177154541015625,0.1622161865234375
generated_image_0222.png,0.055565595626831055,0.004062453284859657,0.06908267736434937,0.058703064918518066,0.254241943359375,0.2697550654411316
generated_image_0223.png,0.743247389793396,0.004858341533690691,0.8116493225097656,0.7742857336997986,0.009765625,0.024383544921875
generated_image_0224.png,0.10119452327489853,0.006120701320469379,0.1768151819705963,0.16563570499420166,0.2320556640625,0.2162882536649704
generated_image_0225.png,0.07693998515605927,0.005887736566364765,0.15065300464630127,0.14747530221939087,0.2891693115234375,0.269317626953125
generated_image_0226.png,0.0510333776473999,0.003454743418842554,0.08773549646139145,0.08296716213226318,0.2270050048828125,0.2482706755399704
generated_image_0227.png,0.09925641864538193,0.0030390911269932985,0.12006529420614243,0.11081308126449585,0.1128387451171875,0.1058095321059227
generated_image_0228.png,0.09777458757162094,0.005410616286098957,0.16262081265449524,0.15062648057937622,0.176239013671875,0.1690928190946579
generated_image_0229.png,0.06577181816101074,0.0038884407840669155,0.11914527416229248,0.11504584550857544,0.2711944580078125,0.2322336882352829
generated_image_0230.png,0.0711904764175415,0.003959669731557369,0.14872971177101135,0.1460731029510498,0.177459716796875,0.186614990234375
generated_image_0231.png,0.06601934134960175,0.004657934885472059,0.08271950483322144,0.073000967502594,0.2662811279296875,0.2508189082145691
generated_image_0232.png,0.1489112824201584,0.010050594806671143,0.22903113067150116,0.22496622800827026,0.2553253173828125,0.1896871030330658
generated_image_0233.png,0.11977513879537582,0.009916473180055618,0.1787179410457611,0.16997367143630981,0.2757110595703125,0.2375081479549408
generated_image_0234.png,0.06347280740737915,0.004276318475604057,0.14020270109176636,0.13601458072662354,0.2313690185546875,0.2218780517578125
generated_image_0235.png,0.07325325906276703,0.005905280355364084,0.06715159118175507,0.052625417709350586,0.257415771484375,0.2663370966911316
generated_image_0236.png,0.11588941514492035,0.005430454853922129,0.1842086762189865,0.1834891438484192,0.1402435302734375,0.1540578305721283
generated_image_0237.png,0.04987112805247307,0.00331578915938735,0.06683540344238281,0.06076759099960327,0.255767822265625,0.261505126953125
generated_image_0238.png,0.11939096450805664,0.010437843389809132,0.11386923491954803,0.09605562686920166,0.437225341796875,0.3787638545036316
generated_image_0239.png,0.07760250568389893,0.004050659481436014,0.13012826442718506,0.12131863832473755,0.1938323974609375,0.1992391049861908
generated_image_0240.png,0.18714693188667297,0.009057989344000816,0.27740558981895447,0.2516523003578186,0.2001495361328125,0.139801025390625
generated_image_0241.png,0.08202900737524033,0.006235730368643999,0.09598221629858017,0.08265984058380127,0.25439453125,0.2603403925895691
generated_image_0242.png,0.09123464673757553,0.007681725546717644,0.1320858597755432,0.11915028095245361,0.260498046875,0.2682240903377533
generated_image_0243.png,0.1420583724975586,0.0084823127835989,0.2248569130897522,0.20817595720291138,0.243377685546875,0.2150370329618454
generated_image_0244.png,0.06759905815124512,0.0041085099801421165,0.10018765926361084,0.09265726804733276,0.20233154296875,0.2060648649930954
generated_image_0245.png,0.3205442726612091,0.008387712761759758,0.31525343656539917,0.29727113246917725,0.0882720947265625,0.0742594450712204
generated_image_0246.png,0.11165677011013031,0.0016459014732390642,0.15696081519126892,0.13200771808624268,0.06500244140625,0.0563201904296875
generated_image_0247.png,0.07507660239934921,0.0058264476247131824,0.15196099877357483,0.1449097990989685,0.287689208984375,0.2782185971736908
generated_image_0248.png,0.10284686088562012,0.003106264164671302,0.1924034059047699,0.1866893768310547,0.128326416015625,0.1065877303481102
generated_image_0249.png,0.12425699084997177,0.007776059675961733,0.15443465113639832,0.13734495639801025,0.15948486328125,0.1899515837430954
generated_image_0250.png,0.058473050594329834,0.0029021522495895624,0.09402310848236084,0.08653503656387329,0.21728515625,0.2154032438993454
generated_image_0251.png,0.05430601164698601,0.0022902083583176136,0.08673080056905746,0.08036595582962036,0.174041748046875,0.1828155517578125
generated_image_0252.png,0.08206953853368759,0.004389392677694559,0.15016701817512512,0.1454758644104004,0.194122314453125,0.1871897429227829
generated_image_0253.png,0.1372988224029541,0.009681036695837975,0.21037113666534424,0.19557219743728638,0.2305908203125,0.23779296875
generated_image_0254.png,0.11802016198635101,0.0060223424807190895,0.26219743490219116,0.26806795597076416,0.283721923828125,0.2041778564453125
generated_image_0255.png,0.09015526622533798,0.0042597525753080845,0.24815106391906738,0.25185954570770264,0.177490234375,0.147705078125
generated_image_0256.png,0.0556255578994751,0.0040629892610013485,0.06909400224685669,0.05864804983139038,0.254241943359375,0.2697398066520691
generated_image_0257.png,0.2852514684200287,0.021758977323770523,0.4037656784057617,0.36376696825027466,0.348876953125,0.3158009946346283
generated_image_0258.png,0.1888428032398224,0.00822386797517538,0.17680659890174866,0.11541086435317993,0.106719970703125,0.1079610213637352
generated_image_0259.png,0.06287515163421631,0.004571910016238689,0.09219440072774887,0.0834723711013794,0.2659149169921875,0.264404296875
generated_image_0260.png,0.08871587365865707,0.006842238828539848,0.14123433828353882,0.13349688053131104,0.2882080078125,0.2736867368221283
generated_image_0261.png,0.07299097627401352,0.002592023927718401,0.12258969247341156,0.12520480155944824,0.12774658203125,0.1258697509765625
generated_image_0262.png,0.8583564162254333,0.001398727879859507,0.8217687606811523,0.9377990365028381,0.005340576171875,0.0051778159104287624
generated_image_0263.png,0.08461668342351913,0.0034559983760118484,0.09483020007610321,0.08701556921005249,0.1452484130859375,0.1392568051815033
generated_image_0264.png,0.05499762296676636,0.0038821622729301453,0.07803907245397568,0.07104641199111938,0.2371978759765625,0.2567240595817566
generated_image_0265.png,0.20071235299110413,0.00457897549495101,0.2243109941482544,0.18499010801315308,0.0850982666015625,0.0784962996840477
generated_image_0266.png,0.11197324842214584,0.005761545151472092,0.22310656309127808,0.2174045443534851,0.28802490234375,0.2135823667049408
generated_image_0267.png,0.05523363873362541,0.0021614492870867252,0.12413134425878525,0.12089908123016357,0.1724090576171875,0.181640625
generated_image_0268.png,0.09587123245000839,0.00601927749812603,0.1292375773191452,0.11175942420959473,0.1837005615234375,0.21441650390625
generated_image_0269.png,0.07953041791915894,0.005673101171851158,0.13837747275829315,0.13099980354309082,0.260986328125,0.2543233335018158
generated_image_0270.png,0.19854789972305298,0.0089617520570755,0.2762073576450348,0.23396748304367065,0.1394500732421875,0.1541849821805954
generated_image_0271.png,0.21457014977931976,0.012041527777910233,0.33002692461013794,0.3040074110031128,0.238433837890625,0.2261912077665329
generated_image_0272.png,0.13982462882995605,0.008224600926041603,0.17251423001289368,0.14553439617156982,0.1850738525390625,0.1864827573299408
generated_image_0273.png,0.1311628669500351,0.004122166894376278,0.1494981348514557,0.12321865558624268,0.083648681640625,0.0961354598402977
generated_image_0274.png,0.1004384383559227,0.00572992954403162,0.1928350180387497,0.1931743621826172,0.215484619140625,0.1886138916015625
generated_image_0275.png,0.30695217847824097,0.015098249539732933,0.37072810530662537,0.3392156958580017,0.1377410888671875,0.1704661101102829
generated_image_0276.png,0.3495109975337982,0.013243362307548523,0.36421871185302734,0.3122788667678833,0.117706298828125,0.1276499480009079
generated_image_0277.png,0.09488948434591293,0.0046384395100176334,0.10668109357357025,0.0862574577331543,0.168914794921875,0.177978515625
generated_image_0278.png,0.1714484989643097,0.009970434010028839,0.2134552299976349,0.18580657243728638,0.205047607421875,0.160186767578125
generated_image_0279.png,0.11530133336782455,0.005952375940978527,0.2057652324438095,0.21829789876937866,0.177154541015625,0.1622161865234375
generated_image_0280.png,0.14848870038986206,0.008186694234609604,0.19615495204925537,0.19012415409088135,0.1822509765625,0.151824951171875
generated_image_0281.png,0.08113797754049301,0.0047397855669260025,0.13409531116485596,0.12346291542053223,0.1946258544921875,0.2059733122587204
generated_image_0282.png,0.11759690940380096,0.009617546573281288,0.17991898953914642,0.1710425615310669,0.3126678466796875,0.2471364438533783
generated_image_0283.png,0.10114872455596924,0.006116631906479597,0.17686527967453003,0.16563570499420166,0.2320556640625,0.2162882536649704
generated_image_0284.png,0.21606644988059998,0.012576010078191757,0.2432153820991516,0.21675390005111694,0.2175445556640625,0.2104949951171875
generated_image_0285.png,0.1832660287618637,0.010502824559807777,0.4123847484588623,0.4045484662055969,0.175811767578125,0.2214813232421875
generated_image_0286.png,0.7427706122398376,0.004858337342739105,0.8117095828056335,0.7742857336997986,0.009765625,0.024383544921875
generated_image_0287.png,0.0942549929022789,0.006597592495381832,0.11799722909927368,0.10323846340179443,0.235565185546875,0.2177378386259079
generated_image_0288.png,0.0989801287651062,0.006411248352378607,0.1121082752943039,0.09448820352554321,0.1968231201171875,0.2025248259305954
generated_image_0289.png,0.05872917175292969,0.0036522825248539448,0.10748547315597534,0.10341298580169678,0.19989013671875,0.2195943295955658
generated_image_0290.png,0.09788592904806137,0.00848512165248394,0.12480585277080536,0.10617327690124512,0.238250732421875,0.2486928403377533
generated_image_0291.png,0.08016395568847656,0.006271103862673044,0.1118977889418602,0.10477453470230103,0.2382659912109375,0.2490997314453125
generated_image_0292.png,0.13353794813156128,0.008908200077712536,0.21515175700187683,0.21126383543014526,0.24853515625,0.2143910825252533
generated_image_0293.png,0.45349740982055664,0.01166182104498148,0.3733196258544922,0.30461937189102173,0.0838165283203125,0.0721893310546875
generated_image_0294.png,0.14659248292446136,0.006237905938178301,0.3112109899520874,0.31995701789855957,0.22088623046875,0.1403859555721283
generated_image_0295.png,0.11602010577917099,0.007487147580832243,0.18805080652236938,0.1901078224182129,0.228485107421875,0.1868540495634079
generated_image_0296.png,0.10187705606222153,0.004167079925537109,0.1126999482512474,0.09245115518569946,0.13238525390625,0.1426747739315033
generated_image_0297.png,0.12085926532745361,0.007915875874459743,0.13993018865585327,0.12661153078079224,0.1998138427734375,0.1994527280330658
generated_image_0298.png,0.11048978567123413,0.007762451656162739,0.159600168466568,0.15324246883392334,0.2594757080078125,0.2292022705078125
generated_image_0299.png,0.11927294731140137,0.008756192401051521,0.19559405744075775,0.2045888900756836,0.2369384765625,0.2099151611328125
generated_image_0300.png,0.1714484989643097,0.009970434010028839,0.2134552299976349,0.18580657243728638,0.205047607421875,0.160186767578125
generated_image_0301.png,0.09788592904806137,0.00848512165248394,0.12480585277080536,0.10617327690124512,0.238250732421875,0.2486928403377533
generated_image_0302.png,0.05872917175292969,0.0036522825248539448,0.10748547315597534,0.10341298580169678,0.19989013671875,0.2195943295955658
generated_image_0303.png,0.10114872455596924,0.006116631906479597,0.17686527967453003,0.16563570499420166,0.2320556640625,0.2162882536649704
generated_image_0304.png,0.06287515163421631,0.004571910016238689,0.09219440072774887,0.0834723711013794,0.2659149169921875,0.264404296875
generated_image_0305.png,0.10187705606222153,0.004167079925537109,0.1126999482512474,0.09245115518569946,0.13238525390625,0.1426747739315033
generated_image_0306.png,0.11165677011013031,0.0016459014732390642,0.15696081519126892,0.13200771808624268,0.06500244140625,0.0563201904296875
generated_image_0307.png,0.09488948434591293,0.0046384395100176334,0.10668109357357025,0.0862574577331543,0.168914794921875,0.177978515625
generated_image_0308.png,0.06601934134960175,0.004657934885472059,0.08271950483322144,0.073000967502594,0.2662811279296875,0.2508189082145691
generated_image_0309.png,0.11197324842214584,0.005761545151472092,0.22310656309127808,0.2174045443534851,0.28802490234375,0.2135823667049408
generated_image_0310.png,0.08113797754049301,0.0047397855669260025,0.13409531116485596,0.12346291542053223,0.1946258544921875,0.2059733122587204
generated_image_0311.png,0.11759690940380096,0.009617546573281288,0.17991898953914642,0.1710425615310669,0.3126678466796875,0.2471364438533783
generated_image_0312.png,0.08871587365865707,0.006842238828539848,0.14123433828353882,0.13349688053131104,0.2882080078125,0.2736867368221283
generated_image_0313.png,0.11802016198635101,0.0060223424807190895,0.26219743490219116,0.26806795597076416,0.283721923828125,0.2041778564453125
generated_image_0314.png,0.11977513879537582,0.009916473180055618,0.1787179410457611,0.16997367143630981,0.2757110595703125,0.2375081479549408
generated_image_0315.png,0.07299097627401352,0.002592023927718401,0.12258969247341156,0.12520480155944824,0.12774658203125,0.1258697509765625
generated_image_0316.png,0.058473050594329834,0.0029021522495895624,0.09402310848236084,0.08653503656387329,0.21728515625,0.2154032438993454
generated_image_0317.png,0.18714693188667297,0.009057989344000816,0.27740558981895447,0.2516523003578186,0.2001495361328125,0.139801025390625
generated_image_0318.png,0.3495109975337982,0.013243362307548523,0.36421871185302734,0.3122788667678833,0.117706298828125,0.1276499480009079
generated_image_0319.png,0.0556255578994751,0.0040629892610013485,0.06909400224685669,0.05864804983139038,0.254241943359375,0.2697398066520691
generated_image_0320.png,0.14659248292446136,0.006237905938178301,0.3112109899520874,0.31995701789855957,0.22088623046875,0.1403859555721283
generated_image_0321.png,0.12425699084997177,0.007776059675961733,0.15443465113639832,0.13734495639801025,0.15948486328125,0.1899515837430954
generated_image_0322.png,0.08461668342351913,0.0034559983760118484,0.09483020007610321,0.08701556921005249,0.1452484130859375,0.1392568051815033
generated_image_0323.png,0.13982462882995605,0.008224600926041603,0.17251423001289368,0.14553439617156982,0.1850738525390625,0.1864827573299408
generated_image_0324.png,0.04987112805247307,0.00331578915938735,0.06683540344238281,0.06076759099960327,0.255767822265625,0.261505126953125
generated_image_0325.png,0.0989801287651062,0.006411248352378607,0.1121082752943039,0.09448820352554321,0.1968231201171875,0.2025248259305954
generated_image_0326.png,0.1888428032398224,0.00822386797517538,0.17680659890174866,0.11541086435317993,0.106719970703125,0.1079610213637352
generated_image_0327.png,0.11602010577917099,0.007487147580832243,0.18805080652236938,0.1901078224182129,0.228485107421875,0.1868540495634079
generated_image_0328.png,0.0711904764175415,0.003959669731557369,0.14872971177101135,0.1460731029510498,0.177459716796875,0.186614990234375
generated_image_0329.png,0.09925641864538193,0.0030390911269932985,0.12006529420614243,0.11081308126449585,0.1128387451171875,0.1058095321059227
generated_image_0330.png,0.1832660287618637,0.010502824559807777,0.4123847484588623,0.4045484662055969,0.175811767578125,0.2214813232421875
generated_image_0331.png,0.07325325906276703,0.005905280355364084,0.06715159118175507,0.052625417709350586,0.257415771484375,0.2663370966911316
generated_image_0332.png,0.14848870038986206,0.008186694234609604,0.19615495204925537,0.19012415409088135,0.1822509765625,0.151824951171875
generated_image_0333.png,0.19854789972305298,0.0089617520570755,0.2762073576450348,0.23396748304367065,0.1394500732421875,0.1541849821805954
generated_image_0334.png,0.08202900737524033,0.006235730368643999,0.09598221629858017,0.08265984058380127,0.25439453125,0.2603403925895691
generated_image_0335.png,0.11913484334945679,0.008749624714255333,0.19548669457435608,0.2044774889945984,0.2369384765625,0.2099609375
generated_image_0336.png,0.09777458757162094,0.005410616286098957,0.16262081265449524,0.15062648057937622,0.176239013671875,0.1690928190946579
generated_image_0337.png,0.8583564162254333,0.001398727879859507,0.8217687606811523,0.9377990365028381,0.005340576171875,0.0051778159104287624
generated_image_0338.png,0.09123464673757553,0.007681725546717644,0.1320858597755432,0.11915028095245361,0.260498046875,0.2682240903377533
generated_image_0339.png,0.1372988224029541,0.009681036695837975,0.21037113666534424,0.19557219743728638,0.2305908203125,0.23779296875
generated_image_0340.png,0.13353794813156128,0.008908200077712536,0.21515175700187683,0.21126383543014526,0.24853515625,0.2143910825252533
generated_image_0341.png,0.09015526622533798,0.0042597525753080845,0.24815106391906738,0.25185954570770264,0.177490234375,0.147705078125
generated_image_0342.png,0.11059153079986572,0.007766135036945343,0.15955474972724915,0.15319609642028809,0.2594757080078125,0.2292226254940033
generated_image_0343.png,0.07760250568389893,0.004050659481436014,0.13012826442718506,0.12131863832473755,0.1938323974609375,0.1992391049861908
generated_image_0344.png,0.11588941514492035,0.005430454853922129,0.1842086762189865,0.1834891438484192,0.1402435302734375,0.1540578305721283
generated_image_0345.png,0.0510333776473999,0.003454743418842554,0.08773549646139145,0.08296716213226318,0.2270050048828125,0.2482706755399704
generated_image_0346.png,0.1489112824201584,0.010050594806671143,0.22903113067150116,0.22496622800827026,0.2553253173828125,0.1896871030330658
generated_image_0347.png,0.07693998515605927,0.005887736566364765,0.15065300464630127,0.14747530221939087,0.2891693115234375,0.269317626953125
generated_image_0348.png,0.07507660239934921,0.0058264476247131824,0.15196099877357483,0.1449097990989685,0.287689208984375,0.2782185971736908
generated_image_0349.png,0.09587123245000839,0.00601927749812603,0.1292375773191452,0.11175942420959473,0.1837005615234375,0.21441650390625
generated_image_0350.png,0.06759905815124512,0.0041085099801421165,0.10018765926361084,0.09265726804733276,0.20233154296875,0.2060648649930954
generated_image_0351.png,0.30695217847824097,0.015098249539732933,0.37072810530662537,0.3392156958580017,0.1377410888671875,0.1704661101102829
generated_image_0352.png,0.0942549929022789,0.006597592495381832,0.11799722909927368,0.10323846340179443,0.235565185546875,0.2177378386259079
generated_image_0353.png,0.05523363873362541,0.0021614492870867252,0.12413134425878525,0.12089908123016357,0.1724090576171875,0.181640625
generated_image_0354.png,0.21457014977931976,0.012041527777910233,0.33002692461013794,0.3040074110031128,0.238433837890625,0.2261912077665329
generated_image_0355.png,0.07953041791915894,0.005673101171851158,0.13837747275829315,0.13099980354309082,0.260986328125,0.2543233335018158
generated_image_0356.png,0.11530133336782455,0.005952375940978527,0.2057652324438095,0.21829789876937866,0.177154541015625,0.1622161865234375
generated_image_0357.png,0.05499762296676636,0.0038821622729301453,0.07803907245397568,0.07104641199111938,0.2371978759765625,0.2567240595817566
generated_image_0358.png,0.10284686088562012,0.003106264164671302,0.1924034059047699,0.1866893768310547,0.128326416015625,0.1065877303481102
generated_image_0359.png,0.20071235299110413,0.00457897549495101,0.2243109941482544,0.18499010801315308,0.0850982666015625,0.0784962996840477
generated_image_0360.png,0.21606644988059998,0.012576010078191757,0.2432153820991516,0.21675390005111694,0.2175445556640625,0.2104949951171875
generated_image_0361.png,0.06577181816101074,0.0038884407840669155,0.11914527416229248,0.11504584550857544,0.2711944580078125,0.2322336882352829
generated_image_0362.png,0.2852514684200287,0.021758977323770523,0.4037656784057617,0.36376696825027466,0.348876953125,0.3158009946346283
generated_image_0363.png,0.11939096450805664,0.010437843389809132,0.11386923491954803,0.09605562686920166,0.437225341796875,0.3787638545036316
generated_image_0364.png,0.12091527879238129,0.007921846583485603,0.1399524062871933,0.12660163640975952,0.1998138427734375,0.1994883269071579
generated_image_0365.png,0.06347280740737915,0.004276318475604057,0.14020270109176636,0.13601458072662354,0.2313690185546875,0.2218780517578125
generated_image_0366.png,0.7427706122398376,0.004858337342739105,0.8117095828056335,0.7742857336997986,0.009765625,0.024383544921875
generated_image_0367.png,0.05430601164698601,0.0022902083583176136,0.08673080056905746,0.08036595582962036,0.174041748046875,0.1828155517578125
generated_image_0368.png,0.3205442726612091,0.008387712761759758,0.31525343656539917,0.29727113246917725,0.0882720947265625,0.0742594450712204
generated_image_0369.png,0.08206953853368759,0.004389392677694559,0.15016701817512512,0.1454758644104004,0.194122314453125,0.1871897429227829
generated_image_0370.png,0.1311628669500351,0.004122166894376278,0.1494981348514557,0.12321865558624268,0.083648681640625,0.0961354598402977
generated_image_0371.png,0.45349740982055664,0.01166182104498148,0.3733196258544922,0.30461937189102173,0.0838165283203125,0.0721893310546875
generated_image_0372.png,0.1420392394065857,0.008485766127705574,0.22489261627197266,0.20809590816497803,0.243377685546875,0.2150319516658783
generated_image_0373.png,0.10031497478485107,0.005724172107875347,0.19280938804149628,0.19312840700149536,0.215484619140625,0.1885884702205658
generated_image_0374.png,0.08012177795171738,0.006273457780480385,0.11188499629497528,0.10480940341949463,0.2382659912109375,0.2491048276424408
generated_image_0375.png,0.09123464673757553,0.007681725546717644,0.1320858597755432,0.11915028095245361,0.260498046875,0.2682240903377533
generated_image_0376.png,0.1489112824201584,0.010050594806671143,0.22903113067150116,0.22496622800827026,0.2553253173828125,0.1896871030330658
generated_image_0377.png,0.0556255578994751,0.0040629892610013485,0.06909400224685669,0.05864804983139038,0.254241943359375,0.2697398066520691
generated_image_0378.png,0.11165677011013031,0.0016459014732390642,0.15696081519126892,0.13200771808624268,0.06500244140625,0.0563201904296875
generated_image_0379.png,0.1832660287618637,0.010502824559807777,0.4123847484588623,0.4045484662055969,0.175811767578125,0.2214813232421875
generated_image_0380.png,0.1372988224029541,0.009681036695837975,0.21037113666534424,0.19557219743728638,0.2305908203125,0.23779296875
generated_image_0381.png,0.06577181816101074,0.0038884407840669155,0.11914527416229248,0.11504584550857544,0.2711944580078125,0.2322336882352829
generated_image_0382.png,0.09788592904806137,0.00848512165248394,0.12480585277080536,0.10617327690124512,0.238250732421875,0.2486928403377533
generated_image_0383.png,0.1888428032398224,0.00822386797517538,0.17680659890174866,0.11541086435317993,0.106719970703125,0.1079610213637352
generated_image_0384.png,0.05523363873362541,0.0021614492870867252,0.12413134425878525,0.12089908123016357,0.1724090576171875,0.181640625
generated_image_0385.png,0.10284686088562012,0.003106264164671302,0.1924034059047699,0.1866893768310547,0.128326416015625,0.1065877303481102
generated_image_0386.png,0.7427706122398376,0.004858337342739105,0.8117095828056335,0.7742857336997986,0.009765625,0.024383544921875
generated_image_0387.png,0.07953041791915894,0.005673101171851158,0.13837747275829315,0.13099980354309082,0.260986328125,0.2543233335018158
generated_image_0388.png,0.07325325906276703,0.005905280355364084,0.06715159118175507,0.052625417709350586,0.257415771484375,0.2663370966911316
generated_image_0389.png,0.06347280740737915,0.004276318475604057,0.14020270109176636,0.13601458072662354,0.2313690185546875,0.2218780517578125
generated_image_0390.png,0.04987112805247307,0.00331578915938735,0.06683540344238281,0.06076759099960327,0.255767822265625,0.261505126953125
generated_image_0391.png,0.11802016198635101,0.0060223424807190895,0.26219743490219116,0.26806795597076416,0.283721923828125,0.2041778564453125
generated_image_0392.png,0.11602010577917099,0.007487147580832243,0.18805080652236938,0.1901078224182129,0.228485107421875,0.1868540495634079
generated_image_0393.png,0.11977513879537582,0.009916473180055618,0.1787179410457611,0.16997367143630981,0.2757110595703125,0.2375081479549408
generated_image_0394.png,0.07507660239934921,0.0058264476247131824,0.15196099877357483,0.1449097990989685,0.287689208984375,0.2782185971736908
generated_image_0395.png,0.3205442726612091,0.008387712761759758,0.31525343656539917,0.29727113246917725,0.0882720947265625,0.0742594450712204
generated_image_0396.png,0.21606644988059998,0.012576010078191757,0.2432153820991516,0.21675390005111694,0.2175445556640625,0.2104949951171875
generated_image_0397.png,0.11197324842214584,0.005761545151472092,0.22310656309127808,0.2174045443534851,0.28802490234375,0.2135823667049408
generated_image_0398.png,0.14848870038986206,0.008186694234609604,0.19615495204925537,0.19012415409088135,0.1822509765625,0.151824951171875
generated_image_0399.png,0.21457014977931976,0.012041527777910233,0.33002692461013794,0.3040074110031128,0.238433837890625,0.2261912077665329
generated_image_0400.png,0.08461668342351913,0.0034559983760118484,0.09483020007610321,0.08701556921005249,0.1452484130859375,0.1392568051815033
generated_image_0401.png,0.09587123245000839,0.00601927749812603,0.1292375773191452,0.11175942420959473,0.1837005615234375,0.21441650390625
generated_image_0402.png,0.09925641864538193,0.0030390911269932985,0.12006529420614243,0.11081308126449585,0.1128387451171875,0.1058095321059227
generated_image_0403.png,0.0989801287651062,0.006411248352378607,0.1121082752943039,0.09448820352554321,0.1968231201171875,0.2025248259305954
generated_image_0404.png,0.05872917175292969,0.0036522825248539448,0.10748547315597534,0.10341298580169678,0.19989013671875,0.2195943295955658
generated_image_0405.png,0.1004384383559227,0.00572992954403162,0.1928350180387497,0.1931743621826172,0.215484619140625,0.1886138916015625
generated_image_0406.png,0.13353794813156128,0.008908200077712536,0.21515175700187683,0.21126383543014526,0.24853515625,0.2143910825252533
generated_image_0407.png,0.12425699084997177,0.007776059675961733,0.15443465113639832,0.13734495639801025,0.15948486328125,0.1899515837430954
generated_image_0408.png,0.06601934134960175,0.004657934885472059,0.08271950483322144,0.073000967502594,0.2662811279296875,0.2508189082145691
generated_image_0409.png,0.11588941514492035,0.005430454853922129,0.1842086762189865,0.1834891438484192,0.1402435302734375,0.1540578305721283
generated_image_0410.png,0.30695217847824097,0.015098249539732933,0.37072810530662537,0.3392156958580017,0.1377410888671875,0.1704661101102829
generated_image_0411.png,0.08113797754049301,0.0047397855669260025,0.13409531116485596,0.12346291542053223,0.1946258544921875,0.2059733122587204
generated_image_0412.png,0.13982462882995605,0.008224600926041603,0.17251423001289368,0.14553439617156982,0.1850738525390625,0.1864827573299408
generated_image_0413.png,0.05499762296676636,0.0038821622729301453,0.07803907245397568,0.07104641199111938,0.2371978759765625,0.2567240595817566
generated_image_0414.png,0.0510333776473999,0.003454743418842554,0.08773549646139145,0.08296716213226318,0.2270050048828125,0.2482706755399704
generated_image_0415.png,0.2852514684200287,0.021758977323770523,0.4037656784057617,0.36376696825027466,0.348876953125,0.3158009946346283
generated_image_0416.png,0.12091527879238129,0.007921846583485603,0.1399524062871933,0.12660163640975952,0.1998138427734375,0.1994883269071579
generated_image_0417.png,0.0711904764175415,0.003959669731557369,0.14872971177101135,0.1460731029510498,0.177459716796875,0.186614990234375
generated_image_0418.png,0.19854789972305298,0.0089617520570755,0.2762073576450348,0.23396748304367065,0.1394500732421875,0.1541849821805954
generated_image_0419.png,0.08016395568847656,0.006271103862673044,0.1118977889418602,0.10477453470230103,0.2382659912109375,0.2490997314453125
generated_image_0420.png,0.0942549929022789,0.006597592495381832,0.11799722909927368,0.10323846340179443,0.235565185546875,0.2177378386259079
generated_image_0421.png,0.11913484334945679,0.008749624714255333,0.19548669457435608,0.2044774889945984,0.2369384765625,0.2099609375
generated_image_0422.png,0.09488948434591293,0.0046384395100176334,0.10668109357357025,0.0862574577331543,0.168914794921875,0.177978515625
generated_image_0423.png,0.06287515163421631,0.004571910016238689,0.09219440072774887,0.0834723711013794,0.2659149169921875,0.264404296875
generated_image_0424.png,0.07299097627401352,0.002592023927718401,0.12258969247341156,0.12520480155944824,0.12774658203125,0.1258697509765625
generated_image_0425.png,0.3495109975337982,0.013243362307548523,0.36421871185302734,0.3122788667678833,0.117706298828125,0.1276499480009079
generated_image_0426.png,0.08206953853368759,0.004389392677694559,0.15016701817512512,0.1454758644104004,0.194122314453125,0.1871897429227829
generated_image_0427.png,0.11939096450805664,0.010437843389809132,0.11386923491954803,0.09605562686920166,0.437225341796875,0.3787638545036316
generated_image_0428.png,0.05430601164698601,0.0022902083583176136,0.08673080056905746,0.08036595582962036,0.174041748046875,0.1828155517578125
generated_image_0429.png,0.08202900737524033,0.006235730368643999,0.09598221629858017,0.08265984058380127,0.25439453125,0.2603403925895691
generated_image_0430.png,0.058473050594329834,0.0029021522495895624,0.09402310848236084,0.08653503656387329,0.21728515625,0.2154032438993454
generated_image_0431.png,0.14659248292446136,0.006237905938178301,0.3112109899520874,0.31995701789855957,0.22088623046875,0.1403859555721283
generated_image_0432.png,0.10187705606222153,0.004167079925537109,0.1126999482512474,0.09245115518569946,0.13238525390625,0.1426747739315033
generated_image_0433.png,0.09777458757162094,0.005410616286098957,0.16262081265449524,0.15062648057937622,0.176239013671875,0.1690928190946579
generated_image_0434.png,0.1420583724975586,0.0084823127835989,0.2248569130897522,0.20817595720291138,0.243377685546875,0.2150370329618454
generated_image_0435.png,0.1714484989643097,0.009970434010028839,0.2134552299976349,0.18580657243728638,0.205047607421875,0.160186767578125
generated_image_0436.png,0.10114872455596924,0.006116631906479597,0.17686527967453003,0.16563570499420166,0.2320556640625,0.2162882536649704
generated_image_0437.png,0.8583564162254333,0.001398727879859507,0.8217687606811523,0.9377990365028381,0.005340576171875,0.0051778159104287624
generated_image_0438.png,0.11059153079986572,0.007766135036945343,0.15955474972724915,0.15319609642028809,0.2594757080078125,0.2292226254940033
generated_image_0439.png,0.07693998515605927,0.005887736566364765,0.15065300464630127,0.14747530221939087,0.2891693115234375,0.269317626953125
generated_image_0440.png,0.11530133336782455,0.005952375940978527,0.2057652324438095,0.21829789876937866,0.177154541015625,0.1622161865234375
generated_image_0441.png,0.06759905815124512,0.0041085099801421165,0.10018765926361084,0.09265726804733276,0.20233154296875,0.2060648649930954
generated_image_0442.png,0.11759690940380096,0.009617546573281288,0.17991898953914642,0.1710425615310669,0.3126678466796875,0.2471364438533783
generated_image_0443.png,0.45349740982055664,0.01166182104498148,0.3733196258544922,0.30461937189102173,0.0838165283203125,0.0721893310546875
generated_image_0444.png,0.18714693188667297,0.009057989344000816,0.27740558981895447,0.2516523003578186,0.2001495361328125,0.139801025390625
generated_image_0445.png,0.09015526622533798,0.0042597525753080845,0.24815106391906738,0.25185954570770264,0.177490234375,0.147705078125
generated_image_0446.png,0.07760250568389893,0.004050659481436014,0.13012826442718506,0.12131863832473755,0.1938323974609375,0.1992391049861908
generated_image_0447.png,0.13108742237091064,0.004122949205338955,0.1494613140821457,0.12321865558624268,0.083648681640625,0.0961151123046875
generated_image_0448.png,0.20057430863380432,0.004574433900415897,0.22427475452423096,0.18499010801315308,0.0850982666015625,0.0785013884305954
generated_image_0449.png,0.08876912295818329,0.006845415569841862,0.14119485020637512,0.13344234228134155,0.2882080078125,0.2736968994140625
generated_image_0450.png,0.06601934134960175,0.004657934885472059,0.08271950483322144,0.073000967502594,0.2662811279296875,0.2508189082145691
generated_image_0451.png,0.1832660287618637,0.010502824559807777,0.4123847484588623,0.4045484662055969,0.175811767578125,0.2214813232421875
generated_image_0452.png,0.12091527879238129,0.007921846583485603,0.1399524062871933,0.12660163640975952,0.1998138427734375,0.1994883269071579
generated_image_0453.png,0.1489112824201584,0.010050594806671143,0.22903113067150116,0.22496622800827026,0.2553253173828125,0.1896871030330658
generated_image_0454.png,0.11059153079986572,0.007766135036945343,0.15955474972724915,0.15319609642028809,0.2594757080078125,0.2292226254940033
generated_image_0455.png,0.09777458757162094,0.005410616286098957,0.16262081265449524,0.15062648057937622,0.176239013671875,0.1690928190946579
generated_image_0456.png,0.1004384383559227,0.00572992954403162,0.1928350180387497,0.1931743621826172,0.215484619140625,0.1886138916015625
generated_image_0457.png,0.05499762296676636,0.0038821622729301453,0.07803907245397568,0.07104641199111938,0.2371978759765625,0.2567240595817566
generated_image_0458.png,0.09015526622533798,0.0042597525753080845,0.24815106391906738,0.25185954570770264,0.177490234375,0.147705078125
generated_image_0459.png,0.07299097627401352,0.002592023927718401,0.12258969247341156,0.12520480155944824,0.12774658203125,0.1258697509765625
generated_image_0460.png,0.0989801287651062,0.006411248352378607,0.1121082752943039,0.09448820352554321,0.1968231201171875,0.2025248259305954
generated_image_0461.png,0.08016395568847656,0.006271103862673044,0.1118977889418602,0.10477453470230103,0.2382659912109375,0.2490997314453125
generated_image_0462.png,0.08461668342351913,0.0034559983760118484,0.09483020007610321,0.08701556921005249,0.1452484130859375,0.1392568051815033
generated_image_0463.png,0.10284686088562012,0.003106264164671302,0.1924034059047699,0.1866893768310547,0.128326416015625,0.1065877303481102
generated_image_0464.png,0.12425699084997177,0.007776059675961733,0.15443465113639832,0.13734495639801025,0.15948486328125,0.1899515837430954
generated_image_0465.png,0.06759905815124512,0.0041085099801421165,0.10018765926361084,0.09265726804733276,0.20233154296875,0.2060648649930954
generated_image_0466.png,0.08871587365865707,0.006842238828539848,0.14123433828353882,0.13349688053131104,0.2882080078125,0.2736867368221283
generated_image_0467.png,0.10187705606222153,0.004167079925537109,0.1126999482512474,0.09245115518569946,0.13238525390625,0.1426747739315033
generated_image_0468.png,0.07507660239934921,0.0058264476247131824,0.15196099877357483,0.1449097990989685,0.287689208984375,0.2782185971736908
generated_image_0469.png,0.0942549929022789,0.006597592495381832,0.11799722909927368,0.10323846340179443,0.235565185546875,0.2177378386259079
generated_image_0470.png,0.08202900737524033,0.006235730368643999,0.09598221629858017,0.08265984058380127,0.25439453125,0.2603403925895691
generated_image_0471.png,0.30695217847824097,0.015098249539732933,0.37072810530662537,0.3392156958580017,0.1377410888671875,0.1704661101102829
generated_image_0472.png,0.21457014977931976,0.012041527777910233,0.33002692461013794,0.3040074110031128,0.238433837890625,0.2261912077665329
generated_image_0473.png,0.19854789972305298,0.0089617520570755,0.2762073576450348,0.23396748304367065,0.1394500732421875,0.1541849821805954
generated_image_0474.png,0.14848870038986206,0.008186694234609604,0.19615495204925537,0.19012415409088135,0.1822509765625,0.151824951171875
generated_image_0475.png,0.09587123245000839,0.00601927749812603,0.1292375773191452,0.11175942420959473,0.1837005615234375,0.21441650390625
generated_image_0476.png,0.18714693188667297,0.009057989344000816,0.27740558981895447,0.2516523003578186,0.2001495361328125,0.139801025390625
generated_image_0477.png,0.2852514684200287,0.021758977323770523,0.4037656784057617,0.36376696825027466,0.348876953125,0.3158009946346283
generated_image_0478.png,0.0556255578994751,0.0040629892610013485,0.06909400224685669,0.05864804983139038,0.254241943359375,0.2697398066520691
generated_image_0479.png,0.07760250568389893,0.004050659481436014,0.13012826442718506,0.12131863832473755,0.1938323974609375,0.1992391049861908
generated_image_0480.png,0.0510333776473999,0.003454743418842554,0.08773549646139145,0.08296716213226318,0.2270050048828125,0.2482706755399704
generated_image_0481.png,0.20071235299110413,0.00457897549495101,0.2243109941482544,0.18499010801315308,0.0850982666015625,0.0784962996840477
generated_image_0482.png,0.058473050594329834,0.0029021522495895624,0.09402310848236084,0.08653503656387329,0.21728515625,0.2154032438993454
generated_image_0483.png,0.3205442726612091,0.008387712761759758,0.31525343656539917,0.29727113246917725,0.0882720947265625,0.0742594450712204
generated_image_0484.png,0.14659248292446136,0.006237905938178301,0.3112109899520874,0.31995701789855957,0.22088623046875,0.1403859555721283
generated_image_0485.png,0.08206953853368759,0.004389392677694559,0.15016701817512512,0.1454758644104004,0.194122314453125,0.1871897429227829
generated_image_0486.png,0.09488948434591293,0.0046384395100176334,0.10668109357357025,0.0862574577331543,0.168914794921875,0.177978515625
generated_image_0487.png,0.09123464673757553,0.007681725546717644,0.1320858597755432,0.11915028095245361,0.260498046875,0.2682240903377533
generated_image_0488.png,0.05872917175292969,0.0036522825248539448,0.10748547315597534,0.10341298580169678,0.19989013671875,0.2195943295955658
generated_image_0489.png,0.1420583724975586,0.0084823127835989,0.2248569130897522,0.20817595720291138,0.243377685546875,0.2150370329618454
generated_image_0490.png,0.11802016198635101,0.0060223424807190895,0.26219743490219116,0.26806795597076416,0.283721923828125,0.2041778564453125
generated_image_0491.png,0.45349740982055664,0.01166182104498148,0.3733196258544922,0.30461937189102173,0.0838165283203125,0.0721893310546875
generated_image_0492.png,0.1888428032398224,0.00822386797517538,0.17680659890174866,0.11541086435317993,0.106719970703125,0.1079610213637352
generated_image_0493.png,0.10114872455596924,0.006116631906479597,0.17686527967453003,0.16563570499420166,0.2320556640625,0.2162882536649704
generated_image_0494.png,0.21606644988059998,0.012576010078191757,0.2432153820991516,0.21675390005111694,0.2175445556640625,0.2104949951171875
generated_image_0495.png,0.07325325906276703,0.005905280355364084,0.06715159118175507,0.052625417709350586,0.257415771484375,0.2663370966911316
generated_image_0496.png,0.11602010577917099,0.007487147580832243,0.18805080652236938,0.1901078224182129,0.228485107421875,0.1868540495634079
generated_image_0497.png,0.09788592904806137,0.00848512165248394,0.12480585277080536,0.10617327690124512,0.238250732421875,0.2486928403377533
generated_image_0498.png,0.05523363873362541,0.0021614492870867252,0.12413134425878525,0.12089908123016357,0.1724090576171875,0.181640625
generated_image_0499.png,0.7427706122398376,0.004858337342739105,0.8117095828056335,0.7742857336997986,0.009765625,0.024383544921875
generated_image_0500.png,0.8583564162254333,0.001398727879859507,0.8217687606811523,0.9377990365028381,0.005340576171875,0.0051778159104287624
generated_image_0501.png,0.06347280740737915,0.004276318475604057,0.14020270109176636,0.13601458072662354,0.2313690185546875,0.2218780517578125
generated_image_0502.png,0.11759690940380096,0.009617546573281288,0.17991898953914642,0.1710425615310669,0.3126678466796875,0.2471364438533783
generated_image_0503.png,0.06577181816101074,0.0038884407840669155,0.11914527416229248,0.11504584550857544,0.2711944580078125,0.2322336882352829
generated_image_0504.png,0.0711904764175415,0.003959669731557369,0.14872971177101135,0.1460731029510498,0.177459716796875,0.186614990234375
generated_image_0505.png,0.07693998515605927,0.005887736566364765,0.15065300464630127,0.14747530221939087,0.2891693115234375,0.269317626953125
generated_image_0506.png,0.1714484989643097,0.009970434010028839,0.2134552299976349,0.18580657243728638,0.205047607421875,0.160186767578125
generated_image_0507.png,0.1372988224029541,0.009681036695837975,0.21037113666534424,0.19557219743728638,0.2305908203125,0.23779296875
generated_image_0508.png,0.13982462882995605,0.008224600926041603,0.17251423001289368,0.14553439617156982,0.1850738525390625,0.1864827573299408
generated_image_0509.png,0.05430601164698601,0.0022902083583176136,0.08673080056905746,0.08036595582962036,0.174041748046875,0.1828155517578125
generated_image_0510.png,0.13353794813156128,0.008908200077712536,0.21515175700187683,0.21126383543014526,0.24853515625,0.2143910825252533
generated_image_0511.png,0.06287515163421631,0.004571910016238689,0.09219440072774887,0.0834723711013794,0.2659149169921875,0.264404296875
generated_image_0512.png,0.11913484334945679,0.008749624714255333,0.19548669457435608,0.2044774889945984,0.2369384765625,0.2099609375
generated_image_0513.png,0.1311628669500351,0.004122166894376278,0.1494981348514557,0.12321865558624268,0.083648681640625,0.0961354598402977
generated_image_0514.png,0.3495109975337982,0.013243362307548523,0.36421871185302734,0.3122788667678833,0.117706298828125,0.1276499480009079
generated_image_0515.png,0.11977513879537582,0.009916473180055618,0.1787179410457611,0.16997367143630981,0.2757110595703125,0.2375081479549408
generated_image_0516.png,0.11197324842214584,0.005761545151472092,0.22310656309127808,0.2174045443534851,0.28802490234375,0.2135823667049408
generated_image_0517.png,0.11530133336782455,0.005952375940978527,0.2057652324438095,0.21829789876937866,0.177154541015625,0.1622161865234375
generated_image_0518.png,0.08113797754049301,0.0047397855669260025,0.13409531116485596,0.12346291542053223,0.1946258544921875,0.2059733122587204
generated_image_0519.png,0.11939096450805664,0.010437843389809132,0.11386923491954803,0.09605562686920166,0.437225341796875,0.3787638545036316
generated_image_0520.png,0.04987112805247307,0.00331578915938735,0.06683540344238281,0.06076759099960327,0.255767822265625,0.261505126953125
generated_image_0521.png,0.09925641864538193,0.0030390911269932985,0.12006529420614243,0.11081308126449585,0.1128387451171875,0.1058095321059227
generated_image_0522.png,0.11586060374975204,0.005427161697298288,0.18418201804161072,0.1834033727645874,0.1402435302734375,0.1540476530790329
generated_image_0523.png,0.1115761399269104,0.0016440190374851227,0.15692457556724548,0.13215291500091553,0.06500244140625,0.0563151054084301
generated_image_0524.png,0.07956491410732269,0.005674500949680805,0.13837186992168427,0.1310596466064453,0.260986328125,0.2543436884880066
generated_image_0525.png,0.06577181816101074,0.0038884407840669155,0.11914527416229248,0.11504584550857544,0.2711944580078125,0.2322336882352829
generated_image_0526.png,0.0556255578994751,0.0040629892610013485,0.06909400224685669,0.05864804983139038,0.254241943359375,0.2697398066520691
generated_image_0527.png,0.06601934134960175,0.004657934885472059,0.08271950483322144,0.073000967502594,0.2662811279296875,0.2508189082145691
generated_image_0528.png,0.05499762296676636,0.0038821622729301453,0.07803907245397568,0.07104641199111938,0.2371978759765625,0.2567240595817566
generated_image_0529.png,0.8583564162254333,0.001398727879859507,0.8217687606811523,0.9377990365028381,0.005340576171875,0.0051778159104287624
generated_image_0530.png,0.30695217847824097,0.015098249539732933,0.37072810530662537,0.3392156958580017,0.1377410888671875,0.1704661101102829
generated_image_0531.png,0.13982462882995605,0.008224600926041603,0.17251423001289368,0.14553439617156982,0.1850738525390625,0.1864827573299408
generated_image_0532.png,0.06759905815124512,0.0041085099801421165,0.10018765926361084,0.09265726804733276,0.20233154296875,0.2060648649930954
generated_image_0533.png,0.11602010577917099,0.007487147580832243,0.18805080652236938,0.1901078224182129,0.228485107421875,0.1868540495634079
generated_image_0534.png,0.1311628669500351,0.004122166894376278,0.1494981348514557,0.12321865558624268,0.083648681640625,0.0961354598402977
generated_image_0535.png,0.08202900737524033,0.006235730368643999,0.09598221629858017,0.08265984058380127,0.25439453125,0.2603403925895691
generated_image_0536.png,0.08206953853368759,0.004389392677694559,0.15016701817512512,0.1454758644104004,0.194122314453125,0.1871897429227829
generated_image_0537.png,0.21457014977931976,0.012041527777910233,0.33002692461013794,0.3040074110031128,0.238433837890625,0.2261912077665329
generated_image_0538.png,0.45349740982055664,0.01166182104498148,0.3733196258544922,0.30461937189102173,0.0838165283203125,0.0721893310546875
generated_image_0539.png,0.06287515163421631,0.004571910016238689,0.09219440072774887,0.0834723711013794,0.2659149169921875,0.264404296875
generated_image_0540.png,0.1714484989643097,0.009970434010028839,0.2134552299976349,0.18580657243728638,0.205047607421875,0.160186767578125
generated_image_0541.png,0.11977513879537582,0.009916473180055618,0.1787179410457611,0.16997367143630981,0.2757110595703125,0.2375081479549408
generated_image_0542.png,0.09488948434591293,0.0046384395100176334,0.10668109357357025,0.0862574577331543,0.168914794921875,0.177978515625
generated_image_0543.png,0.0942549929022789,0.006597592495381832,0.11799722909927368,0.10323846340179443,0.235565185546875,0.2177378386259079
generated_image_0544.png,0.1420583724975586,0.0084823127835989,0.2248569130897522,0.20817595720291138,0.243377685546875,0.2150370329618454
generated_image_0545.png,0.7427706122398376,0.004858337342739105,0.8117095828056335,0.7742857336997986,0.009765625,0.024383544921875
generated_image_0546.png,0.21606644988059998,0.012576010078191757,0.2432153820991516,0.21675390005111694,0.2175445556640625,0.2104949951171875
generated_image_0547.png,0.11059153079986572,0.007766135036945343,0.15955474972724915,0.15319609642028809,0.2594757080078125,0.2292226254940033
generated_image_0548.png,0.1832660287618637,0.010502824559807777,0.4123847484588623,0.4045484662055969,0.175811767578125,0.2214813232421875
generated_image_0549.png,0.11165677011013031,0.0016459014732390642,0.15696081519126892,0.13200771808624268,0.06500244140625,0.0563201904296875
generated_image_0550.png,0.12091527879238129,0.007921846583485603,0.1399524062871933,0.12660163640975952,0.1998138427734375,0.1994883269071579
generated_image_0551.png,0.05430601164698601,0.0022902083583176136,0.08673080056905746,0.08036595582962036,0.174041748046875,0.1828155517578125
generated_image_0552.png,0.08871587365865707,0.006842238828539848,0.14123433828353882,0.13349688053131104,0.2882080078125,0.2736867368221283
generated_image_0553.png,0.07693998515605927,0.005887736566364765,0.15065300464630127,0.14747530221939087,0.2891693115234375,0.269317626953125
generated_image_0554.png,0.1372988224029541,0.009681036695837975,0.21037113666534424,0.19557219743728638,0.2305908203125,0.23779296875
generated_image_0555.png,0.09123464673757553,0.007681725546717644,0.1320858597755432,0.11915028095245361,0.260498046875,0.2682240903377533
generated_image_0556.png,0.2852514684200287,0.021758977323770523,0.4037656784057617,0.36376696825027466,0.348876953125,0.3158009946346283
generated_image_0557.png,0.3495109975337982,0.013243362307548523,0.36421871185302734,0.3122788667678833,0.117706298828125,0.1276499480009079
generated_image_0558.png,0.14659248292446136,0.006237905938178301,0.3112109899520874,0.31995701789855957,0.22088623046875,0.1403859555721283
generated_image_0559.png,0.12425699084997177,0.007776059675961733,0.15443465113639832,0.13734495639801025,0.15948486328125,0.1899515837430954
generated_image_0560.png,0.08461668342351913,0.0034559983760118484,0.09483020007610321,0.08701556921005249,0.1452484130859375,0.1392568051815033
generated_image_0561.png,0.10187705606222153,0.004167079925537109,0.1126999482512474,0.09245115518569946,0.13238525390625,0.1426747739315033
generated_image_0562.png,0.04987112805247307,0.00331578915938735,0.06683540344238281,0.06076759099960327,0.255767822265625,0.261505126953125
generated_image_0563.png,0.0989801287651062,0.006411248352378607,0.1121082752943039,0.09448820352554321,0.1968231201171875,0.2025248259305954
generated_image_0564.png,0.09788592904806137,0.00848512165248394,0.12480585277080536,0.10617327690124512,0.238250732421875,0.2486928403377533
generated_image_0565.png,0.09925641864538193,0.0030390911269932985,0.12006529420614243,0.11081308126449585,0.1128387451171875,0.1058095321059227
generated_image_0566.png,0.09587123245000839,0.00601927749812603,0.1292375773191452,0.11175942420959473,0.1837005615234375,0.21441650390625
generated_image_0567.png,0.08113797754049301,0.0047397855669260025,0.13409531116485596,0.12346291542053223,0.1946258544921875,0.2059733122587204
generated_image_0568.png,0.0711904764175415,0.003959669731557369,0.14872971177101135,0.1460731029510498,0.177459716796875,0.186614990234375
generated_image_0569.png,0.05872917175292969,0.0036522825248539448,0.10748547315597534,0.10341298580169678,0.19989013671875,0.2195943295955658
generated_image_0570.png,0.11197324842214584,0.005761545151472092,0.22310656309127808,0.2174045443534851,0.28802490234375,0.2135823667049408
generated_image_0571.png,0.1489112824201584,0.010050594806671143,0.22903113067150116,0.22496622800827026,0.2553253173828125,0.1896871030330658
generated_image_0572.png,0.05523363873362541,0.0021614492870867252,0.12413134425878525,0.12089908123016357,0.1724090576171875,0.181640625
generated_image_0573.png,0.058473050594329834,0.0029021522495895624,0.09402310848236084,0.08653503656387329,0.21728515625,0.2154032438993454
generated_image_0574.png,0.07299097627401352,0.002592023927718401,0.12258969247341156,0.12520480155944824,0.12774658203125,0.1258697509765625
generated_image_0575.png,0.08016395568847656,0.006271103862673044,0.1118977889418602,0.10477453470230103,0.2382659912109375,0.2490997314453125
generated_image_0576.png,0.14848870038986206,0.008186694234609604,0.19615495204925537,0.19012415409088135,0.1822509765625,0.151824951171875
generated_image_0577.png,0.11588941514492035,0.005430454853922129,0.1842086762189865,0.1834891438484192,0.1402435302734375,0.1540578305721283
generated_image_0578.png,0.10284686088562012,0.003106264164671302,0.1924034059047699,0.1866893768310547,0.128326416015625,0.1065877303481102
generated_image_0579.png,0.07507660239934921,0.0058264476247131824,0.15196099877357483,0.1449097990989685,0.287689208984375,0.2782185971736908
generated_image_0580.png,0.11939096450805664,0.010437843389809132,0.11386923491954803,0.09605562686920166,0.437225341796875,0.3787638545036316
generated_image_0581.png,0.10114872455596924,0.006116631906479597,0.17686527967453003,0.16563570499420166,0.2320556640625,0.2162882536649704
generated_image_0582.png,0.11802016198635101,0.0060223424807190895,0.26219743490219116,0.26806795597076416,0.283721923828125,0.2041778564453125
generated_image_0583.png,0.1004384383559227,0.00572992954403162,0.1928350180387497,0.1931743621826172,0.215484619140625,0.1886138916015625
generated_image_0584.png,0.06347280740737915,0.004276318475604057,0.14020270109176636,0.13601458072662354,0.2313690185546875,0.2218780517578125
generated_image_0585.png,0.3205442726612091,0.008387712761759758,0.31525343656539917,0.29727113246917725,0.0882720947265625,0.0742594450712204
generated_image_0586.png,0.0510333776473999,0.003454743418842554,0.08773549646139145,0.08296716213226318,0.2270050048828125,0.2482706755399704
generated_image_0587.png,0.20071235299110413,0.00457897549495101,0.2243109941482544,0.18499010801315308,0.0850982666015625,0.0784962996840477
generated_image_0588.png,0.11913484334945679,0.008749624714255333,0.19548669457435608,0.2044774889945984,0.2369384765625,0.2099609375
generated_image_0589.png,0.1888428032398224,0.00822386797517538,0.17680659890174866,0.11541086435317993,0.106719970703125,0.1079610213637352
generated_image_0590.png,0.07325325906276703,0.005905280355364084,0.06715159118175507,0.052625417709350586,0.257415771484375,0.2663370966911316
generated_image_0591.png,0.11759690940380096,0.009617546573281288,0.17991898953914642,0.1710425615310669,0.3126678466796875,0.2471364438533783
generated_image_0592.png,0.09777458757162094,0.005410616286098957,0.16262081265449524,0.15062648057937622,0.176239013671875,0.1690928190946579
generated_image_0593.png,0.13353794813156128,0.008908200077712536,0.21515175700187683,0.21126383543014526,0.24853515625,0.2143910825252533
generated_image_0594.png,0.19854789972305298,0.0089617520570755,0.2762073576450348,0.23396748304367065,0.1394500732421875,0.1541849821805954
generated_image_0595.png,0.07760250568389893,0.004050659481436014,0.13012826442718506,0.12131863832473755,0.1938323974609375,0.1992391049861908
generated_image_0596.png,0.07953041791915894,0.005673101171851158,0.13837747275829315,0.13099980354309082,0.260986328125,0.2543233335018158
generated_image_0597.png,0.11541347205638885,0.005955313332378864,0.20573613047599792,0.21831375360488892,0.177154541015625,0.1622416228055954
generated_image_0598.png,0.18703126907348633,0.009060420095920563,0.2774416208267212,0.25174349546432495,0.2001495361328125,0.1397756040096283
generated_image_0599.png,0.09008795022964478,0.0042574405670166016,0.248121976852417,0.2519184350967407,0.177490234375,0.147705078125
generated_image_0600.png,0.10284686088562012,0.003106264164671302,0.1924034059047699,0.1866893768310547,0.128326416015625,0.1065877303481102
generated_image_0601.png,0.07760250568389893,0.004050659481436014,0.13012826442718506,0.12131863832473755,0.1938323974609375,0.1992391049861908
generated_image_0602.png,0.06601934134960175,0.004657934885472059,0.08271950483322144,0.073000967502594,0.2662811279296875,0.2508189082145691
generated_image_0603.png,0.1489112824201584,0.010050594806671143,0.22903113067150116,0.22496622800827026,0.2553253173828125,0.1896871030330658
generated_image_0604.png,0.21606644988059998,0.012576010078191757,0.2432153820991516,0.21675390005111694,0.2175445556640625,0.2104949951171875
generated_image_0605.png,0.7427706122398376,0.004858337342739105,0.8117095828056335,0.7742857336997986,0.009765625,0.024383544921875
generated_image_0606.png,0.0989801287651062,0.006411248352378607,0.1121082752943039,0.09448820352554321,0.1968231201171875,0.2025248259305954
generated_image_0607.png,0.11602010577917099,0.007487147580832243,0.18805080652236938,0.1901078224182129,0.228485107421875,0.1868540495634079
generated_image_0608.png,0.07953041791915894,0.005673101171851158,0.13837747275829315,0.13099980354309082,0.260986328125,0.2543233335018158
generated_image_0609.png,0.07299097627401352,0.002592023927718401,0.12258969247341156,0.12520480155944824,0.12774658203125,0.1258697509765625
generated_image_0610.png,0.08871587365865707,0.006842238828539848,0.14123433828353882,0.13349688053131104,0.2882080078125,0.2736867368221283
generated_image_0611.png,0.2852514684200287,0.021758977323770523,0.4037656784057617,0.36376696825027466,0.348876953125,0.3158009946346283
generated_image_0612.png,0.1832660287618637,0.010502824559807777,0.4123847484588623,0.4045484662055969,0.175811767578125,0.2214813232421875
generated_image_0613.png,0.1420583724975586,0.0084823127835989,0.2248569130897522,0.20817595720291138,0.243377685546875,0.2150370329618454
generated_image_0614.png,0.11588941514492035,0.005430454853922129,0.1842086762189865,0.1834891438484192,0.1402435302734375,0.1540578305721283
generated_image_0615.png,0.0556255578994751,0.0040629892610013485,0.06909400224685669,0.05864804983139038,0.254241943359375,0.2697398066520691
generated_image_0616.png,0.1311628669500351,0.004122166894376278,0.1494981348514557,0.12321865558624268,0.083648681640625,0.0961354598402977
generated_image_0617.png,0.45349740982055664,0.01166182104498148,0.3733196258544922,0.30461937189102173,0.0838165283203125,0.0721893310546875
generated_image_0618.png,0.12425699084997177,0.007776059675961733,0.15443465113639832,0.13734495639801025,0.15948486328125,0.1899515837430954
generated_image_0619.png,0.07325325906276703,0.005905280355364084,0.06715159118175507,0.052625417709350586,0.257415771484375,0.2663370966911316
generated_image_0620.png,0.19854789972305298,0.0089617520570755,0.2762073576450348,0.23396748304367065,0.1394500732421875,0.1541849821805954
generated_image_0621.png,0.06347280740737915,0.004276318475604057,0.14020270109176636,0.13601458072662354,0.2313690185546875,0.2218780517578125
generated_image_0622.png,0.11165677011013031,0.0016459014732390642,0.15696081519126892,0.13200771808624268,0.06500244140625,0.0563201904296875
generated_image_0623.png,0.08016395568847656,0.006271103862673044,0.1118977889418602,0.10477453470230103,0.2382659912109375,0.2490997314453125
generated_image_0624.png,0.11059153079986572,0.007766135036945343,0.15955474972724915,0.15319609642028809,0.2594757080078125,0.2292226254940033
generated_image_0625.png,0.04987112805247307,0.00331578915938735,0.06683540344238281,0.06076759099960327,0.255767822265625,0.261505126953125
generated_image_0626.png,0.21457014977931976,0.012041527777910233,0.33002692461013794,0.3040074110031128,0.238433837890625,0.2261912077665329
generated_image_0627.png,0.11939096450805664,0.010437843389809132,0.11386923491954803,0.09605562686920166,0.437225341796875,0.3787638545036316
generated_image_0628.png,0.11802016198635101,0.0060223424807190895,0.26219743490219116,0.26806795597076416,0.283721923828125,0.2041778564453125
generated_image_0629.png,0.06577181816101074,0.0038884407840669155,0.11914527416229248,0.11504584550857544,0.2711944580078125,0.2322336882352829
generated_image_0630.png,0.14848870038986206,0.008186694234609604,0.19615495204925537,0.19012415409088135,0.1822509765625,0.151824951171875
generated_image_0631.png,0.06287515163421631,0.004571910016238689,0.09219440072774887,0.0834723711013794,0.2659149169921875,0.264404296875
generated_image_0632.png,0.05872917175292969,0.0036522825248539448,0.10748547315597534,0.10341298580169678,0.19989013671875,0.2195943295955658
generated_image_0633.png,0.10114872455596924,0.006116631906479597,0.17686527967453003,0.16563570499420166,0.2320556640625,0.2162882536649704
generated_image_0634.png,0.09777458757162094,0.005410616286098957,0.16262081265449524,0.15062648057937622,0.176239013671875,0.1690928190946579
generated_image_0635.png,0.1714484989643097,0.009970434010028839,0.2134552299976349,0.18580657243728638,0.205047607421875,0.160186767578125
generated_image_0636.png,0.0510333776473999,0.003454743418842554,0.08773549646139145,0.08296716213226318,0.2270050048828125,0.2482706755399704
generated_image_0637.png,0.08461668342351913,0.0034559983760118484,0.09483020007610321,0.08701556921005249,0.1452484130859375,0.1392568051815033
generated_image_0638.png,0.11759690940380096,0.009617546573281288,0.17991898953914642,0.1710425615310669,0.3126678466796875,0.2471364438533783
generated_image_0639.png,0.11913484334945679,0.008749624714255333,0.19548669457435608,0.2044774889945984,0.2369384765625,0.2099609375
generated_image_0640.png,0.05499762296676636,0.0038821622729301453,0.07803907245397568,0.07104641199111938,0.2371978759765625,0.2567240595817566
generated_image_0641.png,0.05430601164698601,0.0022902083583176136,0.08673080056905746,0.08036595582962036,0.174041748046875,0.1828155517578125
generated_image_0642.png,0.07693998515605927,0.005887736566364765,0.15065300464630127,0.14747530221939087,0.2891693115234375,0.269317626953125
generated_image_0643.png,0.1004384383559227,0.00572992954403162,0.1928350180387497,0.1931743621826172,0.215484619140625,0.1886138916015625
generated_image_0644.png,0.1888428032398224,0.00822386797517538,0.17680659890174866,0.11541086435317993,0.106719970703125,0.1079610213637352
generated_image_0645.png,0.11977513879537582,0.009916473180055618,0.1787179410457611,0.16997367143630981,0.2757110595703125,0.2375081479549408
generated_image_0646.png,0.1372988224029541,0.009681036695837975,0.21037113666534424,0.19557219743728638,0.2305908203125,0.23779296875
generated_image_0647.png,0.30695217847824097,0.015098249539732933,0.37072810530662537,0.3392156958580017,0.1377410888671875,0.1704661101102829
generated_image_0648.png,0.12091527879238129,0.007921846583485603,0.1399524062871933,0.12660163640975952,0.1998138427734375,0.1994883269071579
generated_image_0649.png,0.07507660239934921,0.0058264476247131824,0.15196099877357483,0.1449097990989685,0.287689208984375,0.2782185971736908
generated_image_0650.png,0.14659248292446136,0.006237905938178301,0.3112109899520874,0.31995701789855957,0.22088623046875,0.1403859555721283
generated_image_0651.png,0.08113797754049301,0.0047397855669260025,0.13409531116485596,0.12346291542053223,0.1946258544921875,0.2059733122587204
generated_image_0652.png,0.06759905815124512,0.0041085099801421165,0.10018765926361084,0.09265726804733276,0.20233154296875,0.2060648649930954
generated_image_0653.png,0.05523363873362541,0.0021614492870867252,0.12413134425878525,0.12089908123016357,0.1724090576171875,0.181640625
generated_image_0654.png,0.09925641864538193,0.0030390911269932985,0.12006529420614243,0.11081308126449585,0.1128387451171875,0.1058095321059227
generated_image_0655.png,0.08206953853368759,0.004389392677694559,0.15016701817512512,0.1454758644104004,0.194122314453125,0.1871897429227829
generated_image_0656.png,0.11197324842214584,0.005761545151472092,0.22310656309127808,0.2174045443534851,0.28802490234375,0.2135823667049408
generated_image_0657.png,0.3495109975337982,0.013243362307548523,0.36421871185302734,0.3122788667678833,0.117706298828125,0.1276499480009079
generated_image_0658.png,0.09123464673757553,0.007681725546717644,0.1320858597755432,0.11915028095245361,0.260498046875,0.2682240903377533
generated_image_0659.png,0.0942549929022789,0.006597592495381832,0.11799722909927368,0.10323846340179443,0.235565185546875,0.2177378386259079
generated_image_0660.png,0.3205442726612091,0.008387712761759758,0.31525343656539917,0.29727113246917725,0.0882720947265625,0.0742594450712204
generated_image_0661.png,0.09587123245000839,0.00601927749812603,0.1292375773191452,0.11175942420959473,0.1837005615234375,0.21441650390625
generated_image_0662.png,0.10187705606222153,0.004167079925537109,0.1126999482512474,0.09245115518569946,0.13238525390625,0.1426747739315033
generated_image_0663.png,0.13353794813156128,0.008908200077712536,0.21515175700187683,0.21126383543014526,0.24853515625,0.2143910825252533
generated_image_0664.png,0.08202900737524033,0.006235730368643999,0.09598221629858017,0.08265984058380127,0.25439453125,0.2603403925895691
generated_image_0665.png,0.09488948434591293,0.0046384395100176334,0.10668109357357025,0.0862574577331543,0.168914794921875,0.177978515625
generated_image_0666.png,0.058473050594329834,0.0029021522495895624,0.09402310848236084,0.08653503656387329,0.21728515625,0.2154032438993454
generated_image_0667.png,0.13982462882995605,0.008224600926041603,0.17251423001289368,0.14553439617156982,0.1850738525390625,0.1864827573299408
generated_image_0668.png,0.09788592904806137,0.00848512165248394,0.12480585277080536,0.10617327690124512,0.238250732421875,0.2486928403377533
generated_image_0669.png,0.8583564162254333,0.001398727879859507,0.8217687606811523,0.9377990365028381,0.005340576171875,0.0051778159104287624
generated_image_0670.png,0.20071235299110413,0.00457897549495101,0.2243109941482544,0.18499010801315308,0.0850982666015625,0.0784962996840477
generated_image_0671.png,0.0711904764175415,0.003959669731557369,0.14872971177101135,0.1460731029510498,0.177459716796875,0.186614990234375
generated_image_0672.png,0.18703126907348633,0.009060420095920563,0.2774416208267212,0.25174349546432495,0.2001495361328125,0.1397756040096283
generated_image_0673.png,0.09008795022964478,0.0042574405670166016,0.248121976852417,0.2519184350967407,0.177490234375,0.147705078125
generated_image_0674.png,0.11541347205638885,0.005955313332378864,0.20573613047599792,0.21831375360488892,0.177154541015625,0.1622416228055954
generated_image_0675.png,0.11530133336782455,0.005952375940978527,0.2057652324438095,0.21829789876937866,0.177154541015625,0.1622161865234375
generated_image_0676.png,0.18714693188667297,0.009057989344000816,0.27740558981895447,0.2516523003578186,0.2001495361328125,0.139801025390625
generated_image_0677.png,0.07325325906276703,0.005905280355364084,0.06715159118175507,0.052625417709350586,0.257415771484375,0.2663370966911316
generated_image_0678.png,0.1714484989643097,0.009970434010028839,0.2134552299976349,0.18580657243728638,0.205047607421875,0.160186767578125
generated_image_0679.png,0.07693998515605927,0.005887736566364765,0.15065300464630127,0.14747530221939087,0.2891693115234375,0.269317626953125
generated_image_0680.png,0.1832660287618637,0.010502824559807777,0.4123847484588623,0.4045484662055969,0.175811767578125,0.2214813232421875
generated_image_0681.png,0.09925641864538193,0.0030390911269932985,0.12006529420614243,0.11081308126449585,0.1128387451171875,0.1058095321059227
generated_image_0682.png,0.11977513879537582,0.009916473180055618,0.1787179410457611,0.16997367143630981,0.2757110595703125,0.2375081479549408
generated_image_0683.png,0.09788592904806137,0.00848512165248394,0.12480585277080536,0.10617327690124512,0.238250732421875,0.2486928403377533
generated_image_0684.png,0.09015526622533798,0.0042597525753080845,0.24815106391906738,0.25185954570770264,0.177490234375,0.147705078125
generated_image_0685.png,0.08461668342351913,0.0034559983760118484,0.09483020007610321,0.08701556921005249,0.1452484130859375,0.1392568051815033
generated_image_0686.png,0.13982462882995605,0.008224600926041603,0.17251423001289368,0.14553439617156982,0.1850738525390625,0.1864827573299408
generated_image_0687.png,0.06577181816101074,0.0038884407840669155,0.11914527416229248,0.11504584550857544,0.2711944580078125,0.2322336882352829
generated_image_0688.png,0.0942549929022789,0.006597592495381832,0.11799722909927368,0.10323846340179443,0.235565185546875,0.2177378386259079
generated_image_0689.png,0.21606644988059998,0.012576010078191757,0.2432153820991516,0.21675390005111694,0.2175445556640625,0.2104949951171875
generated_image_0690.png,0.2852514684200287,0.021758977323770523,0.4037656784057617,0.36376696825027466,0.348876953125,0.3158009946346283
generated_image_0691.png,0.07507660239934921,0.0058264476247131824,0.15196099877357483,0.1449097990989685,0.287689208984375,0.2782185971736908
generated_image_0692.png,0.0711904764175415,0.003959669731557369,0.14872971177101135,0.1460731029510498,0.177459716796875,0.186614990234375
generated_image_0693.png,0.3495109975337982,0.013243362307548523,0.36421871185302734,0.3122788667678833,0.117706298828125,0.1276499480009079
generated_image_0694.png,0.21457014977931976,0.012041527777910233,0.33002692461013794,0.3040074110031128,0.238433837890625,0.2261912077665329
generated_image_0695.png,0.09488948434591293,0.0046384395100176334,0.10668109357357025,0.0862574577331543,0.168914794921875,0.177978515625
generated_image_0696.png,0.05523363873362541,0.0021614492870867252,0.12413134425878525,0.12089908123016357,0.1724090576171875,0.181640625
generated_image_0697.png,0.1004384383559227,0.00572992954403162,0.1928350180387497,0.1931743621826172,0.215484619140625,0.1886138916015625
generated_image_0698.png,0.14848870038986206,0.008186694234609604,0.19615495204925537,0.19012415409088135,0.1822509765625,0.151824951171875
generated_image_0699.png,0.07760250568389893,0.004050659481436014,0.13012826442718506,0.12131863832473755,0.1938323974609375,0.1992391049861908
generated_image_0700.png,0.19854789972305298,0.0089617520570755,0.2762073576450348,0.23396748304367065,0.1394500732421875,0.1541849821805954
generated_image_0701.png,0.45349740982055664,0.01166182104498148,0.3733196258544922,0.30461937189102173,0.0838165283203125,0.0721893310546875
generated_image_0702.png,0.04987112805247307,0.00331578915938735,0.06683540344238281,0.06076759099960327,0.255767822265625,0.261505126953125
generated_image_0703.png,0.11939096450805664,0.010437843389809132,0.11386923491954803,0.09605562686920166,0.437225341796875,0.3787638545036316
generated_image_0704.png,0.8583564162254333,0.001398727879859507,0.8217687606811523,0.9377990365028381,0.005340576171875,0.0051778159104287624
generated_image_0705.png,0.3205442726612091,0.008387712761759758,0.31525343656539917,0.29727113246917725,0.0882720947265625,0.0742594450712204
generated_image_0706.png,0.11913484334945679,0.008749624714255333,0.19548669457435608,0.2044774889945984,0.2369384765625,0.2099609375
generated_image_0707.png,0.08871587365865707,0.006842238828539848,0.14123433828353882,0.13349688053131104,0.2882080078125,0.2736867368221283
generated_image_0708.png,0.1489112824201584,0.010050594806671143,0.22903113067150116,0.22496622800827026,0.2553253173828125,0.1896871030330658
generated_image_0709.png,0.08016395568847656,0.006271103862673044,0.1118977889418602,0.10477453470230103,0.2382659912109375,0.2490997314453125
generated_image_0710.png,0.05499762296676636,0.0038821622729301453,0.07803907245397568,0.07104641199111938,0.2371978759765625,0.2567240595817566
generated_image_0711.png,0.05872917175292969,0.0036522825248539448,0.10748547315597534,0.10341298580169678,0.19989013671875,0.2195943295955658
generated_image_0712.png,0.07299097627401352,0.002592023927718401,0.12258969247341156,0.12520480155944824,0.12774658203125,0.1258697509765625
generated_image_0713.png,0.7427706122398376,0.004858337342739105,0.8117095828056335,0.7742857336997986,0.009765625,0.024383544921875
generated_image_0714.png,0.20071235299110413,0.00457897549495101,0.2243109941482544,0.18499010801315308,0.0850982666015625,0.0784962996840477
generated_image_0715.png,0.06759905815124512,0.0041085099801421165,0.10018765926361084,0.09265726804733276,0.20233154296875,0.2060648649930954
generated_image_0716.png,0.12091527879238129,0.007921846583485603,0.1399524062871933,0.12660163640975952,0.1998138427734375,0.1994883269071579
generated_image_0717.png,0.07953041791915894,0.005673101171851158,0.13837747275829315,0.13099980354309082,0.260986328125,0.2543233335018158
generated_image_0718.png,0.06287515163421631,0.004571910016238689,0.09219440072774887,0.0834723711013794,0.2659149169921875,0.264404296875
generated_image_0719.png,0.11802016198635101,0.0060223424807190895,0.26219743490219116,0.26806795597076416,0.283721923828125,0.2041778564453125
generated_image_0720.png,0.05430601164698601,0.0022902083583176136,0.08673080056905746,0.08036595582962036,0.174041748046875,0.1828155517578125
generated_image_0721.png,0.08206953853368759,0.004389392677694559,0.15016701817512512,0.1454758644104004,0.194122314453125,0.1871897429227829
generated_image_0722.png,0.1372988224029541,0.009681036695837975,0.21037113666534424,0.19557219743728638,0.2305908203125,0.23779296875
generated_image_0723.png,0.058473050594329834,0.0029021522495895624,0.09402310848236084,0.08653503656387329,0.21728515625,0.2154032438993454
generated_image_0724.png,0.12425699084997177,0.007776059675961733,0.15443465113639832,0.13734495639801025,0.15948486328125,0.1899515837430954
generated_image_0725.png,0.1311628669500351,0.004122166894376278,0.1494981348514557,0.12321865558624268,0.083648681640625,0.0961354598402977
generated_image_0726.png,0.11602010577917099,0.007487147580832243,0.18805080652236938,0.1901078224182129,0.228485107421875,0.1868540495634079
generated_image_0727.png,0.0556255578994751,0.0040629892610013485,0.06909400224685669,0.05864804983139038,0.254241943359375,0.2697398066520691
generated_image_0728.png,0.11759690940380096,0.009617546573281288,0.17991898953914642,0.1710425615310669,0.3126678466796875,0.2471364438533783
generated_image_0729.png,0.09587123245000839,0.00601927749812603,0.1292375773191452,0.11175942420959473,0.1837005615234375,0.21441650390625
generated_image_0730.png,0.06601934134960175,0.004657934885472059,0.08271950483322144,0.073000967502594,0.2662811279296875,0.2508189082145691
generated_image_0731.png,0.09123464673757553,0.007681725546717644,0.1320858597755432,0.11915028095245361,0.260498046875,0.2682240903377533
generated_image_0732.png,0.30695217847824097,0.015098249539732933,0.37072810530662537,0.3392156958580017,0.1377410888671875,0.1704661101102829
generated_image_0733.png,0.11197324842214584,0.005761545151472092,0.22310656309127808,0.2174045443534851,0.28802490234375,0.2135823667049408
generated_image_0734.png,0.10187705606222153,0.004167079925537109,0.1126999482512474,0.09245115518569946,0.13238525390625,0.1426747739315033
generated_image_0735.png,0.09777458757162094,0.005410616286098957,0.16262081265449524,0.15062648057937622,0.176239013671875,0.1690928190946579
generated_image_0736.png,0.10284686088562012,0.003106264164671302,0.1924034059047699,0.1866893768310547,0.128326416015625,0.1065877303481102
generated_image_0737.png,0.14659248292446136,0.006237905938178301,0.3112109899520874,0.31995701789855957,0.22088623046875,0.1403859555721283
generated_image_0738.png,0.0989801287651062,0.006411248352378607,0.1121082752943039,0.09448820352554321,0.1968231201171875,0.2025248259305954
generated_image_0739.png,0.06347280740737915,0.004276318475604057,0.14020270109176636,0.13601458072662354,0.2313690185546875,0.2218780517578125
generated_image_0740.png,0.08202900737524033,0.006235730368643999,0.09598221629858017,0.08265984058380127,0.25439453125,0.2603403925895691
generated_image_0741.png,0.11059153079986572,0.007766135036945343,0.15955474972724915,0.15319609642028809,0.2594757080078125,0.2292226254940033
generated_image_0742.png,0.10114872455596924,0.006116631906479597,0.17686527967453003,0.16563570499420166,0.2320556640625,0.2162882536649704
generated_image_0743.png,0.11588941514492035,0.005430454853922129,0.1842086762189865,0.1834891438484192,0.1402435302734375,0.1540578305721283
generated_image_0744.png,0.1888428032398224,0.00822386797517538,0.17680659890174866,0.11541086435317993,0.106719970703125,0.1079610213637352
generated_image_0745.png,0.13353794813156128,0.008908200077712536,0.21515175700187683,0.21126383543014526,0.24853515625,0.2143910825252533
generated_image_0746.png,0.0510333776473999,0.003454743418842554,0.08773549646139145,0.08296716213226318,0.2270050048828125,0.2482706755399704
generated_image_0747.png,0.08113352954387665,0.004742449149489403,0.13404153287410736,0.12349653244018555,0.1946258544921875,0.2059834897518158
generated_image_0748.png,0.1420392394065857,0.008485984057188034,0.22489261627197266,0.20809590816497803,0.243377685546875,0.2150319516658783
generated_image_0749.png,0.1115761399269104,0.0016440190374851227,0.15692457556724548,0.13215291500091553,0.06500244140625,0.0563151054084301
generated_image_0750.png,0.07693998515605927,0.005887736566364765,0.15065300464630127,0.14747530221939087,0.2891693115234375,0.269317626953125
generated_image_0751.png,0.0711904764175415,0.003959669731557369,0.14872971177101135,0.1460731029510498,0.177459716796875,0.186614990234375
generated_image_0752.png,0.21606644988059998,0.012576010078191757,0.2432153820991516,0.21675390005111694,0.2175445556640625,0.2104949951171875
generated_image_0753.png,0.14659248292446136,0.006237905938178301,0.3112109899520874,0.31995701789855957,0.22088623046875,0.1403859555721283
generated_image_0754.png,0.30695217847824097,0.015098249539732933,0.37072810530662537,0.3392156958580017,0.1377410888671875,0.1704661101102829
generated_image_0755.png,0.058473050594329834,0.0029021522495895624,0.09402310848236084,0.08653503656387329,0.21728515625,0.2154032438993454
generated_image_0756.png,0.05872917175292969,0.0036522825248539448,0.10748547315597534,0.10341298580169678,0.19989013671875,0.2195943295955658
generated_image_0757.png,0.06577181816101074,0.0038884407840669155,0.11914527416229248,0.11504584550857544,0.2711944580078125,0.2322336882352829
generated_image_0758.png,0.18714693188667297,0.009057989344000816,0.27740558981895447,0.2516523003578186,0.2001495361328125,0.139801025390625
generated_image_0759.png,0.10187705606222153,0.004167079925537109,0.1126999482512474,0.09245115518569946,0.13238525390625,0.1426747739315033
generated_image_0760.png,0.11759690940380096,0.009617546573281288,0.17991898953914642,0.1710425615310669,0.3126678466796875,0.2471364438533783
generated_image_0761.png,0.09015526622533798,0.0042597525753080845,0.24815106391906738,0.25185954570770264,0.177490234375,0.147705078125
generated_image_0762.png,0.0556255578994751,0.0040629892610013485,0.06909400224685669,0.05864804983139038,0.254241943359375,0.2697398066520691
generated_image_0763.png,0.07507660239934921,0.0058264476247131824,0.15196099877357483,0.1449097990989685,0.287689208984375,0.2782185971736908
generated_image_0764.png,0.14848870038986206,0.008186694234609604,0.19615495204925537,0.19012415409088135,0.1822509765625,0.151824951171875
generated_image_0765.png,0.11977513879537582,0.009916473180055618,0.1787179410457611,0.16997367143630981,0.2757110595703125,0.2375081479549408
generated_image_0766.png,0.1311628669500351,0.004122166894376278,0.1494981348514557,0.12321865558624268,0.083648681640625,0.0961354598402977
generated_image_0767.png,0.05523363873362541,0.0021614492870867252,0.12413134425878525,0.12089908123016357,0.1724090576171875,0.181640625
generated_image_0768.png,0.08113797754049301,0.0047397855669260025,0.13409531116485596,0.12346291542053223,0.1946258544921875,0.2059733122587204
generated_image_0769.png,0.1832660287618637,0.010502824559807777,0.4123847484588623,0.4045484662055969,0.175811767578125,0.2214813232421875
generated_image_0770.png,0.06287515163421631,0.004571910016238689,0.09219440072774887,0.0834723711013794,0.2659149169921875,0.264404296875
generated_image_0771.png,0.21457014977931976,0.012041527777910233,0.33002692461013794,0.3040074110031128,0.238433837890625,0.2261912077665329
generated_image_0772.png,0.7427706122398376,0.004858337342739105,0.8117095828056335,0.7742857336997986,0.009765625,0.024383544921875
generated_image_0773.png,0.10284686088562012,0.003106264164671302,0.1924034059047699,0.1866893768310547,0.128326416015625,0.1065877303481102
generated_image_0774.png,0.1714484989643097,0.009970434010028839,0.2134552299976349,0.18580657243728638,0.205047607421875,0.160186767578125
generated_image_0775.png,0.19854789972305298,0.0089617520570755,0.2762073576450348,0.23396748304367065,0.1394500732421875,0.1541849821805954
generated_image_0776.png,0.11059153079986572,0.007766135036945343,0.15955474972724915,0.15319609642028809,0.2594757080078125,0.2292226254940033
generated_image_0777.png,0.3205442726612091,0.008387712761759758,0.31525343656539917,0.29727113246917725,0.0882720947265625,0.0742594450712204
generated_image_0778.png,0.05430601164698601,0.0022902083583176136,0.08673080056905746,0.08036595582962036,0.174041748046875,0.1828155517578125
generated_image_0779.png,0.06347280740737915,0.004276318475604057,0.14020270109176636,0.13601458072662354,0.2313690185546875,0.2218780517578125
generated_image_0780.png,0.11602010577917099,0.007487147580832243,0.18805080652236938,0.1901078224182129,0.228485107421875,0.1868540495634079
generated_image_0781.png,0.10114872455596924,0.006116631906479597,0.17686527967453003,0.16563570499420166,0.2320556640625,0.2162882536649704
generated_image_0782.png,0.06601934134960175,0.004657934885472059,0.08271950483322144,0.073000967502594,0.2662811279296875,0.2508189082145691
generated_image_0783.png,0.8583564162254333,0.001398727879859507,0.8217687606811523,0.9377990365028381,0.005340576171875,0.0051778159104287624
generated_image_0784.png,0.09777458757162094,0.005410616286098957,0.16262081265449524,0.15062648057937622,0.176239013671875,0.1690928190946579
generated_image_0785.png,0.08461668342351913,0.0034559983760118484,0.09483020007610321,0.08701556921005249,0.1452484130859375,0.1392568051815033
generated_image_0786.png,0.08206953853368759,0.004389392677694559,0.15016701817512512,0.1454758644104004,0.194122314453125,0.1871897429227829
generated_image_0787.png,0.0942549929022789,0.006597592495381832,0.11799722909927368,0.10323846340179443,0.235565185546875,0.2177378386259079
generated_image_0788.png,0.08871587365865707,0.006842238828539848,0.14123433828353882,0.13349688053131104,0.2882080078125,0.2736867368221283
generated_image_0789.png,0.20071235299110413,0.00457897549495101,0.2243109941482544,0.18499010801315308,0.0850982666015625,0.0784962996840477
generated_image_0790.png,0.06759905815124512,0.0041085099801421165,0.10018765926361084,0.09265726804733276,0.20233154296875,0.2060648649930954
generated_image_0791.png,0.1372988224029541,0.009681036695837975,0.21037113666534424,0.19557219743728638,0.2305908203125,0.23779296875
generated_image_0792.png,0.08016395568847656,0.006271103862673044,0.1118977889418602,0.10477453470230103,0.2382659912109375,0.2490997314453125
generated_image_0793.png,0.11197324842214584,0.005761545151472092,0.22310656309127808,0.2174045443534851,0.28802490234375,0.2135823667049408
generated_image_0794.png,0.05499762296676636,0.0038821622729301453,0.07803907245397568,0.07104641199111938,0.2371978759765625,0.2567240595817566
generated_image_0795.png,0.13982462882995605,0.008224600926041603,0.17251423001289368,0.14553439617156982,0.1850738525390625,0.1864827573299408
generated_image_0796.png,0.1888428032398224,0.00822386797517538,0.17680659890174866,0.11541086435317993,0.106719970703125,0.1079610213637352
generated_image_0797.png,0.09788592904806137,0.00848512165248394,0.12480585277080536,0.10617327690124512,0.238250732421875,0.2486928403377533
generated_image_0798.png,0.07325325906276703,0.005905280355364084,0.06715159118175507,0.052625417709350586,0.257415771484375,0.2663370966911316
generated_image_0799.png,0.1004384383559227,0.00572992954403162,0.1928350180387497,0.1931743621826172,0.215484619140625,0.1886138916015625
generated_image_0800.png,0.2852514684200287,0.021758977323770523,0.4037656784057617,0.36376696825027466,0.348876953125,0.3158009946346283
generated_image_0801.png,0.13353794813156128,0.008908200077712536,0.21515175700187683,0.21126383543014526,0.24853515625,0.2143910825252533
generated_image_0802.png,0.09488948434591293,0.0046384395100176334,0.10668109357357025,0.0862574577331543,0.168914794921875,0.177978515625
generated_image_0803.png,0.11939096450805664,0.010437843389809132,0.11386923491954803,0.09605562686920166,0.437225341796875,0.3787638545036316
generated_image_0804.png,0.09925641864538193,0.0030390911269932985,0.12006529420614243,0.11081308126449585,0.1128387451171875,0.1058095321059227
generated_image_0805.png,0.11588941514492035,0.005430454853922129,0.1842086762189865,0.1834891438484192,0.1402435302734375,0.1540578305721283
generated_image_0806.png,0.0989801287651062,0.006411248352378607,0.1121082752943039,0.09448820352554321,0.1968231201171875,0.2025248259305954
generated_image_0807.png,0.08202900737524033,0.006235730368643999,0.09598221629858017,0.08265984058380127,0.25439453125,0.2603403925895691
generated_image_0808.png,0.11165677011013031,0.0016459014732390642,0.15696081519126892,0.13200771808624268,0.06500244140625,0.0563201904296875
generated_image_0809.png,0.07953041791915894,0.005673101171851158,0.13837747275829315,0.13099980354309082,0.260986328125,0.2543233335018158
generated_image_0810.png,0.1420583724975586,0.0084823127835989,0.2248569130897522,0.20817595720291138,0.243377685546875,0.2150370329618454
generated_image_0811.png,0.0510333776473999,0.003454743418842554,0.08773549646139145,0.08296716213226318,0.2270050048828125,0.2482706755399704
generated_image_0812.png,0.09587123245000839,0.00601927749812603,0.1292375773191452,0.11175942420959473,0.1837005615234375,0.21441650390625
generated_image_0813.png,0.11913484334945679,0.008749624714255333,0.19548669457435608,0.2044774889945984,0.2369384765625,0.2099609375
generated_image_0814.png,0.45349740982055664,0.01166182104498148,0.3733196258544922,0.30461937189102173,0.0838165283203125,0.0721893310546875
generated_image_0815.png,0.11802016198635101,0.0060223424807190895,0.26219743490219116,0.26806795597076416,0.283721923828125,0.2041778564453125
generated_image_0816.png,0.09123464673757553,0.007681725546717644,0.1320858597755432,0.11915028095245361,0.260498046875,0.2682240903377533
generated_image_0817.png,0.12425699084997177,0.007776059675961733,0.15443465113639832,0.13734495639801025,0.15948486328125,0.1899515837430954
generated_image_0818.png,0.04987112805247307,0.00331578915938735,0.06683540344238281,0.06076759099960327,0.255767822265625,0.261505126953125
generated_image_0819.png,0.07760250568389893,0.004050659481436014,0.13012826442718506,0.12131863832473755,0.1938323974609375,0.1992391049861908
generated_image_0820.png,0.11530133336782455,0.005952375940978527,0.2057652324438095,0.21829789876937866,0.177154541015625,0.1622161865234375
generated_image_0821.png,0.12091527879238129,0.007921846583485603,0.1399524062871933,0.12660163640975952,0.1998138427734375,0.1994883269071579
generated_image_0822.png,0.07280411571264267,0.0025928067043423653,0.12254033982753754,0.12522000074386597,0.12774658203125,0.1258443295955658
generated_image_0823.png,0.34955692291259766,0.013240206986665726,0.36431342363357544,0.3123689889907837,0.117706298828125,0.1276346892118454
generated_image_0824.png,0.14899635314941406,0.01005372405052185,0.22904543578624725,0.22496622800827026,0.2553253173828125,0.1896820068359375
generated_image_0825.png,0.21457014977931976,0.012041527777910233,0.33002692461013794,0.3040074110031128,0.238433837890625,0.2261912077665329
generated_image_0826.png,0.2852514684200287,0.021758977323770523,0.4037656784057617,0.36376696825027466,0.348876953125,0.3158009946346283
generated_image_0827.png,0.09587123245000839,0.00601927749812603,0.1292375773191452,0.11175942420959473,0.1837005615234375,0.21441650390625
generated_image_0828.png,0.08113797754049301,0.0047397855669260025,0.13409531116485596,0.12346291542053223,0.1946258544921875,0.2059733122587204
generated_image_0829.png,0.05430601164698601,0.0022902083583176136,0.08673080056905746,0.08036595582962036,0.174041748046875,0.1828155517578125
generated_image_0830.png,0.0711904764175415,0.003959669731557369,0.14872971177101135,0.1460731029510498,0.177459716796875,0.186614990234375
generated_image_0831.png,0.11802016198635101,0.0060223424807190895,0.26219743490219116,0.26806795597076416,0.283721923828125,0.2041778564453125
generated_image_0832.png,0.09788592904806137,0.00848512165248394,0.12480585277080536,0.10617327690124512,0.238250732421875,0.2486928403377533
generated_image_0833.png,0.3495109975337982,0.013243362307548523,0.36421871185302734,0.3122788667678833,0.117706298828125,0.1276499480009079
generated_image_0834.png,0.09925641864538193,0.0030390911269932985,0.12006529420614243,0.11081308126449585,0.1128387451171875,0.1058095321059227
generated_image_0835.png,0.1004384383559227,0.00572992954403162,0.1928350180387497,0.1931743621826172,0.215484619140625,0.1886138916015625
generated_image_0836.png,0.09015526622533798,0.0042597525753080845,0.24815106391906738,0.25185954570770264,0.177490234375,0.147705078125
generated_image_0837.png,0.20071235299110413,0.00457897549495101,0.2243109941482544,0.18499010801315308,0.0850982666015625,0.0784962996840477
generated_image_0838.png,0.11602010577917099,0.007487147580832243,0.18805080652236938,0.1901078224182129,0.228485107421875,0.1868540495634079
generated_image_0839.png,0.05872917175292969,0.0036522825248539448,0.10748547315597534,0.10341298580169678,0.19989013671875,0.2195943295955658
generated_image_0840.png,0.10284686088562012,0.003106264164671302,0.1924034059047699,0.1866893768310547,0.128326416015625,0.1065877303481102
generated_image_0841.png,0.06601934134960175,0.004657934885472059,0.08271950483322144,0.073000967502594,0.2662811279296875,0.2508189082145691
generated_image_0842.png,0.13982462882995605,0.008224600926041603,0.17251423001289368,0.14553439617156982,0.1850738525390625,0.1864827573299408
generated_image_0843.png,0.07299097627401352,0.002592023927718401,0.12258969247341156,0.12520480155944824,0.12774658203125,0.1258697509765625
generated_image_0844.png,0.1888428032398224,0.00822386797517538,0.17680659890174866,0.11541086435317993,0.106719970703125,0.1079610213637352
generated_image_0845.png,0.12425699084997177,0.007776059675961733,0.15443465113639832,0.13734495639801025,0.15948486328125,0.1899515837430954
generated_image_0846.png,0.10187705606222153,0.004167079925537109,0.1126999482512474,0.09245115518569946,0.13238525390625,0.1426747739315033
generated_image_0847.png,0.04987112805247307,0.00331578915938735,0.06683540344238281,0.06076759099960327,0.255767822265625,0.261505126953125
generated_image_0848.png,0.3205442726612091,0.008387712761759758,0.31525343656539917,0.29727113246917725,0.0882720947265625,0.0742594450712204
generated_image_0849.png,0.08202900737524033,0.006235730368643999,0.09598221629858017,0.08265984058380127,0.25439453125,0.2603403925895691
generated_image_0850.png,0.08206953853368759,0.004389392677694559,0.15016701817512512,0.1454758644104004,0.194122314453125,0.1871897429227829
generated_image_0851.png,0.06347280740737915,0.004276318475604057,0.14020270109176636,0.13601458072662354,0.2313690185546875,0.2218780517578125
generated_image_0852.png,0.058473050594329834,0.0029021522495895624,0.09402310848236084,0.08653503656387329,0.21728515625,0.2154032438993454
generated_image_0853.png,0.1714484989643097,0.009970434010028839,0.2134552299976349,0.18580657243728638,0.205047607421875,0.160186767578125
generated_image_0854.png,0.1420583724975586,0.0084823127835989,0.2248569130897522,0.20817595720291138,0.243377685546875,0.2150370329618454
generated_image_0855.png,0.0942549929022789,0.006597592495381832,0.11799722909927368,0.10323846340179443,0.235565185546875,0.2177378386259079
generated_image_0856.png,0.11530133336782455,0.005952375940978527,0.2057652324438095,0.21829789876937866,0.177154541015625,0.1622161865234375
generated_image_0857.png,0.06759905815124512,0.0041085099801421165,0.10018765926361084,0.09265726804733276,0.20233154296875,0.2060648649930954
generated_image_0858.png,0.7427706122398376,0.004858337342739105,0.8117095828056335,0.7742857336997986,0.009765625,0.024383544921875
generated_image_0859.png,0.07760250568389893,0.004050659481436014,0.13012826442718506,0.12131863832473755,0.1938323974609375,0.1992391049861908
generated_image_0860.png,0.8583564162254333,0.001398727879859507,0.8217687606811523,0.9377990365028381,0.005340576171875,0.0051778159104287624
generated_image_0861.png,0.11759690940380096,0.009617546573281288,0.17991898953914642,0.1710425615310669,0.3126678466796875,0.2471364438533783
generated_image_0862.png,0.09488948434591293,0.0046384395100176334,0.10668109357357025,0.0862574577331543,0.168914794921875,0.177978515625
generated_image_0863.png,0.08871587365865707,0.006842238828539848,0.14123433828353882,0.13349688053131104,0.2882080078125,0.2736867368221283
generated_image_0864.png,0.08461668342351913,0.0034559983760118484,0.09483020007610321,0.08701556921005249,0.1452484130859375,0.1392568051815033
generated_image_0865.png,0.11059153079986572,0.007766135036945343,0.15955474972724915,0.15319609642028809,0.2594757080078125,0.2292226254940033
generated_image_0866.png,0.18714693188667297,0.009057989344000816,0.27740558981895447,0.2516523003578186,0.2001495361328125,0.139801025390625
generated_image_0867.png,0.05499762296676636,0.0038821622729301453,0.07803907245397568,0.07104641199111938,0.2371978759765625,0.2567240595817566
generated_image_0868.png,0.21606644988059998,0.012576010078191757,0.2432153820991516,0.21675390005111694,0.2175445556640625,0.2104949951171875
generated_image_0869.png,0.07953041791915894,0.005673101171851158,0.13837747275829315,0.13099980354309082,0.260986328125,0.2543233335018158
generated_image_0870.png,0.10114872455596924,0.006116631906479597,0.17686527967453003,0.16563570499420166,0.2320556640625,0.2162882536649704
generated_image_0871.png,0.05523363873362541,0.0021614492870867252,0.12413134425878525,0.12089908123016357,0.1724090576171875,0.181640625
generated_image_0872.png,0.07693998515605927,0.005887736566364765,0.15065300464630127,0.14747530221939087,0.2891693115234375,0.269317626953125
generated_image_0873.png,0.11939096450805664,0.010437843389809132,0.11386923491954803,0.09605562686920166,0.437225341796875,0.3787638545036316
generated_image_0874.png,0.11588941514492035,0.005430454853922129,0.1842086762189865,0.1834891438484192,0.1402435302734375,0.1540578305721283
generated_image_0875.png,0.11165677011013031,0.0016459014732390642,0.15696081519126892,0.13200771808624268,0.06500244140625,0.0563201904296875
generated_image_0876.png,0.11913484334945679,0.008749624714255333,0.19548669457435608,0.2044774889945984,0.2369384765625,0.2099609375
generated_image_0877.png,0.08016395568847656,0.006271103862673044,0.1118977889418602,0.10477453470230103,0.2382659912109375,0.2490997314453125
generated_image_0878.png,0.06577181816101074,0.0038884407840669155,0.11914527416229248,0.11504584550857544,0.2711944580078125,0.2322336882352829
generated_image_0879.png,0.1311628669500351,0.004122166894376278,0.1494981348514557,0.12321865558624268,0.083648681640625,0.0961354598402977
generated_image_0880.png,0.0556255578994751,0.0040629892610013485,0.06909400224685669,0.05864804983139038,0.254241943359375,0.2697398066520691
generated_image_0881.png,0.1372988224029541,0.009681036695837975,0.21037113666534424,0.19557219743728638,0.2305908203125,0.23779296875
generated_image_0882.png,0.11197324842214584,0.005761545151472092,0.22310656309127808,0.2174045443534851,0.28802490234375,0.2135823667049408
generated_image_0883.png,0.30695217847824097,0.015098249539732933,0.37072810530662537,0.3392156958580017,0.1377410888671875,0.1704661101102829
generated_image_0884.png,0.11977513879537582,0.009916473180055618,0.1787179410457611,0.16997367143630981,0.2757110595703125,0.2375081479549408
generated_image_0885.png,0.0510333776473999,0.003454743418842554,0.08773549646139145,0.08296716213226318,0.2270050048828125,0.2482706755399704
generated_image_0886.png,0.14659248292446136,0.006237905938178301,0.3112109899520874,0.31995701789855957,0.22088623046875,0.1403859555721283
generated_image_0887.png,0.06287515163421631,0.004571910016238689,0.09219440072774887,0.0834723711013794,0.2659149169921875,0.264404296875
generated_image_0888.png,0.09777458757162094,0.005410616286098957,0.16262081265449524,0.15062648057937622,0.176239013671875,0.1690928190946579
generated_image_0889.png,0.09123464673757553,0.007681725546717644,0.1320858597755432,0.11915028095245361,0.260498046875,0.2682240903377533
generated_image_0890.png,0.0989801287651062,0.006411248352378607,0.1121082752943039,0.09448820352554321,0.1968231201171875,0.2025248259305954
generated_image_0891.png,0.1832660287618637,0.010502824559807777,0.4123847484588623,0.4045484662055969,0.175811767578125,0.2214813232421875
generated_image_0892.png,0.19854789972305298,0.0089617520570755,0.2762073576450348,0.23396748304367065,0.1394500732421875,0.1541849821805954
generated_image_0893.png,0.07325325906276703,0.005905280355364084,0.06715159118175507,0.052625417709350586,0.257415771484375,0.2663370966911316
generated_image_0894.png,0.14848870038986206,0.008186694234609604,0.19615495204925537,0.19012415409088135,0.1822509765625,0.151824951171875
generated_image_0895.png,0.45349740982055664,0.01166182104498148,0.3733196258544922,0.30461937189102173,0.0838165283203125,0.0721893310546875
generated_image_0896.png,0.07507660239934921,0.0058264476247131824,0.15196099877357483,0.1449097990989685,0.287689208984375,0.2782185971736908
generated_image_0897.png,0.12085926532745361,0.007915875874459743,0.13993018865585327,0.12661153078079224,0.1998138427734375,0.1994527280330658
generated_image_0898.png,0.1335882991552353,0.00890799518674612,0.2151879072189331,0.21137124300003052,0.24853515625,0.214385986328125
generated_image_0899.png,0.14899635314941406,0.01005372405052185,0.22904543578624725,0.22496622800827026,0.2553253173828125,0.1896820068359375
generated_image_0900.png,0.3205442726612091,0.008387712761759758,0.31525343656539917,0.29727113246917725,0.0882720947265625,0.0742594450712204
generated_image_0901.png,0.11165677011013031,0.0016459014732390642,0.15696081519126892,0.13200771808624268,0.06500244140625,0.0563201904296875
generated_image_0902.png,0.08113797754049301,0.0047397855669260025,0.13409531116485596,0.12346291542053223,0.1946258544921875,0.2059733122587204
generated_image_0903.png,0.11530133336782455,0.005952375940978527,0.2057652324438095,0.21829789876937866,0.177154541015625,0.1622161865234375
generated_image_0904.png,0.0510333776473999,0.003454743418842554,0.08773549646139145,0.08296716213226318,0.2270050048828125,0.2482706755399704
generated_image_0905.png,0.11602010577917099,0.007487147580832243,0.18805080652236938,0.1901078224182129,0.228485107421875,0.1868540495634079
generated_image_0906.png,0.07953041791915894,0.005673101171851158,0.13837747275829315,0.13099980354309082,0.260986328125,0.2543233335018158
generated_image_0907.png,0.06287515163421631,0.004571910016238689,0.09219440072774887,0.0834723711013794,0.2659149169921875,0.264404296875
generated_image_0908.png,0.10284686088562012,0.003106264164671302,0.1924034059047699,0.1866893768310547,0.128326416015625,0.1065877303481102
generated_image_0909.png,0.14659248292446136,0.006237905938178301,0.3112109899520874,0.31995701789855957,0.22088623046875,0.1403859555721283
generated_image_0910.png,0.09925641864538193,0.0030390911269932985,0.12006529420614243,0.11081308126449585,0.1128387451171875,0.1058095321059227
generated_image_0911.png,0.06759905815124512,0.0041085099801421165,0.10018765926361084,0.09265726804733276,0.20233154296875,0.2060648649930954
generated_image_0912.png,0.1489112824201584,0.010050594806671143,0.22903113067150116,0.22496622800827026,0.2553253173828125,0.1896871030330658
generated_image_0913.png,0.07693998515605927,0.005887736566364765,0.15065300464630127,0.14747530221939087,0.2891693115234375,0.269317626953125
generated_image_0914.png,0.0989801287651062,0.006411248352378607,0.1121082752943039,0.09448820352554321,0.1968231201171875,0.2025248259305954
generated_image_0915.png,0.11977513879537582,0.009916473180055618,0.1787179410457611,0.16997367143630981,0.2757110595703125,0.2375081479549408
generated_image_0916.png,0.1832660287618637,0.010502824559807777,0.4123847484588623,0.4045484662055969,0.175811767578125,0.2214813232421875
generated_image_0917.png,0.11759690940380096,0.009617546573281288,0.17991898953914642,0.1710425615310669,0.3126678466796875,0.2471364438533783
generated_image_0918.png,0.1888428032398224,0.00822386797517538,0.17680659890174866,0.11541086435317993,0.106719970703125,0.1079610213637352
generated_image_0919.png,0.21606644988059998,0.012576010078191757,0.2432153820991516,0.21675390005111694,0.2175445556640625,0.2104949951171875
generated_image_0920.png,0.07507660239934921,0.0058264476247131824,0.15196099877357483,0.1449097990989685,0.287689208984375,0.2782185971736908
generated_image_0921.png,0.1714484989643097,0.009970434010028839,0.2134552299976349,0.18580657243728638,0.205047607421875,0.160186767578125
generated_image_0922.png,0.09488948434591293,0.0046384395100176334,0.10668109357357025,0.0862574577331543,0.168914794921875,0.177978515625
generated_image_0923.png,0.11588941514492035,0.005430454853922129,0.1842086762189865,0.1834891438484192,0.1402435302734375,0.1540578305721283
generated_image_0924.png,0.13353794813156128,0.008908200077712536,0.21515175700187683,0.21126383543014526,0.24853515625,0.2143910825252533
generated_image_0925.png,0.11939096450805664,0.010437843389809132,0.11386923491954803,0.09605562686920166,0.437225341796875,0.3787638545036316
generated_image_0926.png,0.058473050594329834,0.0029021522495895624,0.09402310848236084,0.08653503656387329,0.21728515625,0.2154032438993454
generated_image_0927.png,0.14848870038986206,0.008186694234609604,0.19615495204925537,0.19012415409088135,0.1822509765625,0.151824951171875
generated_image_0928.png,0.11059153079986572,0.007766135036945343,0.15955474972724915,0.15319609642028809,0.2594757080078125,0.2292226254940033
generated_image_0929.png,0.2852514684200287,0.021758977323770523,0.4037656784057617,0.36376696825027466,0.348876953125,0.3158009946346283
generated_image_0930.png,0.45349740982055664,0.01166182104498148,0.3733196258544922,0.30461937189102173,0.0838165283203125,0.0721893310546875
generated_image_0931.png,0.09015526622533798,0.0042597525753080845,0.24815106391906738,0.25185954570770264,0.177490234375,0.147705078125
generated_image_0932.png,0.11913484334945679,0.008749624714255333,0.19548669457435608,0.2044774889945984,0.2369384765625,0.2099609375
generated_image_0933.png,0.11802016198635101,0.0060223424807190895,0.26219743490219116,0.26806795597076416,0.283721923828125,0.2041778564453125
generated_image_0934.png,0.1372988224029541,0.009681036695837975,0.21037113666534424,0.19557219743728638,0.2305908203125,0.23779296875
generated_image_0935.png,0.08202900737524033,0.006235730368643999,0.09598221629858017,0.08265984058380127,0.25439453125,0.2603403925895691
generated_image_0936.png,0.3495109975337982,0.013243362307548523,0.36421871185302734,0.3122788667678833,0.117706298828125,0.1276499480009079
generated_image_0937.png,0.07325325906276703,0.005905280355364084,0.06715159118175507,0.052625417709350586,0.257415771484375,0.2663370966911316
generated_image_0938.png,0.09123464673757553,0.007681725546717644,0.1320858597755432,0.11915028095245361,0.260498046875,0.2682240903377533
generated_image_0939.png,0.12425699084997177,0.007776059675961733,0.15443465113639832,0.13734495639801025,0.15948486328125,0.1899515837430954
generated_image_0940.png,0.09788592904806137,0.00848512165248394,0.12480585277080536,0.10617327690124512,0.238250732421875,0.2486928403377533
generated_image_0941.png,0.0711904764175415,0.003959669731557369,0.14872971177101135,0.1460731029510498,0.177459716796875,0.186614990234375
generated_image_0942.png,0.07760250568389893,0.004050659481436014,0.13012826442718506,0.12131863832473755,0.1938323974609375,0.1992391049861908
generated_image_0943.png,0.08016395568847656,0.006271103862673044,0.1118977889418602,0.10477453470230103,0.2382659912109375,0.2490997314453125
generated_image_0944.png,0.0942549929022789,0.006597592495381832,0.11799722909927368,0.10323846340179443,0.235565185546875,0.2177378386259079
generated_image_0945.png,0.30695217847824097,0.015098249539732933,0.37072810530662537,0.3392156958580017,0.1377410888671875,0.1704661101102829
generated_image_0946.png,0.1311628669500351,0.004122166894376278,0.1494981348514557,0.12321865558624268,0.083648681640625,0.0961354598402977
generated_image_0947.png,0.18714693188667297,0.009057989344000816,0.27740558981895447,0.2516523003578186,0.2001495361328125,0.139801025390625
generated_image_0948.png,0.08206953853368759,0.004389392677694559,0.15016701817512512,0.1454758644104004,0.194122314453125,0.1871897429227829
generated_image_0949.png,0.06601934134960175,0.004657934885472059,0.08271950483322144,0.073000967502594,0.2662811279296875,0.2508189082145691
generated_image_0950.png,0.05872917175292969,0.0036522825248539448,0.10748547315597534,0.10341298580169678,0.19989013671875,0.2195943295955658
generated_image_0951.png,0.04987112805247307,0.00331578915938735,0.06683540344238281,0.06076759099960327,0.255767822265625,0.261505126953125
generated_image_0952.png,0.7427706122398376,0.004858337342739105,0.8117095828056335,0.7742857336997986,0.009765625,0.024383544921875
generated_image_0953.png,0.21457014977931976,0.012041527777910233,0.33002692461013794,0.3040074110031128,0.238433837890625,0.2261912077665329
generated_image_0954.png,0.19854789972305298,0.0089617520570755,0.2762073576450348,0.23396748304367065,0.1394500732421875,0.1541849821805954
generated_image_0955.png,0.06347280740737915,0.004276318475604057,0.14020270109176636,0.13601458072662354,0.2313690185546875,0.2218780517578125
generated_image_0956.png,0.0556255578994751,0.0040629892610013485,0.06909400224685669,0.05864804983139038,0.254241943359375,0.2697398066520691
generated_image_0957.png,0.13982462882995605,0.008224600926041603,0.17251423001289368,0.14553439617156982,0.1850738525390625,0.1864827573299408
generated_image_0958.png,0.08461668342351913,0.0034559983760118484,0.09483020007610321,0.08701556921005249,0.1452484130859375,0.1392568051815033
generated_image_0959.png,0.05499762296676636,0.0038821622729301453,0.07803907245397568,0.07104641199111938,0.2371978759765625,0.2567240595817566
generated_image_0960.png,0.09777458757162094,0.005410616286098957,0.16262081265449524,0.15062648057937622,0.176239013671875,0.1690928190946579
generated_image_0961.png,0.06577181816101074,0.0038884407840669155,0.11914527416229248,0.11504584550857544,0.2711944580078125,0.2322336882352829
generated_image_0962.png,0.07299097627401352,0.002592023927718401,0.12258969247341156,0.12520480155944824,0.12774658203125,0.1258697509765625
generated_image_0963.png,0.10114872455596924,0.006116631906479597,0.17686527967453003,0.16563570499420166,0.2320556640625,0.2162882536649704
generated_image_0964.png,0.20071235299110413,0.00457897549495101,0.2243109941482544,0.18499010801315308,0.0850982666015625,0.0784962996840477
generated_image_0965.png,0.8583564162254333,0.001398727879859507,0.8217687606811523,0.9377990365028381,0.005340576171875,0.0051778159104287624
generated_image_0966.png,0.05523363873362541,0.0021614492870867252,0.12413134425878525,0.12089908123016357,0.1724090576171875,0.181640625
generated_image_0967.png,0.10187705606222153,0.004167079925537109,0.1126999482512474,0.09245115518569946,0.13238525390625,0.1426747739315033
generated_image_0968.png,0.1004384383559227,0.00572992954403162,0.1928350180387497,0.1931743621826172,0.215484619140625,0.1886138916015625
generated_image_0969.png,0.08871587365865707,0.006842238828539848,0.14123433828353882,0.13349688053131104,0.2882080078125,0.2736867368221283
generated_image_0970.png,0.12091527879238129,0.007921846583485603,0.1399524062871933,0.12660163640975952,0.1998138427734375,0.1994883269071579
generated_image_0971.png,0.09587123245000839,0.00601927749812603,0.1292375773191452,0.11175942420959473,0.1837005615234375,0.21441650390625
generated_image_0972.png,0.054363369941711426,0.002289736643433571,0.0867740735411644,0.08027315139770508,0.174041748046875,0.1828104704618454
generated_image_0973.png,0.11198266595602036,0.005763493478298187,0.22311589121818542,0.21744155883789062,0.28802490234375,0.2135721892118454
generated_image_0974.png,0.1420392394065857,0.008485984057188034,0.22489261627197266,0.20809590816497803,0.243377685546875,0.2150319516658783
generated_image_0975.png,0.09488948434591293,0.0046384395100176334,0.10668109357357025,0.0862574577331543,0.168914794921875,0.177978515625
generated_image_0976.png,0.14659248292446136,0.006237905938178301,0.3112109899520874,0.31995701789855957,0.22088623046875,0.1403859555721283
generated_image_0977.png,0.09015526622533798,0.0042597525753080845,0.24815106391906738,0.25185954570770264,0.177490234375,0.147705078125
generated_image_0978.png,0.0556255578994751,0.0040629892610013485,0.06909400224685669,0.05864804983139038,0.254241943359375,0.2697398066520691
generated_image_0979.png,0.3205442726612091,0.008387712761759758,0.31525343656539917,0.29727113246917725,0.0882720947265625,0.0742594450712204
generated_image_0980.png,0.12091527879238129,0.007921846583485603,0.1399524062871933,0.12660163640975952,0.1998138427734375,0.1994883269071579
generated_image_0981.png,0.05430601164698601,0.0022902083583176136,0.08673080056905746,0.08036595582962036,0.174041748046875,0.1828155517578125
generated_image_0982.png,0.12425699084997177,0.007776059675961733,0.15443465113639832,0.13734495639801025,0.15948486328125,0.1899515837430954
generated_image_0983.png,0.0942549929022789,0.006597592495381832,0.11799722909927368,0.10323846340179443,0.235565185546875,0.2177378386259079
generated_image_0984.png,0.08206953853368759,0.004389392677694559,0.15016701817512512,0.1454758644104004,0.194122314453125,0.1871897429227829
generated_image_0985.png,0.3495109975337982,0.013243362307548523,0.36421871185302734,0.3122788667678833,0.117706298828125,0.1276499480009079
generated_image_0986.png,0.11977513879537582,0.009916473180055618,0.1787179410457611,0.16997367143630981,0.2757110595703125,0.2375081479549408
generated_image_0987.png,0.21606644988059998,0.012576010078191757,0.2432153820991516,0.21675390005111694,0.2175445556640625,0.2104949951171875
generated_image_0988.png,0.1420583724975586,0.0084823127835989,0.2248569130897522,0.20817595720291138,0.243377685546875,0.2150370329618454
generated_image_0989.png,0.11588941514492035,0.005430454853922129,0.1842086762189865,0.1834891438484192,0.1402435302734375,0.1540578305721283
generated_image_0990.png,0.11602010577917099,0.007487147580832243,0.18805080652236938,0.1901078224182129,0.228485107421875,0.1868540495634079
generated_image_0991.png,0.0989801287651062,0.006411248352378607,0.1121082752943039,0.09448820352554321,0.1968231201171875,0.2025248259305954
generated_image_0992.png,0.09925641864538193,0.0030390911269932985,0.12006529420614243,0.11081308126449585,0.1128387451171875,0.1058095321059227
generated_image_0993.png,0.06577181816101074,0.0038884407840669155,0.11914527416229248,0.11504584550857544,0.2711944580078125,0.2322336882352829
generated_image_0994.png,0.07760250568389893,0.004050659481436014,0.13012826442718506,0.12131863832473755,0.1938323974609375,0.1992391049861908
generated_image_0995.png,0.07693998515605927,0.005887736566364765,0.15065300464630127,0.14747530221939087,0.2891693115234375,0.269317626953125
generated_image_0996.png,0.30695217847824097,0.015098249539732933,0.37072810530662537,0.3392156958580017,0.1377410888671875,0.1704661101102829
generated_image_0997.png,0.07325325906276703,0.005905280355364084,0.06715159118175507,0.052625417709350586,0.257415771484375,0.2663370966911316
generated_image_0998.png,0.1832660287618637,0.010502824559807777,0.4123847484588623,0.4045484662055969,0.175811767578125,0.2214813232421875
generated_image_0999.png,0.05872917175292969,0.0036522825248539448,0.10748547315597534,0.10341298580169678,0.19989013671875,0.2195943295955658
generated_image_1000.png,0.18714693188667297,0.009057985618710518,0.27740558981895447,0.2516523003578186,0.2001495361328125,0.139801025390625
generated_image_1001.png,0.11197324842214584,0.0057615372352302074,0.22310656309127808,0.2174045443534851,0.28802490234375,0.2135823667049408
generated_image_1002.png,0.06287515163421631,0.004571907687932253,0.09219440072774887,0.0834723711013794,0.2659149169921875,0.264404296875
